mes,id_estudiante,programa,edad,estrato,trabaja,promedio_anterior,horas_estudio_semana,asistencia_pct,nota_final
1,M01-001,Electrica,23,3,0,4.42,7.4,90.2,3.38
1,M01-002,Sistemas,27,3,1,3.52,9.5,93.4,3.47
1,M01-003,Sistemas,34,4,0,3.38,11.9,94.2,3.74
1,M01-004,Electrica,27,2,1,3.56,3.2,85.7,2.4
1,M01-005,Industrial,25,3,0,3.48,7.8,78.7,3.66
1,M01-006,Sistemas,32,2,0,4.08,12.2,80.4,3.9
1,M01-007,Electrica,22,3,0,4.1,3.6,63.4,2.89
1,M01-008,Sistemas,26,3,0,3.96,11.1,84.5,3.8
1,M01-009,Industrial,32,3,1,3.52,4.3,81.8,2.49
1,M01-010,Industrial,24,1,0,3.69,7.8,100.0,3.85
1,M01-011,Civil,28,3,0,4.15,9.9,59.4,3.43
1,M01-012,Civil,27,4,0,3.97,10.0,82.8,3.49
1,M01-013,Sistemas,34,3,0,3.77,16.2,73.1,3.58
1,M01-014,Sistemas,21,5,1,3.83,5.9,78.7,3.24
1,M01-015,Industrial,25,3,0,4.21,3.8,79.3,3.62
1,M01-016,Sistemas,26,4,1,3.49,8.3,100.0,3.02
1,M01-017,Sistemas,29,4,1,3.17,17.8,92.1,2.8
1,M01-018,Civil,29,4,0,3.5,12.8,87.7,3.42
1,M01-019,Electrica,29,6,1,4.57,1.9,81.0,3.3
1,M01-020,Industrial,33,4,0,3.28,22.0,65.0,3.85
1,M01-021,Industrial,30,5,0,4.25,8.6,86.1,3.78
1,M01-022,Civil,21,2,0,3.14,11.9,82.1,3.41
1,M01-023,Industrial,21,6,1,3.68,2.2,86.3,3.3
1,M01-024,Civil,25,5,0,3.98,16.6,79.3,3.85
1,M01-025,Civil,25,2,1,3.48,1.8,70.0,2.5
1,M01-026,Sistemas,25,3,0,3.36,21.2,96.1,3.97
1,M01-027,Sistemas,32,4,1,3.86,3.9,73.8,2.83
1,M01-028,Electrica,24,4,1,3.17,8.3,81.9,3.05
1,M01-029,Sistemas,32,1,1,4.19,8.7,85.3,3.74
1,M01-030,Sistemas,32,3,1,3.38,5.6,97.5,3.63
1,M01-031,Sistemas,27,3,0,3.9,9.2,86.4,3.89
1,M01-032,Industrial,25,1,0,3.38,8.0,88.5,3.3
1,M01-033,Sistemas,33,3,0,3.61,9.5,94.4,3.15
1,M01-034,Industrial,23,4,0,3.6,7.0,96.9,3.9
1,M01-035,Industrial,29,4,1,4.13,3.7,71.7,3.05
1,M01-036,Sistemas,28,6,0,3.94,3.1,87.4,3.43
1,M01-037,Sistemas,33,3,0,3.11,7.9,98.8,4.18
1,M01-038,Industrial,29,1,0,2.97,6.5,72.7,2.71
1,M01-039,Sistemas,27,4,1,3.1,7.4,85.4,3.1
1,M01-040,Industrial,32,3,1,3.26,2.9,49.7,2.26
1,M01-041,Industrial,25,2,0,4.16,6.7,85.5,4.09
1,M01-042,Sistemas,30,4,0,3.74,9.2,81.2,3.79
1,M01-043,Industrial,28,3,1,4.19,1.8,84.7,3.62
1,M01-044,Sistemas,27,3,0,3.28,7.9,88.3,2.88
1,M01-045,Industrial,21,3,1,3.52,13.0,79.3,3.57
1,M01-046,Sistemas,27,4,1,3.44,1.9,88.4,2.93
1,M01-047,Industrial,22,3,1,2.92,27.0,74.6,3.9
1,M01-048,Civil,29,2,0,4.24,13.0,76.4,3.46
1,M01-049,Sistemas,38,4,0,3.13,7.7,70.9,3.06
1,M01-050,Sistemas,26,1,1,3.06,7.0,80.9,2.9
1,M01-051,Sistemas,31,5,0,3.8,1.4,100.0,3.66
1,M01-052,Industrial,32,2,1,4.15,2.6,86.0,3.64
1,M01-053,Industrial,22,4,0,4.04,5.2,87.5,3.23
1,M01-054,Sistemas,30,4,0,3.9,19.6,67.5,3.54
1,M01-055,Sistemas,26,1,1,4.39,3.5,89.6,4.17
1,M01-056,Electrica,25,3,1,3.37,4.6,93.0,2.75
1,M01-057,Industrial,31,4,1,2.85,4.2,74.9,2.91
1,M01-058,Industrial,24,4,0,3.92,7.1,75.7,4.02
1,M01-059,Electrica,25,2,0,3.49,6.3,72.1,3.46
1,M01-060,Electrica,30,5,0,3.96,8.9,71.7,4.01
1,M01-061,Civil,33,3,0,4.57,5.7,88.5,3.88
1,M01-062,Sistemas,27,4,0,4.17,6.1,94.4,3.85
1,M01-063,Sistemas,30,2,0,3.82,4.7,89.0,3.74
1,M01-064,Sistemas,21,3,1,3.39,9.2,94.1,3.08
1,M01-065,Sistemas,27,5,0,4.19,12.3,85.7,3.81
1,M01-066,Industrial,29,3,1,4.17,22.4,76.9,4.16
1,M01-067,Industrial,23,4,0,4.05,4.7,82.9,2.89
1,M01-068,Civil,30,1,1,3.79,1.5,79.1,3.15
1,M01-069,Electrica,28,2,1,3.23,25.8,99.8,4.12
1,M01-070,Industrial,28,2,1,3.8,0.5,85.4,3.48
1,M01-071,Sistemas,32,4,1,4.28,2.9,87.1,3.55
1,M01-072,Industrial,33,5,0,3.33,11.1,100.0,4.23
1,M01-073,Civil,22,4,0,3.97,10.6,79.0,4.11
1,M01-074,Civil,24,2,1,4.64,0.5,100.0,3.81
1,M01-075,Electrica,29,3,0,4.0,12.8,77.4,4.32
1,M01-076,Electrica,26,2,0,3.97,10.8,93.0,3.46
1,M01-077,Electrica,36,4,0,3.76,13.3,99.4,4.37
1,M01-078,Electrica,32,3,1,4.04,9.5,81.9,3.54
1,M01-079,Industrial,23,6,0,5.0,8.7,91.2,4.03
1,M01-080,Industrial,24,3,1,3.33,1.0,76.5,2.18
1,M01-081,Sistemas,21,3,0,3.35,22.1,81.8,4.33
1,M01-082,Industrial,29,6,1,3.83,0.5,82.0,3.02
1,M01-083,Civil,24,4,1,3.2,3.4,77.3,2.49
1,M01-084,Industrial,24,2,0,3.28,8.4,85.2,2.52
1,M01-085,Electrica,21,3,0,3.2,2.2,88.6,2.91
1,M01-086,Industrial,31,2,0,3.68,15.0,91.9,4.15
1,M01-087,Industrial,24,3,0,2.69,9.5,87.5,2.62
1,M01-088,Electrica,23,3,1,3.33,3.1,69.9,2.43
1,M01-089,Electrica,21,2,1,3.11,3.1,78.9,2.25
1,M01-090,Sistemas,29,2,1,3.46,7.9,73.7,3.39
1,M01-091,Civil,28,4,0,3.88,4.0,88.7,3.45
1,M01-092,Sistemas,30,4,1,3.87,5.8,86.3,3.15
1,M01-093,Electrica,33,3,0,3.7,11.9,90.4,3.39
1,M01-094,Sistemas,28,2,0,3.92,8.0,87.5,4.33
1,M01-095,Sistemas,25,4,0,3.51,20.6,89.9,3.91
1,M01-096,Civil,21,2,0,3.61,7.6,80.2,3.69
1,M01-097,Electrica,27,2,0,3.29,4.5,100.0,3.58
1,M01-098,Sistemas,29,4,1,3.72,3.0,90.4,2.99
1,M01-099,Electrica,28,4,0,3.49,7.3,79.4,3.5
1,M01-100,Electrica,21,2,0,2.85,4.6,84.7,2.79
1,M01-101,Sistemas,33,4,1,3.66,10.3,84.1,3.07
1,M01-102,Civil,30,3,1,4.73,4.1,83.9,3.43
1,M01-103,Civil,25,3,1,2.9,6.2,80.1,2.61
1,M01-104,Sistemas,26,1,0,3.68,11.3,75.9,4.01
1,M01-105,Electrica,21,3,1,2.79,3.7,89.3,2.43
1,M01-106,Sistemas,28,2,0,4.4,11.2,90.4,4.23
1,M01-107,Sistemas,25,3,0,4.55,9.0,83.4,4.41
1,M01-108,Electrica,22,6,0,4.17,14.8,82.6,4.53
1,M01-109,Civil,36,3,0,4.36,2.6,77.0,3.12
1,M01-110,Industrial,34,5,1,3.56,11.0,65.5,4.11
1,M01-111,Sistemas,30,6,1,3.32,11.8,80.7,3.57
1,M01-112,Sistemas,27,3,0,3.0,11.4,100.0,3.32
1,M01-113,Industrial,21,5,1,3.62,2.8,88.7,3.15
1,M01-114,Industrial,27,3,1,4.08,8.9,82.1,4.03
1,M01-115,Civil,29,4,1,3.86,9.5,88.7,3.26
1,M01-116,Electrica,27,4,0,3.54,12.2,86.1,3.57
1,M01-117,Civil,27,1,1,4.46,6.8,66.8,3.31
1,M01-118,Electrica,28,4,0,3.03,6.9,68.0,2.37
1,M01-119,Industrial,22,3,1,3.25,0.5,89.7,2.53
1,M01-120,Civil,31,1,0,4.1,6.2,76.4,3.5
1,M01-121,Industrial,32,3,0,2.73,17.0,93.2,3.09
1,M01-122,Industrial,25,1,0,3.03,14.3,85.1,3.42
1,M01-123,Electrica,24,3,1,3.58,0.5,84.0,2.83
1,M01-124,Electrica,37,3,1,3.94,6.9,79.4,3.21
1,M01-125,Industrial,32,6,0,3.94,6.7,100.0,3.98
1,M01-126,Industrial,21,4,0,4.22,15.2,87.5,3.86
1,M01-127,Civil,27,5,1,3.9,10.3,77.5,3.65
1,M01-128,Industrial,22,6,0,3.19,8.4,94.0,2.13
1,M01-129,Industrial,23,4,0,3.45,9.3,96.3,4.34
1,M01-130,Civil,24,6,1,3.43,0.5,82.9,2.69
1,M01-131,Civil,27,1,1,4.04,15.9,75.1,3.65
1,M01-132,Electrica,26,4,0,3.98,11.6,68.2,3.92
1,M01-133,Industrial,21,2,1,3.43,3.5,83.9,2.81
1,M01-134,Sistemas,22,3,1,2.84,19.1,75.2,3.19
1,M01-135,Sistemas,21,3,0,3.74,9.6,82.5,3.59
1,M01-136,Sistemas,27,5,0,2.92,14.5,90.0,3.66
1,M01-137,Sistemas,28,3,0,3.13,11.7,89.9,3.02
1,M01-138,Electrica,31,3,1,3.72,4.0,97.2,3.48
1,M01-139,Sistemas,31,4,0,3.76,23.7,85.6,4.27
1,M01-140,Sistemas,27,4,0,3.28,13.0,75.6,3.63
1,M01-141,Industrial,25,3,1,3.65,8.7,88.0,3.04
1,M01-142,Industrial,37,3,0,3.81,16.2,100.0,3.8
1,M01-143,Sistemas,23,3,0,4.48,2.2,87.8,3.67
1,M01-144,Sistemas,21,4,0,4.0,10.9,70.0,3.32
1,M01-145,Civil,25,2,1,3.29,8.3,71.1,2.69
1,M01-146,Industrial,28,3,0,3.42,7.3,89.3,3.63
1,M01-147,Civil,33,3,0,3.79,5.1,100.0,3.83
1,M01-148,Sistemas,25,3,0,4.04,12.7,93.9,3.88
1,M01-149,Electrica,21,2,0,3.63,8.6,94.8,3.53
1,M01-150,Sistemas,30,4,0,3.59,6.9,88.7,3.57
1,M01-151,Industrial,25,3,1,4.33,7.4,61.1,3.11
1,M01-152,Electrica,22,3,0,3.66,9.2,87.9,2.99
1,M01-153,Sistemas,23,2,0,2.69,13.1,83.1,2.79
1,M01-154,Sistemas,28,5,1,4.96,4.2,63.4,4.01
1,M01-155,Industrial,21,5,1,3.48,9.7,84.2,3.84
1,M01-156,Industrial,34,2,0,3.42,13.9,89.1,3.85
1,M01-157,Industrial,26,5,1,3.82,7.8,77.7,2.82
1,M01-158,Electrica,27,3,0,3.7,5.4,86.6,3.51
1,M01-159,Electrica,32,2,0,4.04,7.5,94.7,3.95
1,M01-160,Industrial,24,5,1,3.69,7.9,64.8,3.22
1,M01-161,Electrica,27,4,0,3.96,5.2,84.9,4.14
1,M01-162,Civil,27,3,0,3.27,3.3,74.9,3.26
1,M01-163,Civil,29,3,0,2.53,14.3,91.1,3.65
1,M01-164,Sistemas,38,2,0,3.83,8.0,68.7,3.18
1,M01-165,Sistemas,22,2,0,3.14,10.0,89.7,3.23
1,M01-166,Civil,27,3,1,2.89,1.1,77.2,2.35
1,M01-167,Sistemas,37,4,0,3.72,12.1,80.5,4.0
1,M01-168,Electrica,23,4,1,3.71,7.9,87.5,3.32
1,M01-169,Sistemas,34,3,0,3.88,5.5,96.9,3.89
1,M01-170,Sistemas,27,4,1,4.15,4.7,88.9,3.81
1,M01-171,Industrial,32,3,0,3.55,8.3,85.9,3.6
1,M01-172,Sistemas,30,1,0,2.87,4.8,100.0,3.66
1,M01-173,Sistemas,28,4,1,4.02,17.8,77.4,3.88
1,M01-174,Civil,23,4,0,3.94,4.4,93.6,3.81
1,M01-175,Sistemas,26,3,1,3.13,0.5,78.3,2.18
1,M01-176,Sistemas,30,2,0,4.55,11.3,73.7,4.12
1,M01-177,Sistemas,25,6,0,3.25,8.7,89.3,3.64
1,M01-178,Sistemas,22,3,0,4.13,11.9,81.8,4.54
1,M01-179,Industrial,23,4,0,3.98,6.3,90.3,3.76
1,M01-180,Electrica,33,2,1,3.16,5.4,92.3,3.37
1,M01-181,Electrica,34,4,1,3.41,8.3,89.8,3.83
1,M01-182,Sistemas,24,1,1,3.94,17.3,89.7,4.02
1,M01-183,Electrica,27,1,1,4.15,10.2,96.0,4.28
1,M01-184,Industrial,33,4,0,3.31,3.3,80.7,3.51
1,M01-185,Sistemas,28,6,1,3.34,4.7,75.4,2.73
1,M01-186,Industrial,27,3,0,3.03,8.0,96.1,3.5
1,M01-187,Sistemas,30,2,1,4.26,10.7,87.6,3.2
1,M01-188,Sistemas,22,3,0,4.07,16.5,79.6,3.48
1,M01-189,Sistemas,24,2,0,3.59,6.2,78.6,2.87
1,M01-190,Sistemas,30,1,1,3.03,0.5,81.0,2.54
1,M01-191,Sistemas,28,5,0,3.56,4.3,100.0,3.64
1,M01-192,Industrial,29,2,1,3.64,9.3,71.5,2.56
1,M01-193,Civil,27,4,1,3.88,14.0,73.8,3.53
1,M01-194,Industrial,21,4,1,2.78,4.8,74.1,2.38
1,M01-195,Electrica,29,4,1,3.99,11.6,62.7,2.99
1,M01-196,Civil,33,3,0,3.51,3.1,98.8,3.17
1,M01-197,Industrial,29,3,0,4.12,6.0,93.5,4.12
1,M01-198,Sistemas,30,2,0,3.91,6.1,78.2,3.48
1,M01-199,Sistemas,23,4,1,3.15,7.1,83.3,3.24
1,M01-200,Electrica,26,5,1,3.65,28.2,85.2,4.67
1,M01-201,Industrial,25,5,0,3.41,16.4,86.1,4.02
1,M01-202,Industrial,25,3,0,3.74,5.8,74.4,3.27
1,M01-203,Electrica,24,5,1,3.25,11.1,93.3,3.4
1,M01-204,Sistemas,30,5,0,3.42,8.2,85.1,3.0
1,M01-205,Civil,29,5,0,3.41,5.3,95.8,3.75
1,M01-206,Electrica,31,5,0,2.78,12.1,74.7,3.7
1,M01-207,Industrial,35,3,0,3.86,14.3,68.2,3.36
1,M01-208,Electrica,28,3,0,4.55,14.4,94.8,4.1
1,M01-209,Industrial,29,3,0,3.44,10.3,71.7,3.33
1,M01-210,Industrial,28,3,1,3.85,5.7,81.6,2.78
1,M01-211,Industrial,21,6,0,3.45,15.5,77.8,3.9
1,M01-212,Sistemas,22,1,0,2.46,12.5,89.9,2.61
1,M01-213,Electrica,29,2,1,3.18,0.6,68.3,3.2
1,M01-214,Civil,25,6,1,4.42,13.8,85.0,4.75
1,M01-215,Industrial,27,1,1,4.7,2.3,100.0,4.02
1,M01-216,Sistemas,21,2,1,3.64,0.9,80.0,2.65
1,M01-217,Industrial,28,4,0,3.25,12.3,98.7,4.05
1,M01-218,Industrial,26,2,1,4.03,2.2,93.7,3.14
1,M01-219,Sistemas,28,2,1,3.2,2.7,76.1,2.27
1,M01-220,Industrial,28,4,0,3.79,9.7,92.6,3.06
1,M01-221,Sistemas,21,3,1,3.65,2.1,78.1,2.56
1,M01-222,Electrica,32,2,0,3.28,7.7,82.3,3.75
1,M01-223,Industrial,21,3,0,3.93,7.2,92.3,4.21
1,M01-224,Electrica,26,5,0,3.62,10.8,88.3,3.87
1,M01-225,Sistemas,25,5,0,4.49,9.1,91.5,4.13
1,M01-226,Sistemas,32,4,0,4.19,4.1,82.8,3.07
1,M01-227,Electrica,27,2,0,3.69,8.2,90.5,3.37
1,M01-228,Industrial,31,3,1,3.03,6.9,88.8,2.69
1,M01-229,Electrica,28,3,1,3.18,19.5,81.4,3.5
1,M01-230,Sistemas,27,3,0,4.16,5.7,91.9,3.42
1,M01-231,Sistemas,23,1,1,4.03,0.5,62.1,3.09
1,M01-232,Civil,25,3,0,3.11,7.9,89.8,2.95
1,M01-233,Sistemas,27,2,0,3.67,3.4,63.9,2.81
1,M01-234,Industrial,28,1,0,3.28,7.5,80.0,3.39
1,M01-235,Sistemas,24,6,1,3.1,8.7,81.8,3.09
1,M01-236,Sistemas,33,6,0,2.83,12.7,82.7,3.6
1,M01-237,Sistemas,28,2,0,3.58,9.4,73.8,3.12
1,M01-238,Electrica,22,3,1,3.62,7.8,84.0,3.53
1,M01-239,Sistemas,34,4,1,3.46,10.0,89.3,2.71
1,M01-240,Sistemas,21,3,1,3.05,18.0,75.8,3.25
1,M01-241,Industrial,29,3,1,3.78,7.1,86.3,2.94
1,M01-242,Civil,25,4,0,3.37,11.0,100.0,3.59
1,M01-243,Civil,34,5,0,3.98,16.1,80.3,4.55
1,M01-244,Industrial,31,4,1,3.75,6.3,72.9,2.3
1,M01-245,Electrica,22,4,1,3.43,1.2,96.1,3.34
1,M01-246,Sistemas,32,2,0,4.08,7.4,99.6,4.31
1,M01-247,Sistemas,21,3,0,3.29,7.1,92.0,3.13
1,M01-248,Sistemas,31,3,0,3.31,11.5,71.1,3.02
1,M01-249,Sistemas,27,3,1,3.67,7.9,100.0,3.54
1,M01-250,Sistemas,23,2,1,4.0,3.6,80.6,2.53
1,M01-251,Industrial,31,3,0,3.56,5.1,92.4,3.82
1,M01-252,Sistemas,31,2,0,3.7,6.4,85.5,4.09
1,M01-253,Industrial,28,2,0,3.78,4.9,82.8,3.09
1,M01-254,Industrial,28,4,0,3.49,1.7,73.3,2.71
1,M01-255,Sistemas,29,2,1,3.77,0.5,69.5,2.97
1,M01-256,Civil,25,2,0,3.75,4.6,78.4,3.01
1,M01-257,Industrial,30,3,1,2.85,2.8,72.7,2.1
1,M01-258,Sistemas,21,2,0,4.27,18.2,73.8,4.57
1,M01-259,Industrial,21,2,0,4.34,15.9,83.5,4.32
1,M01-260,Industrial,29,3,1,3.72,7.0,87.5,3.52
1,M01-261,Industrial,29,3,0,4.15,7.6,83.3,4.27
1,M01-262,Electrica,24,1,0,3.72,15.6,86.2,3.65
1,M01-263,Industrial,22,3,1,4.03,6.8,95.5,3.63
1,M01-264,Sistemas,33,3,1,4.13,10.1,57.7,2.97
1,M01-265,Civil,25,5,1,3.46,7.5,82.2,3.44
1,M01-266,Industrial,24,3,0,3.88,6.5,93.7,3.6
1,M01-267,Sistemas,23,6,1,4.32,7.4,81.1,3.67
1,M01-268,Sistemas,31,1,0,4.18,6.3,67.5,4.02
1,M01-269,Industrial,21,3,0,4.39,6.6,78.9,3.28
1,M01-270,Industrial,26,3,1,4.36,3.0,81.0,3.51
1,M01-271,Civil,24,5,1,3.95,9.2,75.2,3.02
1,M01-272,Sistemas,26,5,0,3.22,9.9,89.9,3.55
1,M01-273,Electrica,30,3,0,3.96,12.4,82.1,3.23
1,M01-274,Civil,25,3,1,4.11,6.7,70.0,3.15
1,M01-275,Sistemas,26,4,0,4.08,3.7,78.8,3.29
1,M01-276,Electrica,21,2,1,3.39,4.4,68.7,3.15
1,M01-277,Sistemas,25,1,1,4.03,4.1,78.6,3.36
1,M01-278,Industrial,22,5,0,3.4,7.5,92.2,2.96
1,M01-279,Sistemas,28,4,1,4.02,7.1,76.7,3.11
1,M01-280,Sistemas,26,2,1,4.59,9.1,83.2,4.27
1,M01-281,Sistemas,25,3,0,3.21,15.1,81.1,3.45
1,M01-282,Electrica,28,1,0,3.48,8.3,86.3,3.47
1,M01-283,Industrial,23,3,0,3.7,5.0,86.6,3.19
1,M01-284,Electrica,22,3,1,4.29,20.6,64.6,4.44
1,M01-285,Sistemas,21,4,0,5.0,5.9,94.8,4.69
1,M01-286,Sistemas,27,3,0,3.9,4.5,97.5,4.36
1,M01-287,Sistemas,27,2,1,3.72,7.0,72.6,2.88
1,M01-288,Sistemas,27,5,0,3.59,7.2,79.8,3.11
1,M01-289,Electrica,24,4,0,2.77,20.0,81.8,3.62
1,M01-290,Civil,32,2,0,3.66,4.9,72.9,3.05
1,M01-291,Sistemas,24,2,0,3.73,17.6,76.0,3.41
1,M01-292,Sistemas,35,5,1,4.32,5.9,75.1,3.78
1,M01-293,Sistemas,26,2,1,2.66,1.8,65.3,2.48
1,M01-294,Sistemas,23,4,0,3.62,4.2,77.6,2.67
1,M01-295,Industrial,25,5,0,3.76,17.1,93.6,3.98
1,M01-296,Electrica,27,3,1,3.06,8.8,77.3,3.26
1,M01-297,Sistemas,29,6,1,4.25,7.7,74.0,2.73
1,M01-298,Industrial,35,2,1,3.74,0.5,77.8,2.87
1,M01-299,Civil,28,3,0,3.94,12.0,100.0,4.12
1,M01-300,Civil,30,2,1,3.58,2.9,86.3,2.74
2,M02-001,Sistemas,31,3,0,3.65,7.7,86.1,3.32
2,M02-002,Sistemas,21,2,0,3.41,16.5,100.0,3.18
2,M02-003,Industrial,28,2,0,3.8,13.0,88.3,3.56
2,M02-004,Civil,26,5,0,3.09,19.6,96.1,4.35
2,M02-005,Sistemas,29,2,1,3.38,18.8,74.2,3.94
2,M02-006,Civil,21,4,1,3.37,1.2,80.8,2.62
2,M02-007,Sistemas,30,4,0,3.66,4.9,72.6,3.71
2,M02-008,Sistemas,34,5,0,3.4,2.5,87.1,3.21
2,M02-009,Electrica,21,3,0,3.65,11.8,79.9,3.89
2,M02-010,Industrial,31,2,0,2.96,14.3,96.6,3.53
2,M02-011,Civil,35,2,0,3.02,10.2,91.7,3.01
2,M02-012,Industrial,31,1,1,3.77,6.6,85.2,3.23
2,M02-013,Civil,27,4,0,3.55,12.8,96.6,4.3
2,M02-014,Civil,28,4,0,3.23,5.0,82.2,2.93
2,M02-015,Electrica,25,4,1,3.69,0.5,58.9,1.65
2,M02-016,Sistemas,28,2,0,3.72,7.7,69.6,3.46
2,M02-017,Electrica,22,3,1,4.02,8.4,79.3,3.27
2,M02-018,Civil,27,1,0,3.77,4.7,73.6,2.34
2,M02-019,Industrial,23,3,1,3.25,19.2,72.1,3.38
2,M02-020,Sistemas,21,3,1,3.61,9.0,73.4,3.06
2,M02-021,Sistemas,34,3,0,4.06,11.4,87.2,3.91
2,M02-022,Electrica,21,5,0,3.85,9.0,60.0,3.55
2,M02-023,Sistemas,35,6,0,3.31,8.6,90.7,3.25
2,M02-024,Industrial,21,3,0,4.12,15.4,90.0,4.26
2,M02-025,Sistemas,31,3,0,3.27,9.6,84.1,3.0
2,M02-026,Sistemas,28,5,1,3.5,1.5,77.6,2.32
2,M02-027,Civil,21,1,0,2.78,8.7,100.0,3.15
2,M02-028,Sistemas,25,4,0,3.63,30.0,85.2,4.49
2,M02-029,Electrica,22,2,0,3.73,6.6,62.4,2.98
2,M02-030,Electrica,23,2,0,3.49,3.2,96.5,2.92
2,M02-031,Sistemas,31,5,0,3.58,9.9,74.3,3.41
2,M02-032,Sistemas,22,2,1,3.26,2.0,79.2,2.11
2,M02-033,Electrica,21,3,1,3.82,5.6,93.4,3.05
2,M02-034,Industrial,32,3,0,3.35,3.6,75.9,2.63
2,M02-035,Sistemas,29,2,0,3.84,8.7,82.1,4.12
2,M02-036,Sistemas,27,3,0,3.78,4.1,90.7,3.56
2,M02-037,Civil,26,4,0,3.63,9.9,83.0,3.58
2,M02-038,Industrial,30,4,0,3.74,9.3,91.5,4.28
2,M02-039,Industrial,29,1,1,3.73,5.4,74.3,2.53
2,M02-040,Sistemas,26,3,0,3.54,2.5,80.9,3.19
2,M02-041,Civil,24,4,1,2.94,4.2,78.4,2.93
2,M02-042,Sistemas,32,2,0,4.34,8.8,83.7,3.88
2,M02-043,Electrica,34,4,0,4.63,10.1,88.9,4.09
2,M02-044,Civil,29,3,1,3.75,6.6,87.5,3.12
2,M02-045,Sistemas,41,4,0,3.3,8.2,97.1,3.51
2,M02-046,Civil,28,2,0,3.74,8.3,73.4,3.5
2,M02-047,Civil,28,6,0,3.04,8.0,81.9,2.92
2,M02-048,Industrial,34,3,0,3.89,5.3,85.6,3.89
2,M02-049,Electrica,28,5,0,4.37,11.8,94.6,4.66
2,M02-050,Sistemas,28,2,0,3.87,11.8,93.2,4.15
2,M02-051,Electrica,25,4,0,3.89,9.8,76.5,3.01
2,M02-052,Industrial,29,3,0,2.78,10.0,100.0,3.24
2,M02-053,Sistemas,21,3,0,3.5,10.3,84.0,3.44
2,M02-054,Electrica,24,4,1,3.08,1.2,100.0,2.27
2,M02-055,Sistemas,22,3,0,4.41,6.8,78.4,3.96
2,M02-056,Electrica,21,5,0,3.62,3.9,80.3,2.78
2,M02-057,Civil,32,1,1,3.52,1.7,93.6,3.21
2,M02-058,Sistemas,25,1,0,3.91,17.4,81.7,4.45
2,M02-059,Sistemas,23,2,0,4.14,1.8,86.4,3.42
2,M02-060,Sistemas,29,4,0,3.95,9.1,96.1,4.41
2,M02-061,Industrial,21,3,1,3.34,5.0,84.8,2.47
2,M02-062,Electrica,31,4,1,3.84,2.7,98.4,3.81
2,M02-063,Industrial,33,6,0,3.92,7.1,80.0,3.62
2,M02-064,Electrica,21,3,0,3.54,10.4,87.8,3.51
2,M02-065,Civil,32,4,0,4.0,4.5,79.6,3.37
2,M02-066,Sistemas,28,2,1,3.35,6.7,86.7,3.59
2,M02-067,Electrica,32,4,1,3.94,10.3,88.6,3.63
2,M02-068,Industrial,28,2,0,4.2,11.5,90.6,3.97
2,M02-069,Industrial,23,6,1,3.89,0.5,70.3,3.64
2,M02-070,Industrial,21,5,0,3.3,6.1,90.5,3.28
2,M02-071,Sistemas,22,4,0,3.91,13.5,77.1,4.66
2,M02-072,Sistemas,25,2,0,4.09,4.8,79.3,3.46
2,M02-073,Sistemas,32,5,1,4.02,6.4,75.9,3.49
2,M02-074,Industrial,30,4,0,3.29,10.5,86.9,3.08
2,M02-075,Sistemas,28,3,0,3.69,10.5,90.0,3.43
2,M02-076,Sistemas,34,2,0,3.74,15.3,79.1,3.82
2,M02-077,Sistemas,21,4,1,5.0,11.2,77.5,3.64
2,M02-078,Electrica,22,5,0,4.03,4.1,100.0,3.47
2,M02-079,Electrica,22,3,0,3.61,7.6,84.1,3.08
2,M02-080,Electrica,27,2,1,4.25,2.2,83.2,3.12
2,M02-081,Electrica,21,2,0,3.62,9.8,79.6,3.86
2,M02-082,Sistemas,24,4,1,3.72,3.4,99.8,3.14
2,M02-083,Electrica,33,2,0,4.46,10.0,79.3,3.9
2,M02-084,Industrial,32,4,1,4.31,3.5,77.8,3.02
2,M02-085,Civil,34,4,0,3.88,11.7,82.8,3.96
2,M02-086,Sistemas,24,1,1,3.39,5.8,77.0,2.97
2,M02-087,Sistemas,22,3,0,2.37,2.5,92.7,2.98
2,M02-088,Electrica,28,3,0,3.78,6.1,82.7,3.59
2,M02-089,Industrial,23,3,0,3.3,8.7,90.9,3.68
2,M02-090,Industrial,27,2,0,4.21,6.2,100.0,4.0
2,M02-091,Electrica,26,2,0,4.25,5.6,75.3,4.15
2,M02-092,Sistemas,29,4,0,3.15,9.5,81.0,2.71
2,M02-093,Industrial,34,4,0,3.13,9.0,76.2,3.26
2,M02-094,Electrica,33,3,0,3.52,7.7,85.3,3.05
2,M02-095,Industrial,31,1,1,3.77,21.6,74.1,3.42
2,M02-096,Civil,26,5,1,4.14,5.4,83.5,3.36
2,M02-097,Civil,30,2,0,3.11,11.6,54.9,2.67
2,M02-098,Sistemas,25,2,0,2.73,7.7,93.2,3.27
2,M02-099,Electrica,23,3,1,3.55,9.0,72.6,3.19
2,M02-100,Industrial,21,5,1,3.45,0.5,80.7,2.4
2,M02-101,Sistemas,24,2,0,3.62,7.8,65.9,2.98
2,M02-102,Sistemas,29,3,0,4.32,8.5,95.1,4.29
2,M02-103,Electrica,30,3,1,3.43,4.1,59.7,2.67
2,M02-104,Electrica,27,4,0,4.13,11.9,72.2,4.28
2,M02-105,Sistemas,30,5,0,3.56,17.1,85.9,3.69
2,M02-106,Electrica,25,2,0,3.88,14.4,74.7,4.67
2,M02-107,Sistemas,35,4,0,4.06,13.2,77.1,3.7
2,M02-108,Sistemas,28,6,1,3.61,7.1,96.3,2.55
2,M02-109,Sistemas,26,4,1,2.92,4.5,81.7,2.63
2,M02-110,Sistemas,30,3,1,3.19,3.6,74.1,3.2
2,M02-111,Industrial,26,2,0,3.57,8.1,78.4,3.11
2,M02-112,Sistemas,29,2,1,2.95,9.3,84.2,2.42
2,M02-113,Industrial,34,2,0,3.02,30.0,90.2,3.56
2,M02-114,Electrica,23,3,1,3.4,5.1,74.5,2.41
2,M02-115,Industrial,26,5,1,3.17,3.6,59.6,2.35
2,M02-116,Industrial,26,1,0,3.98,4.9,77.1,3.42
2,M02-117,Electrica,27,4,1,3.97,1.3,54.7,2.86
2,M02-118,Electrica,36,2,0,2.46,8.0,73.6,3.1
2,M02-119,Sistemas,31,3,0,3.91,7.3,88.2,3.29
2,M02-120,Industrial,33,3,0,3.29,4.9,95.8,3.48
2,M02-121,Industrial,21,2,1,3.54,8.4,88.6,3.2
2,M02-122,Sistemas,30,3,0,4.28,4.5,88.3,4.24
2,M02-123,Sistemas,29,5,1,3.7,8.3,86.0,3.42
2,M02-124,Sistemas,30,5,0,3.51,8.6,69.8,3.4
2,M02-125,Sistemas,27,3,1,3.25,10.5,82.8,3.25
2,M02-126,Civil,24,4,0,3.71,5.2,67.3,2.92
2,M02-127,Civil,31,3,0,3.91,8.1,74.2,3.2
2,M02-128,Electrica,26,3,0,4.04,12.6,85.2,3.97
2,M02-129,Electrica,27,2,1,3.43,9.8,96.8,3.0
2,M02-130,Civil,25,6,1,4.57,3.6,72.6,3.99
2,M02-131,Sistemas,26,1,0,3.62,10.2,75.5,2.99
2,M02-132,Industrial,30,3,1,4.51,5.3,83.3,3.69
2,M02-133,Sistemas,31,1,1,3.72,9.8,84.9,3.49
2,M02-134,Sistemas,27,3,1,4.46,2.5,67.7,3.09
2,M02-135,Sistemas,28,3,0,4.44,3.7,85.7,3.61
2,M02-136,Civil,26,1,1,3.31,10.7,71.5,3.11
2,M02-137,Industrial,31,1,0,3.61,20.5,90.8,4.53
2,M02-138,Electrica,25,2,0,3.6,11.7,88.1,3.75
2,M02-139,Civil,26,6,1,4.03,3.6,79.6,3.31
2,M02-140,Sistemas,28,2,1,3.28,8.5,77.5,2.99
2,M02-141,Civil,25,2,0,3.15,9.9,88.4,4.25
2,M02-142,Industrial,29,5,0,5.0,16.8,76.8,4.3
2,M02-143,Sistemas,35,5,0,4.04,7.3,100.0,3.04
2,M02-144,Civil,27,3,0,4.25,8.0,100.0,4.51
2,M02-145,Sistemas,34,3,0,3.8,16.6,93.0,4.56
2,M02-146,Civil,32,3,0,3.87,6.6,75.7,3.56
2,M02-147,Sistemas,28,2,1,4.06,4.6,95.2,2.96
2,M02-148,Industrial,30,3,1,3.85,6.6,66.8,3.59
2,M02-149,Industrial,34,2,0,3.61,11.8,92.1,4.04
2,M02-150,Sistemas,23,1,1,3.57,0.5,86.7,3.07
2,M02-151,Industrial,31,2,0,4.37,8.6,87.8,4.46
2,M02-152,Civil,33,4,0,3.38,6.8,94.7,3.17
2,M02-153,Sistemas,24,5,0,4.02,5.9,99.3,3.38
2,M02-154,Sistemas,33,3,0,3.75,6.2,75.1,3.39
2,M02-155,Industrial,30,4,1,3.6,16.1,90.2,3.7
2,M02-156,Sistemas,24,5,1,4.1,0.5,73.5,2.77
2,M02-157,Electrica,29,4,0,3.5,11.4,85.8,3.62
2,M02-158,Electrica,21,1,0,2.7,6.4,76.3,2.29
2,M02-159,Sistemas,22,2,0,4.11,13.3,82.5,3.98
2,M02-160,Electrica,21,4,0,3.78,20.5,86.0,4.58
2,M02-161,Electrica,28,3,0,3.87,21.6,81.7,3.83
2,M02-162,Industrial,26,3,0,4.22,21.3,87.5,4.29
2,M02-163,Sistemas,24,5,0,3.64,14.4,82.9,3.44
2,M02-164,Sistemas,25,1,0,4.3,15.3,83.0,3.66
2,M02-165,Industrial,27,6,0,3.56,13.9,84.0,3.81
2,M02-166,Electrica,26,3,0,4.73,8.9,81.0,4.07
2,M02-167,Sistemas,25,6,0,3.1,9.0,99.0,2.98
2,M02-168,Electrica,28,3,0,3.66,8.8,74.9,3.58
2,M02-169,Sistemas,23,3,0,3.52,13.9,100.0,3.67
2,M02-170,Industrial,25,4,1,3.06,11.7,76.5,3.02
2,M02-171,Sistemas,32,4,0,3.18,6.1,74.3,2.76
2,M02-172,Electrica,29,2,0,3.64,9.6,72.2,3.51
2,M02-173,Sistemas,21,4,0,2.81,7.1,80.7,3.2
2,M02-174,Civil,34,3,1,3.61,1.6,78.5,2.35
2,M02-175,Electrica,23,4,0,3.97,8.0,88.7,3.73
2,M02-176,Civil,35,2,0,3.08,10.3,100.0,3.28
2,M02-177,Industrial,28,4,0,3.23,2.6,73.8,2.59
2,M02-178,Sistemas,32,3,0,2.91,7.6,92.1,3.0
2,M02-179,Electrica,21,2,1,3.37,3.4,86.7,2.64
2,M02-180,Industrial,24,3,0,3.51,7.9,76.9,3.67
2,M02-181,Sistemas,24,2,0,3.2,14.3,90.0,3.51
2,M02-182,Sistemas,25,3,1,3.25,13.5,93.9,3.3
2,M02-183,Sistemas,24,4,1,3.67,13.4,90.6,4.17
2,M02-184,Electrica,24,2,0,3.77,20.0,79.9,4.36
2,M02-185,Civil,27,5,1,3.02,2.0,92.7,2.41
2,M02-186,Sistemas,24,4,1,3.34,4.0,81.4,2.68
2,M02-187,Industrial,26,1,0,3.26,14.1,84.3,3.6
2,M02-188,Industrial,29,3,0,2.83,5.8,82.4,2.7
2,M02-189,Electrica,21,4,0,3.57,11.8,93.1,3.5
2,M02-190,Civil,26,2,0,3.79,7.7,85.9,3.49
2,M02-191,Industrial,23,2,1,3.71,16.7,85.0,3.47
2,M02-192,Sistemas,27,3,0,3.18,14.1,83.2,4.0
2,M02-193,Sistemas,30,3,0,4.11,6.8,85.1,4.11
2,M02-194,Industrial,21,1,0,3.99,8.5,89.5,3.47
2,M02-195,Industrial,25,3,1,3.26,2.9,83.1,3.0
2,M02-196,Sistemas,31,3,1,3.44,4.1,76.8,2.69
2,M02-197,Civil,32,3,1,4.01,7.7,80.0,3.0
2,M02-198,Electrica,25,2,0,3.37,15.4,82.3,3.61
2,M02-199,Electrica,31,2,1,4.14,3.2,80.8,3.5
2,M02-200,Sistemas,28,4,1,4.32,15.8,67.4,4.34
2,M02-201,Industrial,27,4,1,3.57,5.5,74.4,2.9
2,M02-202,Sistemas,25,5,1,3.63,15.0,89.7,3.64
2,M02-203,Sistemas,28,2,0,3.63,8.3,88.0,3.78
2,M02-204,Civil,30,3,0,4.23,9.6,85.8,4.29
2,M02-205,Civil,24,4,1,4.02,8.9,69.1,2.78
2,M02-206,Industrial,29,3,1,3.13,6.6,81.0,3.21
2,M02-207,Sistemas,22,3,0,2.97,10.3,83.6,2.77
2,M02-208,Sistemas,22,3,0,3.31,16.8,81.0,4.07
2,M02-209,Sistemas,29,2,0,3.45,7.9,99.1,4.02
2,M02-210,Electrica,26,5,0,3.13,11.1,69.1,3.17
2,M02-211,Sistemas,23,4,1,4.03,6.4,81.2,3.1
2,M02-212,Industrial,29,2,0,3.65,6.2,95.6,3.38
2,M02-213,Electrica,30,2,0,4.04,14.9,95.6,4.62
2,M02-214,Sistemas,27,4,0,4.09,7.7,91.0,3.51
2,M02-215,Industrial,34,3,1,3.19,4.1,81.8,2.13
2,M02-216,Industrial,24,3,1,4.57,12.4,78.3,4.16
2,M02-217,Sistemas,24,3,0,4.38,8.8,88.9,4.01
2,M02-218,Electrica,31,3,0,3.52,5.2,86.0,3.03
2,M02-219,Sistemas,23,3,0,3.21,11.9,85.4,3.74
2,M02-220,Industrial,30,6,0,3.23,10.2,86.5,3.64
2,M02-221,Sistemas,21,2,0,3.86,12.4,96.0,3.99
2,M02-222,Sistemas,23,6,0,3.36,5.9,85.9,3.13
2,M02-223,Electrica,26,4,1,3.76,7.7,73.6,2.92
2,M02-224,Electrica,25,2,1,4.46,4.4,69.9,3.33
2,M02-225,Electrica,34,5,0,3.58,13.2,88.1,2.97
2,M02-226,Industrial,23,4,1,3.45,3.9,62.8,2.15
2,M02-227,Sistemas,27,2,1,3.82,4.8,89.7,2.97
2,M02-228,Electrica,28,6,0,3.76,5.5,78.3,3.46
2,M02-229,Sistemas,27,5,0,3.13,8.0,89.6,2.46
2,M02-230,Electrica,32,4,0,2.77,12.0,98.3,3.16
2,M02-231,Sistemas,24,4,0,3.51,2.8,91.8,3.45
2,M02-232,Sistemas,25,3,0,3.41,10.5,99.2,3.6
2,M02-233,Electrica,23,2,0,3.37,13.0,100.0,3.45
2,M02-234,Sistemas,31,4,1,3.62,0.5,87.8,3.27
2,M02-235,Sistemas,28,4,0,3.82,3.9,75.6,3.59
2,M02-236,Sistemas,28,2,0,3.2,4.5,99.6,3.55
2,M02-237,Sistemas,28,3,1,3.96,1.7,84.0,3.05
2,M02-238,Sistemas,22,3,0,3.21,2.3,97.0,2.83
2,M02-239,Industrial,29,4,0,3.53,4.7,96.0,2.89
2,M02-240,Sistemas,28,3,1,3.71,9.7,70.4,3.06
2,M02-241,Civil,33,4,0,3.96,8.0,97.5,3.7
2,M02-242,Industrial,29,3,1,4.2,5.9,71.6,3.33
2,M02-243,Sistemas,24,4,0,3.82,14.3,83.3,4.29
2,M02-244,Sistemas,26,1,1,3.59,0.5,66.5,2.67
2,M02-245,Electrica,35,6,1,3.81,4.2,92.8,3.26
2,M02-246,Industrial,22,2,0,3.8,6.8,83.6,3.13
2,M02-247,Sistemas,21,2,0,3.31,5.8,88.8,2.86
2,M02-248,Sistemas,28,4,1,3.62,8.9,62.4,2.99
2,M02-249,Electrica,33,3,0,3.47,3.3,77.5,3.18
2,M02-250,Industrial,27,3,0,3.75,9.0,91.9,3.82
2,M02-251,Industrial,22,3,1,2.83,5.5,90.6,2.55
2,M02-252,Sistemas,37,1,1,2.95,7.5,78.3,2.6
2,M02-253,Sistemas,24,3,0,2.57,6.0,77.2,1.87
2,M02-254,Sistemas,31,6,1,4.0,9.2,77.6,4.17
2,M02-255,Sistemas,33,4,0,3.42,2.5,85.9,3.0
2,M02-256,Sistemas,27,3,1,3.61,10.2,82.1,2.9
2,M02-257,Electrica,30,3,0,2.7,6.8,84.2,2.4
2,M02-258,Sistemas,34,6,0,3.88,10.8,97.1,3.9
2,M02-259,Electrica,21,5,1,3.73,2.7,71.9,2.66
2,M02-260,Sistemas,31,3,0,4.25,9.5,90.2,4.03
2,M02-261,Industrial,32,4,1,4.34,2.0,82.3,2.82
2,M02-262,Electrica,33,4,0,3.81,7.8,94.0,3.61
2,M02-263,Industrial,25,2,1,3.68,6.5,67.0,3.43
2,M02-264,Industrial,29,5,0,3.78,5.4,83.4,3.18
2,M02-265,Sistemas,25,2,0,3.58,5.1,88.2,2.96
2,M02-266,Sistemas,24,2,0,3.49,4.0,93.6,2.87
2,M02-267,Electrica,23,2,1,3.62,0.9,81.0,2.52
2,M02-268,Electrica,30,4,0,3.72,12.8,93.5,3.76
2,M02-269,Sistemas,28,1,0,3.26,17.2,85.2,4.14
2,M02-270,Sistemas,32,1,0,3.47,8.9,82.2,3.74
2,M02-271,Electrica,21,2,0,4.51,19.3,73.7,3.95
2,M02-272,Sistemas,23,3,0,3.38,14.9,94.5,3.7
2,M02-273,Sistemas,29,3,0,3.43,7.7,100.0,3.06
2,M02-274,Electrica,35,1,0,3.84,11.0,71.1,3.52
2,M02-275,Sistemas,24,2,0,3.18,6.1,81.9,2.76
2,M02-276,Sistemas,21,2,1,3.44,16.7,71.0,3.64
2,M02-277,Sistemas,25,1,1,2.93,3.9,81.7,2.48
2,M02-278,Sistemas,27,2,0,3.58,12.4,100.0,4.26
2,M02-279,Electrica,31,1,0,3.17,7.1,82.3,3.16
2,M02-280,Sistemas,32,1,0,2.63,6.3,96.8,3.43
2,M02-281,Civil,30,3,0,3.8,11.4,86.6,3.81
2,M02-282,Civil,27,3,0,3.97,3.9,76.2,3.05
2,M02-283,Electrica,36,6,1,3.51,8.2,70.9,3.56
2,M02-284,Sistemas,24,3,0,4.5,6.9,95.2,3.98
2,M02-285,Electrica,27,4,0,2.8,5.4,83.0,2.1
2,M02-286,Electrica,30,4,0,2.87,7.7,98.8,3.28
2,M02-287,Sistemas,25,2,1,3.65,4.3,83.7,3.44
2,M02-288,Industrial,26,3,1,4.07,2.3,83.1,2.9
2,M02-289,Sistemas,30,3,0,3.55,6.1,75.4,3.12
2,M02-290,Electrica,23,2,0,3.41,8.4,82.5,3.54
2,M02-291,Sistemas,26,2,0,3.1,9.4,69.1,3.05
2,M02-292,Sistemas,27,3,0,4.49,5.5,90.4,3.92
2,M02-293,Sistemas,37,3,0,3.34,10.7,84.5,2.86
2,M02-294,Sistemas,31,3,1,3.92,0.5,92.8,2.7
2,M02-295,Industrial,24,6,0,3.73,16.0,80.3,3.43
2,M02-296,Industrial,31,3,0,2.93,10.6,88.1,3.51
2,M02-297,Electrica,23,3,1,4.02,6.6,75.3,3.39
2,M02-298,Sistemas,29,5,1,3.31,11.9,88.2,3.25
2,M02-299,Sistemas,21,5,0,3.81,7.4,75.0,3.79
2,M02-300,Electrica,31,2,0,3.87,5.2,86.2,4.05
3,M03-001,Industrial,28,5,0,3.61,5.4,73.5,3.2
3,M03-002,Industrial,24,6,1,3.55,1.0,85.5,2.88
3,M03-003,Electrica,31,5,0,3.43,13.9,83.7,2.89
3,M03-004,Electrica,27,4,0,4.24,11.2,89.5,3.78
3,M03-005,Industrial,22,3,1,3.92,7.7,77.8,3.59
3,M03-006,Electrica,26,4,1,4.06,0.5,79.6,2.42
3,M03-007,Electrica,26,3,0,4.12,5.6,75.0,3.62
3,M03-008,Industrial,26,4,0,3.34,9.3,81.5,3.5
3,M03-009,Industrial,26,1,0,4.14,3.3,87.7,3.7
3,M03-010,Electrica,28,4,0,3.69,17.3,73.7,3.91
3,M03-011,Industrial,27,4,0,3.63,6.0,71.7,2.95
3,M03-012,Electrica,26,2,1,3.15,6.3,79.0,3.28
3,M03-013,Electrica,29,3,1,3.77,4.3,77.4,2.58
3,M03-014,Industrial,27,6,0,3.56,3.8,100.0,3.72
3,M03-015,Civil,28,2,1,3.89,4.7,75.7,3.37
3,M03-016,Industrial,27,2,0,3.35,4.6,100.0,3.69
3,M03-017,Electrica,24,1,0,4.28,5.6,86.7,3.31
3,M03-018,Civil,23,5,1,3.57,6.1,91.8,2.94
3,M03-019,Industrial,27,6,1,3.98,6.5,81.6,3.66
3,M03-020,Sistemas,24,5,0,3.32,10.7,89.6,3.47
3,M03-021,Sistemas,32,5,0,3.6,8.1,92.5,3.35
3,M03-022,Sistemas,29,2,0,3.82,14.6,86.2,3.79
3,M03-023,Electrica,21,3,1,3.23,10.3,84.2,3.16
3,M03-024,Sistemas,30,3,0,4.18,8.5,80.8,3.57
3,M03-025,Electrica,26,3,0,3.48,9.9,69.6,3.28
3,M03-026,Industrial,29,2,0,3.15,8.9,79.7,2.75
3,M03-027,Sistemas,24,3,0,3.9,4.4,88.5,3.32
3,M03-028,Sistemas,28,3,1,3.81,4.7,76.7,2.98
3,M03-029,Sistemas,28,2,0,4.83,8.3,94.5,3.72
3,M03-030,Sistemas,21,1,1,3.99,1.5,90.6,2.95
3,M03-031,Electrica,30,3,0,4.77,20.0,83.5,5.0
3,M03-032,Sistemas,24,2,0,3.4,14.4,86.9,3.9
3,M03-033,Electrica,22,5,1,3.34,3.8,69.7,2.51
3,M03-034,Electrica,26,4,1,4.44,10.6,78.9,3.8
3,M03-035,Industrial,28,5,1,3.52,18.5,75.7,3.71
3,M03-036,Civil,21,4,0,2.96,9.6,100.0,3.28
3,M03-037,Sistemas,34,3,1,3.31,14.7,88.4,3.47
3,M03-038,Sistemas,31,3,1,3.57,1.3,87.3,3.02
3,M03-039,Industrial,24,4,0,3.64,14.8,100.0,4.23
3,M03-040,Sistemas,27,2,0,3.67,9.6,89.7,4.04
3,M03-041,Sistemas,34,3,1,3.27,3.6,68.7,2.53
3,M03-042,Civil,25,2,1,3.64,7.0,86.0,3.09
3,M03-043,Sistemas,26,5,0,3.19,7.5,92.1,3.42
3,M03-044,Electrica,34,5,0,3.8,7.2,96.0,3.15
3,M03-045,Sistemas,32,4,0,3.21,23.3,88.6,4.37
3,M03-046,Sistemas,22,5,0,3.1,17.8,76.3,3.74
3,M03-047,Civil,30,3,1,3.31,11.9,89.3,3.7
3,M03-048,Electrica,31,3,0,3.24,8.3,88.7,2.83
3,M03-049,Electrica,28,4,1,3.35,10.4,84.8,2.52
3,M03-050,Electrica,31,5,0,3.95,3.6,90.4,3.4
3,M03-051,Sistemas,23,2,1,3.71,1.7,75.1,2.96
3,M03-052,Industrial,36,3,0,3.87,20.2,72.9,3.94
3,M03-053,Sistemas,25,2,0,4.37,13.4,79.4,4.16
3,M03-054,Civil,22,5,1,4.5,1.2,70.7,4.03
3,M03-055,Sistemas,27,6,0,4.68,1.7,79.6,3.63
3,M03-056,Sistemas,21,5,0,3.18,3.3,85.0,2.76
3,M03-057,Electrica,23,3,1,3.64,5.1,86.3,2.72
3,M03-058,Industrial,21,5,0,3.47,18.8,88.1,4.1
3,M03-059,Industrial,30,3,0,3.67,21.3,85.1,3.88
3,M03-060,Sistemas,35,4,0,3.25,10.9,76.1,3.48
3,M03-061,Sistemas,29,3,1,4.41,2.1,82.3,2.64
3,M03-062,Civil,31,3,0,3.12,14.9,80.3,3.51
3,M03-063,Sistemas,23,2,0,3.37,3.4,95.1,2.55
3,M03-064,Electrica,30,3,0,3.27,7.0,82.7,3.53
3,M03-065,Electrica,26,4,1,2.86,7.5,93.4,3.07
3,M03-066,Sistemas,38,4,1,3.47,4.9,92.2,3.4
3,M03-067,Electrica,33,4,0,3.12,4.1,83.0,2.95
3,M03-068,Industrial,25,2,0,2.98,6.2,77.8,2.53
3,M03-069,Industrial,27,1,0,3.98,9.8,75.7,3.99
3,M03-070,Industrial,21,3,0,4.34,22.0,76.6,4.49
3,M03-071,Sistemas,31,5,0,3.44,6.9,92.3,3.83
3,M03-072,Sistemas,36,1,0,4.55,7.2,85.7,4.08
3,M03-073,Sistemas,28,2,0,3.73,16.6,97.5,4.36
3,M03-074,Sistemas,31,2,0,2.7,1.8,81.8,2.55
3,M03-075,Industrial,24,4,0,4.18,11.7,81.9,4.55
3,M03-076,Industrial,30,3,1,3.9,3.7,62.9,3.2
3,M03-077,Sistemas,25,3,1,3.93,5.6,79.9,4.39
3,M03-078,Electrica,31,2,0,3.29,1.8,80.9,3.06
3,M03-079,Sistemas,22,1,0,3.41,18.8,83.2,4.23
3,M03-080,Industrial,25,1,0,3.01,20.3,81.3,3.54
3,M03-081,Electrica,24,6,0,3.7,5.2,90.2,3.42
3,M03-082,Electrica,30,4,0,3.86,5.8,82.5,3.5
3,M03-083,Sistemas,21,4,0,3.58,11.0,91.3,3.06
3,M03-084,Sistemas,36,4,0,3.11,27.4,80.3,4.04
3,M03-085,Electrica,37,5,1,3.74,8.6,95.3,3.46
3,M03-086,Electrica,25,3,0,4.08,3.3,81.6,3.47
3,M03-087,Industrial,21,3,0,3.81,12.9,100.0,4.08
3,M03-088,Civil,36,3,1,3.31,6.6,87.9,3.08
3,M03-089,Sistemas,29,4,0,3.27,2.4,86.6,3.03
3,M03-090,Industrial,26,3,1,3.05,5.2,84.5,2.76
3,M03-091,Industrial,26,4,1,4.09,1.5,82.1,3.39
3,M03-092,Sistemas,27,3,0,4.01,5.7,81.2,3.2
3,M03-093,Sistemas,34,4,0,3.99,6.2,96.2,4.16
3,M03-094,Industrial,27,1,0,3.8,6.0,99.1,3.37
3,M03-095,Sistemas,27,2,1,3.52,3.1,76.1,2.26
3,M03-096,Sistemas,29,2,0,4.01,17.1,86.4,3.9
3,M03-097,Sistemas,28,4,0,3.33,4.3,87.1,2.76
3,M03-098,Electrica,22,4,1,2.77,6.4,89.7,2.29
3,M03-099,Industrial,28,4,0,3.77,2.5,91.8,2.97
3,M03-100,Civil,22,2,0,3.98,9.9,86.5,3.64
3,M03-101,Electrica,31,3,0,3.73,8.1,93.7,3.41
3,M03-102,Sistemas,24,3,0,4.06,12.1,100.0,4.15
3,M03-103,Civil,27,3,0,4.19,17.7,100.0,4.97
3,M03-104,Industrial,29,5,0,3.52,9.6,80.2,4.04
3,M03-105,Sistemas,21,3,0,3.63,8.9,78.1,3.23
3,M03-106,Sistemas,23,4,0,3.62,12.5,92.2,3.9
3,M03-107,Industrial,25,2,0,3.47,8.2,78.2,3.31
3,M03-108,Industrial,27,4,0,3.51,11.5,81.5,3.64
3,M03-109,Civil,29,3,0,4.2,8.4,90.1,4.02
3,M03-110,Sistemas,30,3,0,3.57,5.8,83.1,3.38
3,M03-111,Sistemas,33,3,0,3.91,24.8,94.0,4.96
3,M03-112,Electrica,29,5,1,3.75,3.9,79.0,2.93
3,M03-113,Industrial,29,4,1,3.28,12.0,80.1,3.25
3,M03-114,Sistemas,24,2,0,2.83,7.5,67.3,3.0
3,M03-115,Sistemas,29,3,0,3.8,4.3,88.1,3.2
3,M03-116,Sistemas,31,2,1,3.62,2.7,85.0,2.91
3,M03-117,Industrial,28,1,0,3.15,14.8,89.1,3.4
3,M03-118,Sistemas,31,4,0,4.25,6.0,76.3,3.72
3,M03-119,Electrica,37,3,1,3.71,5.5,87.8,2.81
3,M03-120,Industrial,21,3,0,4.21,2.8,91.0,3.81
3,M03-121,Sistemas,26,4,1,3.21,0.7,85.0,2.45
3,M03-122,Industrial,29,2,0,3.21,17.7,81.2,3.87
3,M03-123,Industrial,39,2,0,3.64,5.8,81.3,3.16
3,M03-124,Industrial,22,3,0,3.13,4.8,93.9,3.39
3,M03-125,Sistemas,26,3,0,3.72,7.6,92.8,3.55
3,M03-126,Civil,30,4,0,3.4,8.6,76.9,3.05
3,M03-127,Sistemas,32,4,1,3.64,13.8,80.8,3.18
3,M03-128,Sistemas,21,4,1,3.61,3.8,72.1,2.84
3,M03-129,Industrial,24,3,0,3.28,13.5,90.1,4.22
3,M03-130,Sistemas,27,3,1,3.53,6.2,84.8,2.88
3,M03-131,Electrica,21,5,0,3.92,6.0,70.7,3.03
3,M03-132,Sistemas,23,2,0,3.49,6.2,74.5,3.28
3,M03-133,Electrica,38,3,0,3.3,5.0,68.4,2.72
3,M03-134,Industrial,28,3,0,4.13,4.5,100.0,3.44
3,M03-135,Electrica,30,6,0,3.37,7.8,87.8,3.12
3,M03-136,Sistemas,27,5,0,3.99,9.4,96.9,3.62
3,M03-137,Industrial,31,2,0,3.44,6.3,95.2,3.31
3,M03-138,Civil,24,2,0,3.77,1.6,85.5,3.65
3,M03-139,Civil,29,6,0,3.27,9.3,79.8,3.34
3,M03-140,Sistemas,42,2,1,3.23,4.7,80.3,2.31
3,M03-141,Electrica,25,3,0,3.65,7.4,68.2,3.82
3,M03-142,Electrica,36,3,0,3.56,9.8,89.6,3.45
3,M03-143,Sistemas,22,2,0,3.17,10.2,92.8,2.58
3,M03-144,Electrica,36,4,1,2.95,3.9,83.0,2.48
3,M03-145,Industrial,26,5,1,2.38,6.0,77.2,3.04
3,M03-146,Sistemas,30,6,0,3.17,10.4,76.1,3.17
3,M03-147,Sistemas,28,2,0,3.92,18.1,82.6,4.33
3,M03-148,Civil,33,3,0,3.24,11.0,94.7,3.53
3,M03-149,Industrial,28,3,0,3.9,10.6,99.8,3.44
3,M03-150,Sistemas,22,2,0,3.8,7.1,79.4,4.37
3,M03-151,Industrial,21,2,0,3.16,9.5,96.4,3.97
3,M03-152,Civil,32,1,0,3.53,17.6,81.0,4.37
3,M03-153,Industrial,21,2,0,3.72,14.4,81.6,3.52
3,M03-154,Electrica,22,5,0,3.1,10.7,100.0,3.58
3,M03-155,Civil,24,3,1,3.45,5.4,89.6,3.59
3,M03-156,Civil,23,5,0,4.15,6.7,98.2,3.79
3,M03-157,Sistemas,26,4,1,3.65,5.0,62.9,2.69
3,M03-158,Industrial,28,3,0,4.26,16.6,100.0,4.33
3,M03-159,Electrica,24,2,1,3.48,6.1,64.6,2.43
3,M03-160,Industrial,33,2,0,3.44,8.7,100.0,3.39
3,M03-161,Electrica,28,3,1,3.73,0.5,88.0,2.73
3,M03-162,Electrica,31,3,0,3.7,10.7,74.6,3.66
3,M03-163,Industrial,26,1,1,4.82,12.4,85.5,3.94
3,M03-164,Civil,27,1,1,4.31,3.1,100.0,3.4
3,M03-165,Sistemas,25,5,0,3.72,4.4,91.9,3.51
3,M03-166,Electrica,21,3,1,3.19,5.6,86.1,3.09
3,M03-167,Sistemas,21,2,1,3.56,0.5,74.4,3.2
3,M03-168,Industrial,23,3,1,3.77,3.5,83.0,3.03
3,M03-169,Electrica,29,4,1,3.46,8.7,64.5,3.21
3,M03-170,Civil,27,4,1,3.16,8.2,83.3,3.07
3,M03-171,Sistemas,25,2,1,3.36,1.3,76.0,2.62
3,M03-172,Civil,31,1,0,3.33,4.6,76.6,3.28
3,M03-173,Sistemas,24,4,1,4.2,6.8,84.7,3.29
3,M03-174,Electrica,23,3,0,4.49,21.4,78.1,4.52
3,M03-175,Industrial,28,1,0,3.81,15.8,96.2,4.31
3,M03-176,Industrial,32,3,0,3.99,7.5,88.2,4.06
3,M03-177,Industrial,29,4,1,3.49,5.4,89.3,3.23
3,M03-178,Industrial,24,3,1,4.31,9.8,87.3,3.92
3,M03-179,Civil,27,5,0,3.81,8.3,69.3,3.52
3,M03-180,Sistemas,36,2,1,3.65,4.7,68.8,3.28
3,M03-181,Sistemas,21,3,1,3.6,2.8,79.4,3.25
3,M03-182,Civil,28,3,0,3.23,13.0,88.2,3.51
3,M03-183,Sistemas,21,4,0,3.94,6.3,100.0,3.95
3,M03-184,Civil,24,4,1,3.06,8.1,79.5,3.05
3,M03-185,Civil,26,3,0,3.53,7.7,88.2,3.37
3,M03-186,Sistemas,29,2,1,3.71,7.0,83.2,2.94
3,M03-187,Industrial,27,3,0,4.02,6.2,81.5,3.43
3,M03-188,Civil,30,2,0,4.01,17.1,74.3,3.83
3,M03-189,Sistemas,21,4,1,3.25,5.3,88.6,2.44
3,M03-190,Industrial,27,2,1,3.91,9.7,85.2,3.88
3,M03-191,Electrica,32,4,0,4.02,9.4,80.2,3.88
3,M03-192,Sistemas,26,2,1,3.99,3.3,87.1,3.27
3,M03-193,Industrial,22,4,0,3.39,8.1,74.6,3.58
3,M03-194,Industrial,21,5,0,3.3,3.3,100.0,3.49
3,M03-195,Civil,21,3,0,4.01,12.5,87.5,4.19
3,M03-196,Civil,27,2,0,3.43,6.2,100.0,3.63
3,M03-197,Sistemas,23,2,1,3.97,5.1,69.2,3.67
3,M03-198,Sistemas,24,1,1,3.7,6.1,84.1,2.89
3,M03-199,Industrial,30,4,0,3.78,9.4,89.5,3.73
3,M03-200,Industrial,21,4,0,3.47,9.4,85.9,3.54
3,M03-201,Sistemas,31,6,0,4.17,13.4,100.0,4.03
3,M03-202,Electrica,28,2,1,3.72,20.3,87.4,3.92
3,M03-203,Sistemas,25,5,0,3.72,12.2,85.5,3.23
3,M03-204,Electrica,21,2,0,4.03,5.8,79.7,3.39
3,M03-205,Sistemas,25,1,1,4.31,0.5,90.0,3.38
3,M03-206,Civil,29,2,0,3.83,8.2,100.0,3.56
3,M03-207,Sistemas,21,2,0,4.21,11.8,91.0,4.11
3,M03-208,Industrial,26,2,0,4.18,9.6,81.1,3.68
3,M03-209,Industrial,26,3,0,3.42,9.4,94.9,3.97
3,M03-210,Sistemas,21,4,0,3.15,13.5,77.9,3.68
3,M03-211,Sistemas,22,1,0,3.34,15.7,100.0,3.47
3,M03-212,Industrial,29,5,0,3.66,9.4,82.8,3.78
3,M03-213,Industrial,25,5,1,2.87,6.8,75.1,2.58
3,M03-214,Electrica,34,1,1,3.19,1.3,82.5,2.84
3,M03-215,Electrica,33,2,1,3.64,6.7,63.2,3.02
3,M03-216,Civil,21,4,0,3.78,14.8,95.9,3.91
3,M03-217,Civil,21,2,1,2.94,5.8,92.9,2.65
3,M03-218,Civil,31,3,1,3.46,2.6,71.0,2.76
3,M03-219,Civil,27,3,1,2.85,1.2,87.2,2.31
3,M03-220,Industrial,30,2,0,4.19,11.0,83.0,4.13
3,M03-221,Industrial,29,3,0,3.78,9.8,79.6,3.44
3,M03-222,Civil,28,3,1,3.45,12.1,82.0,2.88
3,M03-223,Sistemas,23,6,0,3.5,16.4,76.4,4.14
3,M03-224,Sistemas,30,3,0,3.98,1.7,77.1,3.53
3,M03-225,Industrial,35,4,0,2.83,4.8,100.0,3.5
3,M03-226,Civil,23,2,0,3.08,18.5,74.3,3.21
3,M03-227,Electrica,34,5,0,3.64,3.6,95.6,3.35
3,M03-228,Civil,26,2,1,3.79,14.3,91.9,3.5
3,M03-229,Industrial,28,3,0,3.5,21.0,86.5,3.28
3,M03-230,Industrial,24,4,0,2.61,9.6,79.3,3.36
3,M03-231,Sistemas,22,3,1,3.34,1.7,70.8,2.54
3,M03-232,Industrial,32,5,0,3.27,8.7,91.1,3.11
3,M03-233,Industrial,21,3,0,2.77,3.1,93.3,2.98
3,M03-234,Sistemas,28,4,0,2.64,7.0,98.3,2.96
3,M03-235,Electrica,25,2,0,3.44,12.3,68.6,3.69
3,M03-236,Industrial,36,5,1,2.95,4.7,92.2,2.53
3,M03-237,Electrica,25,6,1,3.46,1.7,81.9,2.66
3,M03-238,Electrica,24,2,0,3.71,6.3,76.0,3.43
3,M03-239,Industrial,33,3,1,2.92,6.7,88.9,3.0
3,M03-240,Sistemas,25,3,1,3.79,3.6,78.1,3.59
3,M03-241,Civil,23,3,0,3.59,9.1,95.3,3.31
3,M03-242,Sistemas,30,2,1,3.25,8.8,64.8,3.02
3,M03-243,Industrial,29,5,1,3.97,1.7,88.7,3.21
3,M03-244,Sistemas,27,2,1,4.08,15.1,83.5,3.34
3,M03-245,Industrial,24,5,0,3.48,12.7,82.7,3.02
3,M03-246,Sistemas,27,2,0,3.43,4.7,75.1,2.97
3,M03-247,Electrica,31,3,0,3.51,6.2,100.0,3.71
3,M03-248,Sistemas,27,2,0,2.31,6.4,75.0,2.34
3,M03-249,Civil,34,1,1,3.33,11.1,76.4,3.16
3,M03-250,Sistemas,23,6,1,3.36,9.9,93.7,3.74
3,M03-251,Sistemas,21,3,0,3.39,13.0,87.6,3.61
3,M03-252,Sistemas,31,3,0,3.37,5.0,83.4,3.3
3,M03-253,Electrica,33,2,0,3.29,12.7,99.0,3.53
3,M03-254,Sistemas,27,1,0,4.27,15.1,84.6,4.52
3,M03-255,Sistemas,33,5,0,3.69,9.8,83.6,3.18
3,M03-256,Industrial,21,3,0,3.82,9.6,95.8,3.32
3,M03-257,Industrial,29,2,1,3.92,7.1,80.9,3.46
3,M03-258,Civil,25,3,1,4.1,14.4,72.0,4.39
3,M03-259,Industrial,25,2,1,3.96,6.4,74.8,2.94
3,M03-260,Industrial,34,4,0,3.69,17.8,70.3,2.8
3,M03-261,Industrial,28,4,0,2.83,6.2,100.0,3.27
3,M03-262,Industrial,21,3,0,3.9,6.5,69.9,3.98
3,M03-263,Sistemas,29,3,1,3.92,8.6,90.5,3.92
3,M03-264,Sistemas,36,2,0,3.38,12.4,87.8,3.17
3,M03-265,Industrial,21,2,1,3.27,8.0,99.6,3.23
3,M03-266,Industrial,21,3,0,2.81,8.4,87.0,3.07
3,M03-267,Sistemas,23,1,0,3.7,6.2,92.8,3.77
3,M03-268,Sistemas,21,4,0,3.31,3.0,100.0,3.72
3,M03-269,Civil,26,2,0,3.26,9.3,93.9,3.62
3,M03-270,Electrica,27,1,1,3.78,5.9,69.7,3.27
3,M03-271,Sistemas,34,5,0,2.97,7.7,77.5,3.2
3,M03-272,Industrial,37,3,1,3.5,9.2,76.8,3.13
3,M03-273,Sistemas,21,1,0,3.74,10.3,85.3,3.04
3,M03-274,Sistemas,32,1,0,3.95,24.9,94.8,4.56
3,M03-275,Sistemas,29,3,0,3.95,9.3,83.1,3.87
3,M03-276,Sistemas,27,2,1,3.78,7.3,94.4,3.63
3,M03-277,Sistemas,31,3,0,2.86,10.0,84.8,2.66
3,M03-278,Industrial,23,4,1,4.15,10.8,88.3,3.43
3,M03-279,Sistemas,28,1,1,3.61,1.2,77.6,2.71
3,M03-280,Sistemas,24,3,0,3.22,9.6,92.1,3.56
3,M03-281,Electrica,26,1,1,3.07,4.4,73.3,2.79
3,M03-282,Industrial,34,2,1,3.66,1.6,83.5,2.8
3,M03-283,Industrial,29,4,0,3.41,9.6,94.5,3.61
3,M03-284,Sistemas,25,5,0,4.21,19.8,86.6,4.46
3,M03-285,Electrica,22,3,0,3.87,6.8,77.4,3.64
3,M03-286,Sistemas,31,3,0,4.14,18.6,100.0,4.0
3,M03-287,Industrial,26,3,0,3.44,4.9,84.3,3.16
3,M03-288,Civil,21,3,0,3.82,15.0,71.5,3.8
3,M03-289,Civil,31,3,0,4.04,7.0,97.7,3.74
3,M03-290,Sistemas,22,3,0,3.54,3.2,100.0,3.55
3,M03-291,Sistemas,29,4,0,3.06,19.6,85.2,4.4
3,M03-292,Civil,29,2,1,3.59,2.1,68.7,2.93
3,M03-293,Civil,27,2,1,3.89,7.3,76.7,2.93
3,M03-294,Industrial,33,3,1,3.18,6.3,81.4,2.82
3,M03-295,Electrica,24,4,0,3.66,4.3,88.9,3.64
3,M03-296,Industrial,24,4,1,3.44,4.8,70.5,3.35
3,M03-297,Industrial,29,4,0,3.7,11.8,89.0,3.63
3,M03-298,Electrica,29,5,1,3.22,3.4,78.9,2.83
3,M03-299,Sistemas,32,5,0,3.36,6.5,86.7,3.24
3,M03-300,Civil,27,1,0,3.72,7.7,73.1,3.17
4,M04-001,Civil,30,1,1,3.24,3.8,84.6,2.23
4,M04-002,Sistemas,21,3,1,3.51,4.2,80.0,2.75
4,M04-003,Sistemas,25,4,0,4.48,13.0,94.8,4.51
4,M04-004,Industrial,25,4,0,4.26,11.1,79.1,4.77
4,M04-005,Civil,21,3,1,4.55,19.5,82.1,4.24
4,M04-006,Sistemas,31,5,0,3.37,1.6,94.3,3.01
4,M04-007,Industrial,37,3,0,3.05,3.2,82.7,2.43
4,M04-008,Electrica,39,5,1,4.25,11.8,85.5,4.29
4,M04-009,Industrial,33,2,0,3.73,13.4,81.9,4.43
4,M04-010,Electrica,28,3,0,3.52,11.0,79.3,3.13
4,M04-011,Civil,28,2,1,3.51,1.9,74.0,3.03
4,M04-012,Industrial,26,2,0,3.92,6.1,76.9,3.22
4,M04-013,Electrica,23,2,0,3.53,8.0,81.8,3.66
4,M04-014,Sistemas,21,6,0,2.97,8.2,72.7,3.15
4,M04-015,Electrica,30,5,1,3.54,1.1,85.0,2.43
4,M04-016,Electrica,27,4,0,3.02,2.9,96.1,2.98
4,M04-017,Sistemas,22,5,0,2.93,7.1,93.5,3.2
4,M04-018,Sistemas,21,4,1,4.2,11.3,80.8,3.75
4,M04-019,Sistemas,27,6,0,3.06,3.2,80.1,3.01
4,M04-020,Sistemas,23,2,0,3.11,9.3,99.1,3.48
4,M04-021,Sistemas,23,5,0,3.89,9.6,81.2,2.8
4,M04-022,Electrica,29,2,0,4.64,15.7,98.9,4.17
4,M04-023,Sistemas,26,4,1,3.96,3.9,75.4,2.17
4,M04-024,Sistemas,21,3,1,4.01,16.5,76.7,4.37
4,M04-025,Industrial,23,2,0,3.69,15.8,83.1,3.86
4,M04-026,Industrial,27,3,0,3.46,12.5,82.7,3.82
4,M04-027,Industrial,25,4,0,3.27,9.3,77.3,3.24
4,M04-028,Electrica,26,4,1,3.98,10.1,83.6,3.75
4,M04-029,Sistemas,24,4,1,3.75,7.4,78.7,2.85
4,M04-030,Electrica,23,3,0,3.67,6.8,75.9,3.67
4,M04-031,Electrica,37,4,0,3.47,13.2,77.1,4.02
4,M04-032,Civil,21,3,1,3.95,13.6,96.9,3.84
4,M04-033,Industrial,28,4,0,2.94,8.8,99.2,3.2
4,M04-034,Civil,26,3,1,4.11,7.6,99.5,3.68
4,M04-035,Industrial,25,2,0,3.93,7.7,84.7,4.0
4,M04-036,Electrica,28,4,0,3.52,5.7,87.3,3.37
4,M04-037,Sistemas,30,4,0,4.25,7.5,72.9,2.86
4,M04-038,Sistemas,28,4,1,4.56,4.5,66.2,3.18
4,M04-039,Sistemas,23,3,1,4.0,2.1,77.6,3.41
4,M04-040,Industrial,26,5,0,3.1,10.3,96.2,3.59
4,M04-041,Industrial,23,3,0,3.93,4.2,84.5,3.69
4,M04-042,Sistemas,24,2,0,3.81,9.5,86.4,3.82
4,M04-043,Industrial,28,2,1,2.88,7.8,83.9,2.34
4,M04-044,Sistemas,30,3,1,3.86,22.7,77.3,3.88
4,M04-045,Industrial,22,4,0,3.22,10.1,69.0,3.25
4,M04-046,Civil,26,3,0,4.15,3.7,78.9,3.99
4,M04-047,Industrial,21,5,0,3.16,8.0,85.5,3.76
4,M04-048,Industrial,27,3,0,3.72,19.8,78.6,3.72
4,M04-049,Industrial,24,4,0,3.68,8.3,82.7,2.92
4,M04-050,Sistemas,30,3,0,3.7,12.1,86.5,3.46
4,M04-051,Industrial,29,3,0,3.37,7.9,100.0,3.42
4,M04-052,Sistemas,28,1,0,3.25,16.1,77.4,3.91
4,M04-053,Sistemas,22,3,1,3.62,0.5,72.1,2.14
4,M04-054,Industrial,28,4,0,3.94,9.7,77.7,3.61
4,M04-055,Sistemas,24,3,1,3.46,5.8,86.7,2.55
4,M04-056,Electrica,25,3,0,3.1,6.8,89.0,3.28
4,M04-057,Industrial,21,1,1,3.38,14.0,70.2,2.65
4,M04-058,Industrial,26,5,0,3.42,11.0,86.7,3.31
4,M04-059,Sistemas,28,2,0,3.64,4.7,86.6,3.29
4,M04-060,Industrial,23,2,0,3.3,7.1,87.5,3.77
4,M04-061,Civil,25,3,1,3.88,1.2,73.6,3.04
4,M04-062,Electrica,21,4,1,3.73,11.0,92.1,4.05
4,M04-063,Electrica,29,2,0,4.25,17.7,83.0,3.74
4,M04-064,Sistemas,32,3,0,3.15,14.5,83.9,3.76
4,M04-065,Civil,30,5,0,4.32,13.2,88.8,4.42
4,M04-066,Sistemas,22,3,0,4.26,17.5,78.5,4.69
4,M04-067,Sistemas,25,5,0,3.61,12.6,90.4,4.7
4,M04-068,Sistemas,21,4,1,4.16,6.7,66.5,3.04
4,M04-069,Sistemas,26,2,1,3.44,10.6,89.1,3.58
4,M04-070,Electrica,35,3,0,3.21,7.3,82.5,3.33
4,M04-071,Sistemas,23,4,0,3.8,19.5,87.7,4.86
4,M04-072,Industrial,31,3,0,3.89,10.0,85.4,3.93
4,M04-073,Civil,26,2,0,3.86,11.5,80.2,4.13
4,M04-074,Industrial,23,3,1,3.86,12.0,85.6,3.62
4,M04-075,Civil,22,2,0,2.82,8.6,86.3,2.63
4,M04-076,Sistemas,28,4,1,3.36,6.0,89.3,3.11
4,M04-077,Industrial,28,1,0,3.04,12.2,93.0,4.11
4,M04-078,Electrica,25,4,1,3.32,7.6,94.9,3.18
4,M04-079,Sistemas,24,1,0,3.6,19.7,87.1,3.95
4,M04-080,Industrial,26,4,1,3.49,3.3,77.6,2.33
4,M04-081,Sistemas,23,2,1,4.87,3.1,92.2,3.76
4,M04-082,Industrial,21,3,0,3.86,6.4,86.2,2.94
4,M04-083,Industrial,23,2,1,3.62,11.6,87.8,3.19
4,M04-084,Civil,23,3,0,2.89,6.2,88.8,2.73
4,M04-085,Sistemas,22,4,0,3.51,5.2,77.6,2.97
4,M04-086,Industrial,28,3,0,3.77,4.4,66.9,2.68
4,M04-087,Industrial,31,3,0,3.15,4.5,90.6,3.32
4,M04-088,Electrica,29,4,0,3.67,3.8,77.3,3.37
4,M04-089,Sistemas,31,4,1,3.65,5.4,79.5,3.07
4,M04-090,Industrial,21,2,1,3.47,6.2,88.3,2.89
4,M04-091,Sistemas,26,4,0,3.54,3.2,100.0,3.4
4,M04-092,Sistemas,26,4,0,3.69,23.0,65.8,4.19
4,M04-093,Civil,32,1,1,3.87,3.6,67.8,2.96
4,M04-094,Electrica,23,3,0,3.47,3.9,100.0,3.1
4,M04-095,Sistemas,23,6,0,2.93,5.3,100.0,2.82
4,M04-096,Sistemas,33,4,0,4.11,3.7,79.8,4.2
4,M04-097,Industrial,26,2,1,4.13,7.8,79.7,3.3
4,M04-098,Industrial,30,5,0,3.72,6.4,91.1,3.15
4,M04-099,Industrial,32,5,0,4.16,5.5,68.3,3.85
4,M04-100,Sistemas,22,1,1,3.24,4.6,83.0,2.58
4,M04-101,Electrica,32,6,0,3.39,11.5,93.8,3.02
4,M04-102,Electrica,25,5,0,4.27,4.4,96.9,4.46
4,M04-103,Industrial,37,3,0,3.78,12.3,87.4,4.55
4,M04-104,Sistemas,27,3,0,3.59,5.9,98.3,3.36
4,M04-105,Sistemas,26,3,0,4.52,8.8,93.5,3.82
4,M04-106,Sistemas,21,2,0,4.15,16.9,83.3,4.28
4,M04-107,Civil,28,2,1,3.24,8.4,67.7,2.74
4,M04-108,Industrial,21,3,1,3.58,13.5,70.3,3.93
4,M04-109,Sistemas,26,3,1,3.4,3.2,84.0,2.37
4,M04-110,Industrial,21,3,0,3.05,3.8,83.6,2.62
4,M04-111,Industrial,26,4,1,3.55,1.7,60.9,3.25
4,M04-112,Sistemas,25,5,1,3.05,11.2,79.4,2.74
4,M04-113,Electrica,31,3,1,3.69,4.4,73.2,3.08
4,M04-114,Sistemas,30,4,0,3.55,5.8,99.1,3.5
4,M04-115,Civil,29,2,0,3.86,4.2,88.1,3.42
4,M04-116,Sistemas,23,1,1,3.15,7.3,90.5,2.58
4,M04-117,Sistemas,30,4,0,3.33,21.8,86.1,3.52
4,M04-118,Industrial,29,3,0,3.33,5.7,95.7,3.6
4,M04-119,Industrial,30,3,1,2.54,15.8,85.1,2.73
4,M04-120,Industrial,23,2,0,3.7,15.6,94.4,3.58
4,M04-121,Industrial,31,3,0,3.33,5.3,73.4,2.68
4,M04-122,Sistemas,31,3,0,4.42,5.5,97.1,3.76
4,M04-123,Sistemas,29,4,0,3.88,12.4,94.1,4.03
4,M04-124,Industrial,23,5,0,3.5,7.9,91.0,3.66
4,M04-125,Industrial,22,3,1,3.14,9.4,76.2,3.48
4,M04-126,Electrica,25,5,0,3.36,5.7,74.9,2.32
4,M04-127,Sistemas,26,3,0,3.69,10.4,86.4,3.97
4,M04-128,Sistemas,23,3,0,4.24,5.1,85.0,3.57
4,M04-129,Electrica,31,3,0,3.29,8.1,89.6,3.12
4,M04-130,Sistemas,25,3,0,3.33,19.2,80.9,3.9
4,M04-131,Electrica,23,2,0,3.9,14.7,85.5,3.87
4,M04-132,Industrial,26,5,0,4.21,15.0,100.0,4.07
4,M04-133,Electrica,34,2,0,3.04,11.1,78.5,3.07
4,M04-134,Electrica,21,6,0,4.16,5.8,88.0,3.4
4,M04-135,Industrial,30,4,0,3.45,9.4,100.0,3.84
4,M04-136,Sistemas,30,2,1,3.56,9.3,89.3,4.03
4,M04-137,Industrial,32,6,0,4.6,4.4,75.9,3.74
4,M04-138,Sistemas,26,3,1,3.27,5.9,67.1,2.55
4,M04-139,Sistemas,21,2,1,3.5,5.2,77.5,2.77
4,M04-140,Industrial,26,3,0,3.53,9.6,75.5,3.62
4,M04-141,Sistemas,21,2,1,2.91,3.5,86.3,2.34
4,M04-142,Sistemas,31,4,0,3.45,7.2,73.1,3.18
4,M04-143,Sistemas,30,5,1,3.87,12.0,87.1,3.79
4,M04-144,Sistemas,25,3,0,3.13,13.5,91.3,3.59
4,M04-145,Civil,26,1,0,3.79,4.5,99.9,3.44
4,M04-146,Electrica,33,4,0,3.36,13.2,83.3,3.94
4,M04-147,Sistemas,21,5,1,3.27,1.9,77.0,2.6
4,M04-148,Sistemas,27,2,1,3.85,3.7,91.3,3.16
4,M04-149,Electrica,28,6,0,3.14,12.9,77.8,3.38
4,M04-150,Sistemas,32,4,1,3.57,4.6,83.0,3.55
4,M04-151,Civil,31,4,0,4.12,4.7,88.6,3.35
4,M04-152,Electrica,33,2,0,2.62,14.0,94.6,2.89
4,M04-153,Sistemas,28,2,0,3.94,6.7,77.3,3.33
4,M04-154,Sistemas,33,3,1,3.52,14.5,67.9,3.78
4,M04-155,Electrica,24,4,1,2.91,2.8,68.4,2.38
4,M04-156,Sistemas,32,3,0,3.84,10.6,83.1,3.71
4,M04-157,Electrica,28,5,1,3.69,8.2,78.5,3.48
4,M04-158,Electrica,23,1,1,4.1,1.1,100.0,3.39
4,M04-159,Electrica,29,5,1,2.93,1.6,75.8,2.35
4,M04-160,Sistemas,23,1,0,3.05,18.5,94.2,4.29
4,M04-161,Industrial,26,2,0,3.61,3.8,87.6,3.29
4,M04-162,Sistemas,26,4,0,3.55,9.2,85.3,3.47
4,M04-163,Sistemas,35,3,0,3.83,8.5,86.5,3.82
4,M04-164,Industrial,26,4,0,2.71,6.3,94.3,3.22
4,M04-165,Civil,25,4,1,4.03,3.2,76.8,3.12
4,M04-166,Sistemas,24,2,1,3.62,10.6,64.1,2.89
4,M04-167,Electrica,28,6,0,3.58,23.2,100.0,4.48
4,M04-168,Civil,30,3,0,3.92,10.5,85.5,3.5
4,M04-169,Sistemas,32,4,1,3.59,4.2,76.7,2.84
4,M04-170,Sistemas,29,2,0,4.65,5.7,92.6,3.94
4,M04-171,Electrica,30,3,1,3.52,4.4,85.5,3.4
4,M04-172,Industrial,21,3,0,3.73,10.5,87.7,3.45
4,M04-173,Sistemas,29,3,0,3.69,11.9,84.6,3.64
4,M04-174,Sistemas,25,5,0,3.17,10.2,83.2,3.67
4,M04-175,Sistemas,27,2,0,4.24,10.6,73.1,4.26
4,M04-176,Sistemas,21,6,0,3.55,5.6,97.2,3.29
4,M04-177,Sistemas,30,2,1,3.07,8.8,66.0,2.25
4,M04-178,Sistemas,25,3,0,2.91,14.4,87.9,3.44
4,M04-179,Industrial,30,2,0,4.1,8.5,87.4,3.42
4,M04-180,Industrial,23,5,0,4.41,6.5,80.6,3.81
4,M04-181,Industrial,34,1,0,3.95,11.5,81.8,4.18
4,M04-182,Industrial,24,3,1,3.97,18.4,85.7,3.93
4,M04-183,Sistemas,31,1,0,3.53,13.9,86.1,3.56
4,M04-184,Industrial,33,2,1,3.14,2.0,95.6,2.78
4,M04-185,Sistemas,28,4,0,3.93,5.7,92.3,3.64
4,M04-186,Industrial,30,5,0,4.08,4.1,88.4,3.68
4,M04-187,Industrial,29,2,0,3.69,11.6,91.1,4.11
4,M04-188,Electrica,29,2,0,3.86,9.8,100.0,3.46
4,M04-189,Civil,26,4,0,2.8,4.3,74.0,2.24
4,M04-190,Electrica,26,5,0,3.46,7.0,76.9,3.04
4,M04-191,Sistemas,28,5,0,3.72,9.1,95.2,4.26
4,M04-192,Sistemas,24,5,1,4.17,8.0,75.0,3.09
4,M04-193,Electrica,27,3,1,3.17,2.4,82.8,2.83
4,M04-194,Industrial,22,2,0,4.22,5.6,85.4,3.34
4,M04-195,Civil,24,5,0,3.48,8.5,55.9,3.46
4,M04-196,Industrial,23,4,1,4.29,6.3,67.0,3.87
4,M04-197,Civil,31,3,0,3.35,10.9,76.5,3.25
4,M04-198,Sistemas,28,4,0,3.84,7.4,82.6,3.78
4,M04-199,Sistemas,25,4,1,3.45,6.0,65.3,3.28
4,M04-200,Sistemas,29,2,1,4.88,5.5,82.8,4.59
4,M04-201,Sistemas,31,3,0,3.05,6.6,97.9,3.22
4,M04-202,Sistemas,26,3,0,2.78,9.5,80.7,2.72
4,M04-203,Sistemas,28,3,0,3.59,12.7,69.6,2.93
4,M04-204,Sistemas,22,5,1,3.8,4.8,78.3,2.67
4,M04-205,Industrial,23,4,0,3.2,16.5,83.2,3.53
4,M04-206,Sistemas,26,2,0,3.85,13.0,93.3,4.01
4,M04-207,Civil,28,3,0,3.84,14.7,99.7,3.74
4,M04-208,Industrial,24,1,1,3.77,6.9,64.3,3.62
4,M04-209,Sistemas,31,5,0,3.23,5.8,85.7,3.01
4,M04-210,Industrial,21,6,0,3.66,10.7,87.1,3.23
4,M04-211,Sistemas,27,5,0,3.75,6.5,87.8,3.35
4,M04-212,Civil,28,2,0,3.6,15.8,83.8,3.96
4,M04-213,Sistemas,28,4,1,3.04,3.8,82.3,2.53
4,M04-214,Sistemas,23,3,0,4.19,13.7,84.6,3.72
4,M04-215,Sistemas,21,3,1,3.44,1.2,80.1,2.86
4,M04-216,Sistemas,26,6,1,4.29,11.4,69.2,3.32
4,M04-217,Sistemas,33,3,1,4.98,4.0,84.9,3.71
4,M04-218,Industrial,27,6,1,2.96,2.7,89.0,2.27
4,M04-219,Sistemas,31,5,0,2.97,2.9,81.8,3.09
4,M04-220,Civil,23,3,1,3.2,2.2,79.7,1.61
4,M04-221,Electrica,32,2,0,3.97,5.2,70.3,3.62
4,M04-222,Sistemas,21,4,1,3.69,0.6,65.6,3.08
4,M04-223,Industrial,34,1,0,3.31,9.1,78.2,3.34
4,M04-224,Civil,27,4,1,3.95,15.0,78.8,3.47
4,M04-225,Sistemas,33,2,1,4.99,5.0,65.9,3.63
4,M04-226,Sistemas,32,5,0,3.9,15.1,74.5,4.61
4,M04-227,Industrial,32,4,0,4.09,7.5,98.0,3.61
4,M04-228,Sistemas,32,2,0,2.94,11.5,88.8,3.68
4,M04-229,Industrial,30,1,1,2.62,5.3,88.5,2.62
4,M04-230,Sistemas,24,2,1,4.02,5.7,81.4,3.34
4,M04-231,Electrica,27,3,1,3.55,5.1,84.1,3.05
4,M04-232,Sistemas,24,2,1,4.59,8.6,85.3,3.45
4,M04-233,Electrica,22,3,0,3.74,10.2,91.5,3.14
4,M04-234,Sistemas,26,3,1,2.86,0.5,81.2,2.91
4,M04-235,Electrica,29,3,0,3.48,5.4,85.0,3.25
4,M04-236,Sistemas,24,4,0,2.43,18.8,77.9,3.6
4,M04-237,Industrial,24,2,0,3.6,5.1,100.0,3.44
4,M04-238,Sistemas,27,2,1,3.7,6.4,74.9,2.72
4,M04-239,Sistemas,21,2,1,3.49,10.9,65.4,3.4
4,M04-240,Industrial,30,5,1,4.19,4.6,81.8,4.3
4,M04-241,Electrica,30,5,0,3.66,4.0,71.9,2.94
4,M04-242,Sistemas,32,3,1,3.22,8.2,86.3,2.95
4,M04-243,Industrial,24,2,0,4.2,17.3,78.8,4.08
4,M04-244,Civil,31,3,0,3.75,7.8,85.4,3.64
4,M04-245,Industrial,29,4,1,3.66,6.7,71.7,3.06
4,M04-246,Electrica,30,3,0,2.71,16.4,60.3,2.81
4,M04-247,Civil,27,1,1,4.02,10.8,89.4,3.44
4,M04-248,Sistemas,36,5,1,3.75,2.2,78.5,3.09
4,M04-249,Sistemas,29,3,1,3.04,3.1,85.4,2.08
4,M04-250,Sistemas,28,1,0,4.12,7.9,100.0,3.6
4,M04-251,Civil,26,2,1,3.6,7.2,72.3,2.93
4,M04-252,Sistemas,27,4,0,4.2,9.9,83.8,4.13
4,M04-253,Sistemas,27,2,0,3.65,7.2,90.2,3.38
4,M04-254,Electrica,29,3,0,3.99,12.2,97.0,4.13
4,M04-255,Sistemas,28,6,0,3.08,6.5,91.2,3.22
4,M04-256,Sistemas,23,3,0,2.82,10.1,75.7,3.06
4,M04-257,Electrica,29,3,0,4.25,6.4,79.5,3.45
4,M04-258,Civil,32,3,1,2.83,7.0,68.9,2.32
4,M04-259,Sistemas,21,3,0,3.9,10.9,92.5,3.35
4,M04-260,Industrial,29,2,1,3.48,5.7,84.7,3.38
4,M04-261,Industrial,24,3,1,4.22,6.6,90.5,3.48
4,M04-262,Sistemas,24,3,1,3.79,3.1,77.5,2.76
4,M04-263,Sistemas,24,4,0,3.97,7.9,79.0,3.86
4,M04-264,Sistemas,28,4,1,4.16,6.9,86.1,3.37
4,M04-265,Industrial,31,5,1,3.44,13.1,63.3,2.84
4,M04-266,Sistemas,26,4,0,3.9,4.7,88.5,3.37
4,M04-267,Electrica,24,2,1,4.22,3.3,74.7,2.83
4,M04-268,Electrica,26,4,0,2.98,7.4,92.2,2.73
4,M04-269,Sistemas,27,6,1,3.12,6.8,79.4,2.95
4,M04-270,Electrica,21,4,0,4.03,10.7,77.2,4.04
4,M04-271,Electrica,30,2,1,4.42,2.3,70.4,3.46
4,M04-272,Sistemas,22,2,1,3.04,3.1,76.1,2.14
4,M04-273,Electrica,24,4,0,3.38,6.0,89.3,3.47
4,M04-274,Industrial,33,6,0,3.03,9.0,93.6,3.48
4,M04-275,Sistemas,21,4,1,2.69,2.3,80.0,2.47
4,M04-276,Sistemas,24,3,1,3.33,2.7,96.8,3.21
4,M04-277,Civil,28,2,0,3.6,5.6,88.2,3.32
4,M04-278,Industrial,25,3,0,3.31,9.4,78.5,3.45
4,M04-279,Civil,23,2,1,4.27,6.2,82.8,3.76
4,M04-280,Sistemas,39,5,1,3.11,8.2,68.7,3.05
4,M04-281,Electrica,27,4,0,3.88,9.6,94.8,4.08
4,M04-282,Electrica,29,3,0,3.53,2.1,93.7,2.59
4,M04-283,Sistemas,38,4,1,3.75,6.2,72.1,3.2
4,M04-284,Industrial,31,3,0,4.06,4.2,86.0,3.53
4,M04-285,Sistemas,29,1,0,3.49,5.1,77.5,3.26
4,M04-286,Sistemas,31,5,1,3.96,20.8,67.0,3.96
4,M04-287,Sistemas,21,3,1,4.39,1.3,67.6,3.38
4,M04-288,Industrial,27,2,0,4.03,6.2,85.1,4.12
4,M04-289,Sistemas,29,2,0,3.49,20.5,92.9,3.69
4,M04-290,Sistemas,29,4,1,3.26,6.2,75.2,2.6
4,M04-291,Industrial,25,5,0,3.46,7.4,90.2,3.69
4,M04-292,Industrial,24,2,0,4.3,4.1,85.3,3.63
4,M04-293,Industrial,22,3,1,3.73,10.6,75.6,3.18
4,M04-294,Civil,30,3,0,3.57,9.2,76.1,3.31
4,M04-295,Industrial,32,2,0,3.77,11.3,82.3,3.4
4,M04-296,Sistemas,27,2,1,3.9,2.9,80.4,4.11
4,M04-297,Sistemas,31,3,1,3.0,14.9,66.0,3.7
4,M04-298,Sistemas,23,4,0,4.21,6.5,82.6,4.08
4,M04-299,Sistemas,21,4,1,4.37,11.4,77.3,3.93
4,M04-300,Electrica,27,5,1,3.51,3.6,83.7,3.16
5,M05-001,Electrica,27,6,1,3.4,5.0,74.9,2.76
5,M05-002,Electrica,21,2,1,2.56,13.2,87.8,2.63
5,M05-003,Industrial,26,6,0,3.88,7.3,96.9,3.48
5,M05-004,Sistemas,27,4,0,3.97,7.8,78.6,3.76
5,M05-005,Civil,31,2,0,3.86,9.6,78.6,3.65
5,M05-006,Sistemas,31,3,1,3.68,1.7,77.3,2.98
5,M05-007,Sistemas,21,5,0,3.2,12.4,82.6,3.55
5,M05-008,Civil,21,3,0,2.81,4.6,95.0,3.01
5,M05-009,Industrial,23,4,1,3.4,4.2,74.5,2.36
5,M05-010,Sistemas,27,2,0,3.76,10.6,89.6,3.6
5,M05-011,Electrica,21,2,1,4.11,3.7,75.8,3.22
5,M05-012,Electrica,30,3,0,3.49,6.0,92.1,2.8
5,M05-013,Industrial,24,2,1,4.14,16.1,78.1,3.61
5,M05-014,Electrica,21,3,1,3.71,5.9,83.7,2.84
5,M05-015,Industrial,23,3,1,4.31,7.4,91.2,4.39
5,M05-016,Industrial,31,2,0,3.62,10.7,85.6,4.09
5,M05-017,Sistemas,23,4,0,3.58,18.2,85.3,4.18
5,M05-018,Electrica,24,1,0,4.0,8.2,100.0,3.68
5,M05-019,Civil,23,4,0,3.12,2.5,68.6,3.17
5,M05-020,Sistemas,28,6,1,3.14,5.6,96.3,2.92
5,M05-021,Industrial,28,3,0,4.07,11.6,94.7,4.06
5,M05-022,Sistemas,25,4,1,4.47,6.4,87.5,3.42
5,M05-023,Industrial,30,4,0,2.96,16.0,98.7,3.62
5,M05-024,Sistemas,32,2,0,4.22,16.6,79.0,4.27
5,M05-025,Electrica,30,4,0,2.97,7.9,86.3,2.64
5,M05-026,Civil,29,5,0,3.1,14.4,100.0,3.54
5,M05-027,Civil,26,1,0,3.87,6.5,88.9,4.17
5,M05-028,Electrica,25,2,1,4.86,2.9,74.0,3.73
5,M05-029,Electrica,33,4,1,4.34,1.6,81.3,3.36
5,M05-030,Electrica,26,4,0,3.48,9.4,89.8,2.69
5,M05-031,Industrial,27,2,1,4.0,5.9,75.0,3.5
5,M05-032,Sistemas,37,2,1,4.55,2.5,87.4,3.39
5,M05-033,Industrial,26,4,0,4.29,2.7,85.3,3.07
5,M05-034,Civil,28,2,1,3.26,11.1,86.8,2.7
5,M05-035,Civil,26,5,1,3.12,4.0,86.8,3.4
5,M05-036,Civil,32,6,0,3.55,9.2,79.4,3.4
5,M05-037,Electrica,24,3,1,4.06,13.9,73.4,3.93
5,M05-038,Industrial,27,3,0,3.13,6.9,81.4,3.2
5,M05-039,Industrial,31,6,1,3.5,5.7,100.0,3.45
5,M05-040,Civil,21,2,0,3.73,4.9,83.9,3.21
5,M05-041,Civil,30,2,1,3.74,0.5,91.2,3.2
5,M05-042,Civil,21,2,1,4.0,7.7,81.0,2.97
5,M05-043,Sistemas,28,5,0,3.11,12.5,97.8,2.89
5,M05-044,Industrial,34,1,0,3.85,16.3,86.4,4.65
5,M05-045,Sistemas,25,3,0,3.83,10.6,85.7,3.5
5,M05-046,Sistemas,32,3,1,3.83,3.1,85.9,2.79
5,M05-047,Sistemas,35,1,0,3.43,15.7,84.5,3.53
5,M05-048,Electrica,26,4,0,4.02,13.2,74.7,4.15
5,M05-049,Industrial,32,2,1,3.09,10.8,89.5,3.49
5,M05-050,Sistemas,27,2,1,3.82,5.0,88.1,2.47
5,M05-051,Civil,29,3,0,3.43,10.4,83.9,2.93
5,M05-052,Industrial,24,1,0,3.84,7.6,81.3,3.44
5,M05-053,Electrica,23,4,1,3.11,10.9,83.1,3.11
5,M05-054,Industrial,27,4,0,4.4,7.7,99.5,4.36
5,M05-055,Industrial,30,5,0,4.27,8.5,91.2,4.63
5,M05-056,Industrial,21,2,1,3.48,8.0,68.1,2.71
5,M05-057,Sistemas,22,3,0,4.14,5.1,85.3,4.22
5,M05-058,Sistemas,30,3,1,3.68,3.8,70.4,2.75
5,M05-059,Sistemas,30,2,0,2.98,11.1,85.7,3.79
5,M05-060,Electrica,28,3,0,3.3,16.5,86.6,3.51
5,M05-061,Industrial,23,2,1,3.64,2.5,79.4,2.12
5,M05-062,Industrial,30,3,1,3.83,7.3,85.8,3.85
5,M05-063,Sistemas,28,4,0,2.98,5.9,94.6,2.92
5,M05-064,Civil,21,3,1,3.51,10.6,84.7,3.42
5,M05-065,Civil,21,3,0,3.19,7.7,84.1,3.29
5,M05-066,Industrial,30,4,1,3.8,4.0,81.6,3.59
5,M05-067,Sistemas,24,5,1,3.82,5.2,80.8,2.98
5,M05-068,Civil,33,5,0,3.7,6.5,86.7,4.09
5,M05-069,Electrica,35,3,0,3.51,7.5,92.5,3.48
5,M05-070,Sistemas,23,5,0,3.79,4.3,93.2,2.9
5,M05-071,Civil,36,1,1,3.99,9.0,78.3,3.11
5,M05-072,Sistemas,25,5,1,3.79,8.9,89.9,3.63
5,M05-073,Sistemas,27,3,0,3.68,9.5,95.8,4.41
5,M05-074,Industrial,31,2,0,3.13,5.6,78.9,2.77
5,M05-075,Industrial,34,2,0,4.23,18.4,87.6,3.89
5,M05-076,Sistemas,28,3,0,3.33,5.5,100.0,3.22
5,M05-077,Sistemas,28,2,1,4.21,0.5,80.8,3.85
5,M05-078,Sistemas,23,2,1,3.98,5.8,72.0,3.7
5,M05-079,Sistemas,32,5,1,3.03,0.7,77.0,2.49
5,M05-080,Electrica,31,5,0,4.01,10.7,73.5,3.68
5,M05-081,Industrial,31,2,1,3.77,4.7,64.1,2.71
5,M05-082,Electrica,21,1,0,3.96,8.0,99.5,3.77
5,M05-083,Industrial,31,2,0,3.53,12.6,97.5,3.49
5,M05-084,Sistemas,30,3,0,3.31,6.7,82.8,2.91
5,M05-085,Civil,33,4,1,3.64,8.7,69.6,3.61
5,M05-086,Industrial,21,5,1,3.59,4.6,98.1,2.48
5,M05-087,Civil,31,3,0,3.89,11.8,76.3,4.12
5,M05-088,Electrica,23,5,0,3.85,5.6,70.6,3.23
5,M05-089,Industrial,27,5,1,3.56,5.1,78.8,2.92
5,M05-090,Electrica,26,5,0,3.76,8.1,78.7,3.6
5,M05-091,Industrial,21,2,0,3.63,4.5,92.5,3.67
5,M05-092,Sistemas,30,6,0,3.82,13.1,87.0,4.02
5,M05-093,Sistemas,37,3,0,3.78,12.3,93.4,3.8
5,M05-094,Sistemas,34,3,0,4.05,6.1,87.1,3.47
5,M05-095,Sistemas,32,2,0,2.93,7.8,76.3,3.39
5,M05-096,Electrica,31,5,1,3.62,5.4,91.1,3.58
5,M05-097,Sistemas,27,3,0,3.82,14.7,66.8,3.87
5,M05-098,Industrial,25,3,1,3.45,10.5,75.8,3.51
5,M05-099,Electrica,26,2,0,5.0,2.1,87.2,4.18
5,M05-100,Industrial,28,3,1,3.0,16.5,65.4,2.91
5,M05-101,Industrial,23,5,0,3.02,14.8,74.2,3.87
5,M05-102,Sistemas,22,5,0,4.65,7.9,72.4,4.45
5,M05-103,Civil,21,5,0,3.96,14.3,82.7,3.96
5,M05-104,Industrial,23,6,1,3.68,4.7,69.6,2.79
5,M05-105,Civil,29,5,0,3.36,4.3,87.4,3.92
5,M05-106,Civil,34,1,1,4.63,7.5,86.0,3.26
5,M05-107,Industrial,23,3,1,3.32,6.3,77.8,2.21
5,M05-108,Civil,21,5,0,3.14,13.0,82.3,2.86
5,M05-109,Sistemas,27,2,0,3.65,15.4,100.0,4.08
5,M05-110,Sistemas,27,6,0,4.01,12.4,97.1,4.46
5,M05-111,Sistemas,33,4,0,3.7,23.9,82.5,4.73
5,M05-112,Electrica,26,5,1,4.03,4.0,78.7,3.2
5,M05-113,Civil,32,4,1,3.21,0.5,69.7,2.38
5,M05-114,Industrial,31,4,1,3.49,0.5,81.5,2.66
5,M05-115,Electrica,30,3,1,3.76,4.6,77.4,2.91
5,M05-116,Civil,29,3,0,3.72,3.7,88.7,3.13
5,M05-117,Sistemas,33,4,0,3.02,2.5,79.2,2.7
5,M05-118,Industrial,24,6,0,3.15,8.3,99.4,3.78
5,M05-119,Sistemas,33,3,0,3.51,7.6,78.4,2.88
5,M05-120,Civil,27,5,1,3.23,5.8,69.5,3.03
5,M05-121,Civil,27,2,0,3.32,5.2,73.3,3.12
5,M05-122,Sistemas,27,3,0,4.48,5.9,75.4,4.32
5,M05-123,Civil,23,5,0,3.86,12.3,82.3,3.53
5,M05-124,Civil,29,2,0,3.23,7.5,73.3,3.66
5,M05-125,Industrial,21,4,0,3.11,4.1,90.9,2.97
5,M05-126,Electrica,24,3,0,4.89,15.6,85.4,4.17
5,M05-127,Industrial,23,5,1,4.44,3.5,87.8,3.52
5,M05-128,Electrica,29,4,0,3.46,4.0,64.1,2.81
5,M05-129,Industrial,30,3,0,3.61,8.8,91.7,3.34
5,M05-130,Civil,23,1,1,3.78,3.4,52.5,2.91
5,M05-131,Sistemas,38,4,0,3.84,11.7,88.4,3.73
5,M05-132,Sistemas,21,1,1,4.08,5.5,72.8,3.97
5,M05-133,Sistemas,27,6,1,3.62,1.1,86.1,3.04
5,M05-134,Civil,24,1,1,3.78,12.2,79.8,3.13
5,M05-135,Industrial,30,4,1,4.43,9.0,93.6,3.81
5,M05-136,Electrica,29,1,1,3.59,6.8,60.2,4.09
5,M05-137,Industrial,26,3,0,3.23,7.2,78.2,3.34
5,M05-138,Industrial,21,3,0,3.62,13.7,85.3,4.04
5,M05-139,Industrial,25,5,0,3.98,11.2,85.2,4.35
5,M05-140,Industrial,28,1,0,3.92,13.7,86.1,4.14
5,M05-141,Industrial,25,2,0,3.29,5.4,99.3,3.17
5,M05-142,Civil,26,6,1,3.06,7.9,89.8,2.98
5,M05-143,Industrial,21,2,0,3.53,4.5,83.0,3.28
5,M05-144,Industrial,28,5,0,4.07,5.8,77.8,3.14
5,M05-145,Civil,31,4,1,3.57,0.5,91.4,2.88
5,M05-146,Civil,22,2,0,4.23,12.8,82.2,4.31
5,M05-147,Civil,24,5,1,3.27,0.5,75.5,2.37
5,M05-148,Sistemas,28,3,1,4.3,3.5,79.2,2.92
5,M05-149,Industrial,23,3,1,3.76,7.3,76.5,3.4
5,M05-150,Electrica,30,4,0,3.09,9.1,92.9,2.98
5,M05-151,Civil,32,4,1,3.64,3.4,75.7,2.09
5,M05-152,Electrica,28,3,0,4.08,7.6,92.6,4.0
5,M05-153,Sistemas,29,4,1,3.73,5.7,83.8,3.34
5,M05-154,Civil,30,3,1,3.11,13.4,82.8,2.71
5,M05-155,Sistemas,28,5,0,3.26,13.1,93.6,3.1
5,M05-156,Industrial,21,4,0,3.18,15.2,91.3,3.7
5,M05-157,Industrial,29,3,0,3.76,12.8,89.4,4.05
5,M05-158,Industrial,22,5,0,4.52,4.6,87.9,4.05
5,M05-159,Electrica,25,3,0,3.42,7.1,95.9,3.68
5,M05-160,Electrica,30,3,0,3.93,4.9,75.9,2.47
5,M05-161,Industrial,32,4,0,3.89,9.2,100.0,3.74
5,M05-162,Electrica,32,4,1,2.92,4.9,79.5,2.98
5,M05-163,Sistemas,27,3,1,3.6,10.4,77.4,2.77
5,M05-164,Sistemas,26,2,0,3.32,11.0,100.0,4.16
5,M05-165,Sistemas,27,3,1,2.7,4.1,93.9,2.56
5,M05-166,Industrial,28,3,0,4.01,4.1,88.2,3.68
5,M05-167,Sistemas,32,4,0,4.08,11.1,95.9,3.83
5,M05-168,Industrial,29,3,0,3.47,8.2,98.0,3.52
5,M05-169,Sistemas,31,2,0,3.72,5.1,90.9,3.73
5,M05-170,Sistemas,29,3,1,3.46,4.7,100.0,3.42
5,M05-171,Civil,29,2,0,3.56,17.9,95.4,4.3
5,M05-172,Sistemas,25,4,0,3.31,6.0,89.3,3.12
5,M05-173,Industrial,31,2,0,4.91,5.8,98.8,4.18
5,M05-174,Sistemas,25,2,1,3.98,1.2,71.2,3.64
5,M05-175,Sistemas,28,1,0,3.36,9.0,94.3,3.37
5,M05-176,Industrial,26,4,1,3.84,3.8,89.6,2.88
5,M05-177,Industrial,21,4,1,3.87,3.0,64.7,2.89
5,M05-178,Sistemas,27,3,1,4.1,1.7,81.0,3.17
5,M05-179,Sistemas,29,2,1,3.83,1.9,83.0,3.13
5,M05-180,Sistemas,21,2,0,3.19,5.2,78.7,3.01
5,M05-181,Sistemas,30,2,0,3.62,6.7,94.2,3.14
5,M05-182,Sistemas,34,4,1,3.76,7.6,77.2,3.05
5,M05-183,Sistemas,28,3,0,3.45,10.6,91.6,3.22
5,M05-184,Sistemas,35,5,1,3.52,13.0,84.1,3.49
5,M05-185,Sistemas,35,3,1,3.73,0.5,85.7,2.48
5,M05-186,Civil,25,4,1,4.16,8.7,83.8,3.9
5,M05-187,Sistemas,22,5,1,4.63,1.4,78.2,3.97
5,M05-188,Electrica,23,4,1,3.82,2.4,85.6,3.4
5,M05-189,Industrial,29,5,1,3.69,2.2,93.0,3.58
5,M05-190,Sistemas,21,3,0,2.27,12.1,72.2,2.93
5,M05-191,Sistemas,29,3,0,2.9,6.6,82.3,2.7
5,M05-192,Electrica,30,2,0,4.89,11.9,82.8,5.0
5,M05-193,Sistemas,21,4,1,3.92,3.1,55.7,2.71
5,M05-194,Civil,22,3,0,3.57,11.9,96.7,4.01
5,M05-195,Industrial,31,4,0,5.0,6.4,83.2,4.38
5,M05-196,Sistemas,30,4,0,3.8,13.2,86.4,3.95
5,M05-197,Sistemas,21,4,1,4.02,6.3,70.9,3.2
5,M05-198,Sistemas,25,3,1,2.88,9.3,73.0,3.02
5,M05-199,Industrial,29,4,1,4.3,2.1,86.8,2.95
5,M05-200,Industrial,27,4,1,3.3,9.4,86.7,2.9
5,M05-201,Electrica,24,3,0,3.22,2.2,89.9,2.16
5,M05-202,Sistemas,22,4,0,4.17,10.3,79.9,3.75
5,M05-203,Electrica,29,4,0,4.45,7.9,84.5,4.26
5,M05-204,Sistemas,25,4,1,3.47,3.8,72.8,2.65
5,M05-205,Sistemas,27,6,0,3.75,6.7,83.6,2.7
5,M05-206,Industrial,29,5,0,3.33,11.2,98.2,3.35
5,M05-207,Sistemas,31,5,0,3.59,8.6,90.6,3.93
5,M05-208,Sistemas,21,4,0,3.99,10.8,81.3,3.66
5,M05-209,Sistemas,31,3,0,4.22,13.4,90.0,4.72
5,M05-210,Civil,32,5,0,3.12,11.1,73.3,3.07
5,M05-211,Electrica,25,2,0,4.39,15.5,79.9,4.5
5,M05-212,Electrica,31,2,0,3.72,20.4,89.8,4.05
5,M05-213,Sistemas,24,3,1,4.08,17.0,84.5,2.84
5,M05-214,Industrial,28,1,0,3.6,16.3,83.5,3.52
5,M05-215,Industrial,28,3,0,3.22,8.0,94.8,3.59
5,M05-216,Industrial,30,2,0,4.14,8.1,97.0,3.34
5,M05-217,Electrica,21,4,1,4.48,9.8,83.1,3.45
5,M05-218,Industrial,27,2,1,3.8,18.7,83.9,4.19
5,M05-219,Sistemas,23,2,0,2.97,5.4,87.5,2.97
5,M05-220,Electrica,22,2,1,2.97,12.6,70.7,2.47
5,M05-221,Electrica,21,4,1,3.48,7.7,72.2,2.98
5,M05-222,Sistemas,27,3,1,4.05,8.3,76.0,3.42
5,M05-223,Sistemas,21,5,0,3.15,16.1,96.5,4.36
5,M05-224,Electrica,30,3,1,3.37,19.7,77.7,3.59
5,M05-225,Electrica,26,3,1,4.3,1.9,85.3,3.93
5,M05-226,Sistemas,27,6,1,3.35,11.6,72.1,3.1
5,M05-227,Sistemas,27,4,1,4.28,11.2,80.7,3.4
5,M05-228,Industrial,21,2,0,3.62,12.0,84.1,4.02
5,M05-229,Sistemas,30,4,0,2.55,3.5,81.7,2.21
5,M05-230,Sistemas,22,4,0,2.83,8.1,99.9,2.96
5,M05-231,Industrial,23,2,0,3.83,11.1,77.8,4.06
5,M05-232,Civil,28,5,1,4.14,6.6,90.9,3.09
5,M05-233,Electrica,28,2,0,3.63,7.6,84.9,3.19
5,M05-234,Sistemas,21,5,1,4.27,10.4,70.8,3.14
5,M05-235,Sistemas,30,4,1,4.15,9.4,75.6,3.78
5,M05-236,Electrica,29,3,0,4.04,11.9,86.8,3.39
5,M05-237,Civil,28,3,0,3.91,4.5,74.1,3.26
5,M05-238,Sistemas,21,4,0,4.01,8.0,78.7,3.84
5,M05-239,Sistemas,25,2,1,3.8,1.8,80.5,2.94
5,M05-240,Civil,28,6,0,3.7,9.3,71.6,3.45
5,M05-241,Industrial,27,5,0,3.91,10.6,71.5,3.68
5,M05-242,Sistemas,24,3,1,3.04,30.0,93.0,4.32
5,M05-243,Electrica,26,3,0,3.74,6.2,77.4,3.04
5,M05-244,Sistemas,28,4,1,4.19,14.5,73.0,3.52
5,M05-245,Civil,21,2,0,2.98,8.8,100.0,3.11
5,M05-246,Sistemas,24,3,0,2.9,5.0,85.3,2.56
5,M05-247,Electrica,24,3,1,3.24,4.0,83.1,2.49
5,M05-248,Sistemas,21,2,1,3.39,9.0,81.8,3.0
5,M05-249,Sistemas,32,2,1,3.79,12.1,81.1,3.14
5,M05-250,Sistemas,21,3,0,3.59,10.4,100.0,4.22
5,M05-251,Civil,24,4,0,3.73,6.2,88.2,3.7
5,M05-252,Electrica,28,2,0,3.9,10.1,71.1,3.38
5,M05-253,Sistemas,30,6,1,5.0,10.2,79.6,3.91
5,M05-254,Sistemas,30,2,0,4.67,7.4,78.7,3.71
5,M05-255,Sistemas,28,3,0,3.28,4.9,81.4,2.84
5,M05-256,Sistemas,27,3,1,3.29,2.0,86.8,2.16
5,M05-257,Electrica,26,1,1,4.52,0.5,66.4,2.64
5,M05-258,Sistemas,30,3,0,4.06,17.6,100.0,3.92
5,M05-259,Sistemas,35,4,0,3.23,8.4,80.8,2.96
5,M05-260,Industrial,22,4,0,3.02,4.2,80.1,2.35
5,M05-261,Sistemas,24,3,0,3.32,3.6,97.7,2.83
5,M05-262,Sistemas,24,3,0,4.34,9.8,84.0,4.3
5,M05-263,Industrial,26,3,0,3.3,17.3,91.1,3.8
5,M05-264,Sistemas,33,3,1,3.28,7.8,98.2,3.43
5,M05-265,Sistemas,29,5,0,3.88,15.8,94.7,3.74
5,M05-266,Sistemas,38,3,1,3.02,0.5,80.4,2.78
5,M05-267,Sistemas,27,2,0,2.56,9.3,92.2,3.21
5,M05-268,Industrial,27,4,0,3.56,8.5,93.0,3.56
5,M05-269,Electrica,33,2,0,4.01,7.2,78.1,3.62
5,M05-270,Industrial,22,5,0,3.96,3.7,85.9,3.82
5,M05-271,Sistemas,32,3,1,3.48,9.3,73.8,3.36
5,M05-272,Industrial,26,3,1,3.51,2.7,85.7,1.99
5,M05-273,Sistemas,23,5,1,3.89,1.8,74.9,2.24
5,M05-274,Industrial,25,5,1,4.0,3.1,91.2,2.87
5,M05-275,Industrial,26,3,1,3.85,8.3,67.5,2.94
5,M05-276,Sistemas,28,5,1,3.93,0.5,84.3,2.99
5,M05-277,Sistemas,21,2,1,3.34,0.5,91.2,2.23
5,M05-278,Industrial,31,4,1,3.99,0.5,71.8,4.01
5,M05-279,Industrial,27,2,1,3.38,0.5,60.6,2.78
5,M05-280,Electrica,22,1,0,3.52,3.1,91.0,3.78
5,M05-281,Sistemas,28,2,1,4.07,7.3,91.8,3.58
5,M05-282,Electrica,21,2,1,3.64,8.8,83.7,3.52
5,M05-283,Civil,31,2,1,3.64,19.4,77.1,3.96
5,M05-284,Industrial,24,2,1,3.04,6.7,79.8,2.58
5,M05-285,Electrica,23,3,0,3.91,21.3,96.5,4.98
5,M05-286,Civil,27,4,0,4.03,8.5,56.7,3.76
5,M05-287,Civil,26,2,0,3.28,12.5,98.0,3.84
5,M05-288,Electrica,28,3,1,4.08,5.0,81.4,4.15
5,M05-289,Electrica,34,2,0,4.05,8.5,88.2,4.1
5,M05-290,Civil,26,3,0,3.65,3.7,92.7,3.2
5,M05-291,Industrial,29,3,1,3.36,6.9,87.6,3.09
5,M05-292,Industrial,24,4,0,3.71,5.1,75.6,3.74
5,M05-293,Sistemas,22,5,0,3.15,6.1,96.1,2.68
5,M05-294,Electrica,29,5,0,4.09,4.4,69.7,3.73
5,M05-295,Industrial,21,3,0,3.68,8.4,88.7,2.96
5,M05-296,Sistemas,25,3,0,3.56,6.0,80.8,3.71
5,M05-297,Electrica,27,3,0,3.35,5.4,76.2,3.8
5,M05-298,Electrica,27,4,1,2.72,9.9,80.3,2.81
5,M05-299,Electrica,31,2,0,4.17,20.3,60.1,4.1
5,M05-300,Electrica,27,4,0,3.34,7.5,100.0,2.97
6,M06-001,Sistemas,32,3,0,3.3,6.1,79.0,3.63
6,M06-002,Industrial,21,5,1,3.54,8.5,87.6,2.73
6,M06-003,Industrial,26,4,0,3.5,15.4,63.4,4.14
6,M06-004,Electrica,28,2,0,3.06,12.7,80.4,3.93
6,M06-005,Electrica,25,3,0,3.33,14.4,69.3,2.91
6,M06-006,Civil,31,6,1,3.51,6.1,75.2,2.62
6,M06-007,Industrial,24,3,0,4.21,6.3,95.0,3.86
6,M06-008,Industrial,23,4,0,4.38,22.4,88.6,4.51
6,M06-009,Electrica,22,4,0,3.6,6.2,84.3,2.97
6,M06-010,Sistemas,21,3,1,4.04,4.9,90.6,3.62
6,M06-011,Sistemas,32,2,0,3.72,7.4,81.6,3.37
6,M06-012,Sistemas,23,2,0,2.89,5.7,98.2,3.85
6,M06-013,Industrial,32,2,1,4.5,2.2,76.3,3.06
6,M06-014,Sistemas,30,3,0,3.13,4.6,73.2,3.47
6,M06-015,Sistemas,24,5,0,3.49,6.8,82.8,3.29
6,M06-016,Sistemas,29,2,0,3.77,19.2,89.9,4.02
6,M06-017,Electrica,21,3,0,3.18,10.3,74.1,2.48
6,M06-018,Electrica,21,2,0,3.79,12.8,82.3,3.8
6,M06-019,Electrica,30,3,0,2.81,4.5,94.1,2.6
6,M06-020,Sistemas,24,5,1,3.4,7.2,78.4,2.54
6,M06-021,Sistemas,27,3,0,3.53,11.7,86.2,3.75
6,M06-022,Electrica,24,5,1,3.68,10.9,76.6,2.65
6,M06-023,Industrial,29,2,1,3.37,11.1,74.8,3.51
6,M06-024,Industrial,24,3,0,3.35,15.4,98.0,3.61
6,M06-025,Sistemas,29,2,0,3.69,12.2,81.1,4.47
6,M06-026,Electrica,34,2,0,3.4,5.4,89.7,3.41
6,M06-027,Civil,29,5,0,3.73,13.2,78.8,3.07
6,M06-028,Sistemas,30,3,0,3.94,7.4,100.0,3.58
6,M06-029,Sistemas,25,2,1,3.98,4.0,84.4,3.24
6,M06-030,Sistemas,21,3,1,3.68,3.8,75.5,3.28
6,M06-031,Civil,24,2,1,4.34,9.2,71.8,4.21
6,M06-032,Sistemas,21,3,0,3.3,6.2,85.1,3.12
6,M06-033,Industrial,25,4,0,3.33,9.7,93.6,3.5
6,M06-034,Sistemas,34,4,0,3.53,5.3,81.1,3.16
6,M06-035,Civil,33,2,0,3.29,15.3,75.7,3.75
6,M06-036,Civil,28,5,0,3.11,9.0,87.5,3.05
6,M06-037,Civil,27,3,0,3.84,11.9,79.0,3.31
6,M06-038,Industrial,27,4,0,4.14,14.8,100.0,4.3
6,M06-039,Sistemas,28,4,0,4.15,12.0,97.1,4.1
6,M06-040,Industrial,28,2,0,3.05,5.4,93.8,3.41
6,M06-041,Industrial,30,5,0,3.66,11.7,100.0,3.69
6,M06-042,Sistemas,34,2,1,3.4,8.3,75.9,2.53
6,M06-043,Sistemas,21,3,0,3.56,7.7,79.3,3.46
6,M06-044,Sistemas,21,3,0,3.52,6.3,75.2,3.11
6,M06-045,Sistemas,27,1,0,3.1,7.7,74.6,3.4
6,M06-046,Civil,21,4,0,3.37,5.1,95.8,3.81
6,M06-047,Sistemas,24,4,0,3.04,9.8,88.8,3.13
6,M06-048,Sistemas,29,3,0,3.18,13.0,95.0,3.79
6,M06-049,Industrial,26,2,1,4.05,5.0,95.8,3.02
6,M06-050,Sistemas,29,2,0,3.83,13.9,71.6,4.0
6,M06-051,Sistemas,26,2,0,4.23,7.1,80.9,4.36
6,M06-052,Civil,21,4,1,3.01,8.0,87.7,3.5
6,M06-053,Industrial,27,4,1,3.25,3.1,89.1,2.94
6,M06-054,Civil,31,3,1,3.53,11.3,70.4,3.15
6,M06-055,Civil,27,2,0,3.33,6.2,88.1,3.28
6,M06-056,Electrica,21,3,0,3.27,14.8,95.8,3.21
6,M06-057,Sistemas,30,5,0,3.89,5.0,82.3,3.36
6,M06-058,Sistemas,29,2,1,3.79,10.9,74.9,2.98
6,M06-059,Sistemas,28,4,0,3.72,2.1,83.1,3.96
6,M06-060,Industrial,28,1,0,3.19,16.8,84.2,3.91
6,M06-061,Civil,23,3,0,3.53,7.0,90.0,4.2
6,M06-062,Electrica,26,4,0,3.11,9.9,88.4,3.09
6,M06-063,Industrial,28,3,0,3.95,12.8,85.9,4.5
6,M06-064,Sistemas,29,2,1,3.72,9.9,79.7,2.87
6,M06-065,Electrica,29,4,0,3.65,13.6,97.4,3.59
6,M06-066,Sistemas,28,3,1,3.95,9.4,78.7,3.83
6,M06-067,Electrica,23,4,1,3.9,6.2,71.7,3.44
6,M06-068,Industrial,22,3,1,3.93,5.5,90.3,2.98
6,M06-069,Sistemas,28,3,0,3.29,15.4,80.2,3.37
6,M06-070,Electrica,25,3,0,2.93,9.6,90.4,3.2
6,M06-071,Sistemas,27,1,0,3.17,13.1,69.4,3.89
6,M06-072,Industrial,21,3,0,2.83,7.0,77.3,3.01
6,M06-073,Sistemas,23,4,0,3.62,7.7,80.5,3.96
6,M06-074,Sistemas,30,2,0,3.13,2.8,97.3,2.8
6,M06-075,Industrial,32,2,0,3.89,8.0,80.7,3.62
6,M06-076,Industrial,26,5,0,4.39,10.7,95.7,4.64
6,M06-077,Industrial,25,3,1,3.52,7.7,81.8,3.25
6,M06-078,Civil,21,5,1,3.36,2.5,83.1,2.35
6,M06-079,Industrial,28,4,0,3.84,22.0,90.9,4.39
6,M06-080,Sistemas,34,3,0,4.53,13.4,87.8,4.36
6,M06-081,Industrial,25,3,0,3.49,3.2,82.3,2.78
6,M06-082,Sistemas,36,1,1,4.35,3.9,74.5,3.78
6,M06-083,Sistemas,27,3,0,2.95,4.3,87.8,2.65
6,M06-084,Civil,22,4,0,3.31,9.1,95.2,3.84
6,M06-085,Sistemas,27,4,0,3.76,8.2,74.8,2.72
6,M06-086,Sistemas,29,6,1,3.66,6.6,89.6,3.47
6,M06-087,Industrial,21,2,0,4.16,2.1,86.8,3.37
6,M06-088,Electrica,24,2,0,3.52,6.8,84.3,3.18
6,M06-089,Sistemas,26,4,0,3.39,6.0,80.8,3.23
6,M06-090,Industrial,30,2,0,4.21,9.3,82.6,4.24
6,M06-091,Electrica,29,1,0,3.72,11.2,82.6,3.74
6,M06-092,Civil,29,4,1,4.28,5.3,74.2,3.63
6,M06-093,Sistemas,28,5,1,3.68,12.1,70.4,3.25
6,M06-094,Electrica,31,4,1,2.85,5.6,93.3,3.14
6,M06-095,Civil,29,2,0,3.78,10.5,88.8,3.14
6,M06-096,Civil,31,2,1,3.47,1.6,46.3,2.03
6,M06-097,Electrica,29,3,0,3.63,19.7,87.8,5.0
6,M06-098,Sistemas,30,2,1,4.15,6.4,75.6,3.53
6,M06-099,Industrial,26,4,0,3.38,9.4,90.5,3.21
6,M06-100,Sistemas,28,4,1,4.48,11.8,79.2,4.59
6,M06-101,Sistemas,24,5,0,3.85,2.8,78.2,2.67
6,M06-102,Electrica,30,2,0,4.14,2.9,77.4,3.82
6,M06-103,Industrial,28,3,1,3.28,2.0,79.1,2.65
6,M06-104,Electrica,27,3,1,3.54,1.3,97.5,2.87
6,M06-105,Sistemas,28,6,0,3.37,13.8,75.9,2.87
6,M06-106,Industrial,31,2,1,4.15,3.3,85.7,3.35
6,M06-107,Industrial,29,4,0,3.96,4.8,99.3,3.42
6,M06-108,Electrica,27,4,0,2.64,24.6,87.3,3.89
6,M06-109,Civil,36,4,1,3.34,9.5,95.9,3.1
6,M06-110,Industrial,27,3,0,3.69,3.3,88.9,3.34
6,M06-111,Electrica,27,3,1,3.84,10.0,73.2,3.55
6,M06-112,Sistemas,21,2,0,3.46,3.5,72.4,2.78
6,M06-113,Electrica,28,4,1,3.72,9.1,83.8,3.03
6,M06-114,Sistemas,24,3,1,3.87,7.3,73.6,3.11
6,M06-115,Sistemas,27,6,1,3.28,4.7,78.1,2.47
6,M06-116,Sistemas,30,2,0,4.14,12.1,82.2,3.64
6,M06-117,Industrial,25,1,0,3.49,4.4,85.6,3.35
6,M06-118,Electrica,28,1,0,4.15,4.5,77.6,2.99
6,M06-119,Electrica,28,4,0,3.97,7.1,92.8,3.96
6,M06-120,Sistemas,28,2,1,4.14,6.4,65.8,3.23
6,M06-121,Sistemas,38,2,1,3.68,1.9,67.5,2.93
6,M06-122,Sistemas,22,3,0,3.88,3.5,95.0,3.94
6,M06-123,Industrial,32,2,1,3.63,0.9,70.9,1.78
6,M06-124,Sistemas,33,1,1,4.11,3.3,97.1,3.38
6,M06-125,Electrica,28,3,0,2.96,7.7,87.9,3.31
6,M06-126,Sistemas,29,3,0,3.98,3.4,87.5,2.99
6,M06-127,Industrial,31,1,1,3.31,0.5,86.4,2.74
6,M06-128,Industrial,26,3,1,3.77,1.1,92.9,3.29
6,M06-129,Sistemas,29,3,1,2.82,6.3,100.0,2.17
6,M06-130,Civil,21,3,1,3.79,4.9,86.7,3.05
6,M06-131,Sistemas,25,4,1,3.3,4.8,78.7,2.56
6,M06-132,Sistemas,27,4,0,3.3,12.3,70.7,3.61
6,M06-133,Electrica,30,2,0,3.77,6.9,100.0,3.99
6,M06-134,Sistemas,32,3,0,3.46,16.5,93.1,3.26
6,M06-135,Sistemas,24,1,0,3.18,10.1,90.1,3.37
6,M06-136,Sistemas,33,3,1,3.72,3.5,71.1,3.13
6,M06-137,Industrial,21,6,0,4.28,4.4,82.5,3.53
6,M06-138,Sistemas,21,4,0,4.24,15.8,81.7,3.93
6,M06-139,Sistemas,31,3,1,3.33,6.1,78.2,2.91
6,M06-140,Civil,28,3,1,3.22,19.2,63.6,3.39
6,M06-141,Electrica,30,3,0,3.42,6.1,90.8,3.22
6,M06-142,Industrial,26,4,1,4.24,10.2,77.1,3.65
6,M06-143,Sistemas,24,2,0,3.25,1.9,72.4,2.72
6,M06-144,Industrial,29,4,1,3.7,2.4,81.0,2.75
6,M06-145,Sistemas,30,5,1,3.46,0.5,73.5,2.7
6,M06-146,Industrial,33,4,0,2.72,6.1,94.6,2.3
6,M06-147,Civil,31,1,0,3.7,11.1,84.0,3.29
6,M06-148,Industrial,28,1,0,3.64,9.7,75.3,4.07
6,M06-149,Electrica,21,3,1,2.6,3.0,62.8,2.34
6,M06-150,Electrica,33,1,0,3.61,10.0,85.2,4.09
6,M06-151,Industrial,28,3,0,3.5,17.7,80.0,3.89
6,M06-152,Sistemas,21,4,0,3.49,10.2,78.1,2.74
6,M06-153,Civil,21,2,0,3.88,8.7,78.5,3.97
6,M06-154,Electrica,41,1,1,2.41,2.3,88.7,1.95
6,M06-155,Civil,29,5,1,3.58,5.1,90.4,3.23
6,M06-156,Industrial,28,4,0,3.92,4.1,68.4,3.13
6,M06-157,Industrial,33,2,1,2.83,13.1,80.6,3.09
6,M06-158,Electrica,23,2,1,3.0,0.7,79.4,2.2
6,M06-159,Sistemas,31,5,1,3.85,5.7,71.7,2.91
6,M06-160,Civil,28,2,1,4.28,1.4,84.7,2.81
6,M06-161,Industrial,21,3,1,3.39,5.7,80.6,3.18
6,M06-162,Sistemas,29,4,1,4.21,4.9,85.9,3.54
6,M06-163,Electrica,22,3,1,3.54,4.6,80.5,2.81
6,M06-164,Sistemas,24,1,0,4.48,12.9,88.7,4.39
6,M06-165,Industrial,30,5,1,3.64,10.8,94.8,3.42
6,M06-166,Sistemas,30,2,0,4.44,21.1,96.2,4.8
6,M06-167,Electrica,22,4,0,3.39,10.5,88.3,4.26
6,M06-168,Civil,24,3,0,3.56,6.1,91.1,3.72
6,M06-169,Sistemas,28,3,0,4.02,11.1,100.0,3.92
6,M06-170,Civil,30,4,1,3.73,10.4,87.7,3.33
6,M06-171,Sistemas,25,5,0,4.75,9.1,71.8,4.52
6,M06-172,Industrial,21,2,0,3.24,7.6,67.1,3.65
6,M06-173,Sistemas,30,2,1,4.25,6.4,80.3,3.35
6,M06-174,Civil,31,4,0,3.97,9.7,77.1,3.76
6,M06-175,Civil,33,2,0,4.17,17.1,85.3,4.75
6,M06-176,Industrial,29,1,0,3.26,9.9,86.1,3.58
6,M06-177,Electrica,25,2,0,3.86,4.7,100.0,3.69
6,M06-178,Electrica,23,6,0,3.97,3.7,80.7,3.47
6,M06-179,Sistemas,28,5,0,3.62,4.6,100.0,3.32
6,M06-180,Sistemas,37,4,0,4.35,11.2,91.2,4.04
6,M06-181,Sistemas,28,4,0,3.28,9.2,72.7,3.29
6,M06-182,Industrial,31,1,0,3.61,7.7,82.4,3.53
6,M06-183,Industrial,25,3,0,3.68,10.6,97.7,3.92
6,M06-184,Industrial,42,2,1,4.27,13.6,87.4,3.9
6,M06-185,Electrica,29,6,0,3.72,8.4,84.4,2.8
6,M06-186,Civil,35,4,0,3.58,8.1,79.3,3.76
6,M06-187,Civil,26,4,0,3.78,4.5,86.7,3.73
6,M06-188,Sistemas,22,2,1,3.44,1.6,76.3,2.43
6,M06-189,Electrica,34,5,1,3.48,11.9,78.0,3.48
6,M06-190,Civil,31,3,0,3.64,2.0,68.0,2.93
6,M06-191,Electrica,26,3,0,3.49,5.6,100.0,3.49
6,M06-192,Electrica,27,4,1,2.81,14.0,82.4,2.88
6,M06-193,Sistemas,32,4,0,3.54,4.6,72.9,2.64
6,M06-194,Industrial,29,3,1,3.54,1.7,95.9,3.23
6,M06-195,Sistemas,40,4,0,3.5,4.4,70.6,3.41
6,M06-196,Sistemas,32,5,0,3.64,8.2,87.5,3.68
6,M06-197,Sistemas,30,3,0,3.1,9.1,81.7,2.86
6,M06-198,Industrial,21,4,1,2.93,4.3,73.6,2.39
6,M06-199,Civil,28,3,0,3.36,9.2,88.7,3.71
6,M06-200,Sistemas,26,3,1,3.46,5.2,80.5,2.98
6,M06-201,Industrial,29,6,0,3.63,10.0,86.3,2.75
6,M06-202,Electrica,26,2,1,3.61,2.7,92.0,2.64
6,M06-203,Sistemas,32,3,0,3.96,20.9,85.4,4.4
6,M06-204,Sistemas,32,2,0,4.27,12.3,87.4,4.06
6,M06-205,Sistemas,35,4,1,3.77,15.2,75.2,3.87
6,M06-206,Industrial,28,5,0,3.55,16.7,86.7,4.05
6,M06-207,Industrial,35,2,0,3.5,3.9,86.6,3.19
6,M06-208,Industrial,26,4,1,4.16,11.8,88.7,4.25
6,M06-209,Sistemas,35,1,1,3.77,10.1,82.1,3.15
6,M06-210,Sistemas,26,2,0,3.6,8.6,72.0,3.32
6,M06-211,Industrial,21,3,1,3.53,3.3,83.9,2.86
6,M06-212,Industrial,31,3,0,4.75,7.3,82.2,3.96
6,M06-213,Sistemas,23,3,0,3.68,6.1,98.7,2.85
6,M06-214,Sistemas,26,5,1,4.34,4.2,86.6,4.18
6,M06-215,Sistemas,27,1,1,3.93,9.5,85.0,4.02
6,M06-216,Electrica,27,3,0,3.48,12.1,91.5,3.71
6,M06-217,Industrial,33,3,0,3.87,5.0,86.6,3.33
6,M06-218,Industrial,25,3,0,4.05,8.8,92.8,4.18
6,M06-219,Sistemas,25,5,0,2.84,10.4,81.3,3.34
6,M06-220,Sistemas,29,2,0,3.49,8.1,90.6,3.45
6,M06-221,Sistemas,34,2,1,3.12,11.2,94.4,3.39
6,M06-222,Industrial,24,3,0,3.43,28.8,100.0,4.88
6,M06-223,Civil,30,3,0,3.84,14.6,82.6,4.29
6,M06-224,Electrica,23,3,0,3.92,6.8,81.9,3.81
6,M06-225,Civil,21,3,1,3.18,11.6,81.0,2.52
6,M06-226,Electrica,29,2,0,4.5,19.6,90.5,4.88
6,M06-227,Electrica,27,2,1,3.11,8.4,66.9,3.22
6,M06-228,Electrica,29,3,0,3.41,7.5,87.1,3.31
6,M06-229,Industrial,24,2,1,3.39,3.5,75.5,2.46
6,M06-230,Sistemas,30,5,1,4.28,3.2,65.6,3.37
6,M06-231,Civil,27,3,0,3.32,6.9,78.0,2.92
6,M06-232,Sistemas,31,2,0,4.19,7.7,93.1,4.06
6,M06-233,Industrial,29,2,1,3.56,6.5,81.6,3.04
6,M06-234,Industrial,21,4,0,3.69,14.7,84.4,4.16
6,M06-235,Sistemas,27,2,0,3.55,11.4,100.0,4.42
6,M06-236,Industrial,22,3,1,2.23,13.1,61.7,2.19
6,M06-237,Electrica,26,3,0,2.59,12.8,90.5,3.62
6,M06-238,Industrial,32,3,1,4.29,6.0,88.4,3.89
6,M06-239,Sistemas,26,5,0,4.03,12.9,77.3,4.3
6,M06-240,Industrial,31,5,1,3.64,9.2,92.1,3.01
6,M06-241,Sistemas,29,5,0,4.28,9.6,96.7,4.31
6,M06-242,Civil,21,4,1,3.23,4.1,78.4,1.98
6,M06-243,Civil,30,5,0,4.33,16.2,77.3,4.48
6,M06-244,Sistemas,28,3,0,3.59,11.6,96.3,4.2
6,M06-245,Electrica,33,3,0,3.33,5.3,94.6,3.05
6,M06-246,Industrial,26,4,0,3.95,5.4,88.6,3.65
6,M06-247,Electrica,21,5,0,3.07,9.1,88.2,2.4
6,M06-248,Sistemas,29,5,1,3.0,11.1,73.4,2.82
6,M06-249,Sistemas,25,3,0,3.02,6.7,90.1,2.88
6,M06-250,Sistemas,27,3,0,4.81,16.6,79.1,4.32
6,M06-251,Sistemas,27,3,1,3.64,0.5,77.5,2.57
6,M06-252,Industrial,23,2,0,3.75,10.0,71.5,4.04
6,M06-253,Sistemas,29,5,0,4.15,4.8,79.3,3.13
6,M06-254,Sistemas,21,3,0,2.95,6.2,80.2,3.11
6,M06-255,Industrial,25,3,0,3.42,13.3,93.5,3.47
6,M06-256,Sistemas,23,5,0,3.85,6.5,89.5,3.51
6,M06-257,Sistemas,25,3,0,3.2,12.7,88.4,3.64
6,M06-258,Industrial,31,2,0,3.51,9.9,100.0,3.25
6,M06-259,Sistemas,27,2,0,3.65,5.5,84.7,3.17
6,M06-260,Industrial,21,2,1,3.12,10.2,73.1,2.79
6,M06-261,Industrial,28,2,1,2.86,4.1,81.2,2.35
6,M06-262,Electrica,32,2,0,4.42,8.7,84.4,3.68
6,M06-263,Sistemas,27,4,0,3.94,2.3,75.3,3.52
6,M06-264,Sistemas,22,3,0,3.25,3.6,82.5,2.56
6,M06-265,Industrial,38,3,0,4.57,16.3,99.1,4.49
6,M06-266,Sistemas,30,3,0,4.32,10.4,78.4,3.9
6,M06-267,Sistemas,29,4,0,3.34,7.4,84.6,3.25
6,M06-268,Sistemas,29,3,0,4.26,4.6,87.9,4.02
6,M06-269,Sistemas,21,4,1,3.45,13.4,79.5,3.8
6,M06-270,Sistemas,30,3,0,3.64,5.6,85.4,3.0
6,M06-271,Electrica,21,3,0,3.55,4.1,84.7,3.36
6,M06-272,Sistemas,29,3,0,4.52,20.7,90.3,4.97
6,M06-273,Electrica,29,4,0,3.24,15.5,90.4,3.49
6,M06-274,Sistemas,34,3,0,4.54,9.1,89.7,3.89
6,M06-275,Civil,28,3,0,4.28,9.6,95.5,4.11
6,M06-276,Sistemas,31,1,0,2.83,10.6,77.0,3.03
6,M06-277,Sistemas,22,5,0,3.78,6.3,90.8,3.34
6,M06-278,Civil,30,2,0,3.85,9.8,94.1,3.72
6,M06-279,Sistemas,26,2,0,4.18,16.9,87.9,4.69
6,M06-280,Electrica,25,2,1,4.06,12.3,70.4,3.63
6,M06-281,Civil,31,2,0,3.9,8.1,89.6,2.69
6,M06-282,Electrica,22,3,1,3.75,5.5,90.5,2.89
6,M06-283,Sistemas,24,3,0,2.88,4.0,92.2,3.05
6,M06-284,Sistemas,21,5,0,3.87,6.9,79.3,3.42
6,M06-285,Electrica,21,2,0,4.47,6.4,80.9,4.42
6,M06-286,Industrial,23,3,0,3.91,5.4,91.1,3.25
6,M06-287,Industrial,23,4,1,3.77,3.1,82.0,3.4
6,M06-288,Sistemas,31,4,0,3.73,4.3,78.9,3.01
6,M06-289,Civil,29,2,0,3.02,4.8,75.1,2.45
6,M06-290,Sistemas,25,4,0,3.85,6.8,67.5,3.5
6,M06-291,Industrial,25,2,0,3.6,9.3,91.8,4.13
6,M06-292,Sistemas,30,3,0,3.62,4.3,82.0,3.27
6,M06-293,Civil,31,2,1,3.65,0.7,85.1,2.47
6,M06-294,Industrial,24,3,0,3.66,13.1,82.2,3.33
6,M06-295,Electrica,34,1,0,3.16,16.7,88.6,3.72
6,M06-296,Industrial,27,3,1,4.04,6.4,84.4,3.69
6,M06-297,Electrica,33,4,0,3.4,7.5,88.8,3.97
6,M06-298,Civil,32,1,1,3.67,3.7,69.3,2.65
6,M06-299,Civil,27,2,0,3.6,9.2,87.4,3.7
6,M06-300,Electrica,27,3,0,5.0,16.6,95.1,4.98
7,M07-001,Sistemas,22,4,0,4.34,4.8,87.3,3.98
7,M07-002,Industrial,31,1,0,4.05,8.7,93.6,3.93
7,M07-003,Sistemas,26,2,0,3.49,10.6,90.2,3.45
7,M07-004,Industrial,28,2,0,4.45,26.4,74.5,4.49
7,M07-005,Electrica,21,2,0,4.66,9.8,100.0,4.55
7,M07-006,Sistemas,33,3,1,3.09,4.5,88.7,2.72
7,M07-007,Electrica,25,2,0,3.67,12.2,100.0,4.15
7,M07-008,Civil,26,3,1,3.66,9.8,80.4,3.02
7,M07-009,Industrial,21,1,0,3.91,10.1,84.1,3.77
7,M07-010,Sistemas,26,2,0,4.33,20.8,100.0,4.84
7,M07-011,Civil,25,3,0,4.5,11.3,76.0,3.56
7,M07-012,Industrial,24,3,0,2.93,11.6,79.8,2.8
7,M07-013,Sistemas,35,3,0,2.54,8.9,81.8,3.49
7,M07-014,Electrica,33,4,1,4.3,1.0,100.0,3.06
7,M07-015,Civil,23,2,1,3.09,5.5,74.1,2.55
7,M07-016,Industrial,34,6,1,3.65,9.6,77.8,3.62
7,M07-017,Sistemas,24,2,1,3.41,12.9,88.5,3.22
7,M07-018,Sistemas,21,5,0,4.01,10.0,89.6,3.59
7,M07-019,Electrica,24,6,0,3.91,5.8,85.8,4.07
7,M07-020,Sistemas,31,3,1,2.84,21.6,91.2,3.93
7,M07-021,Civil,30,4,0,3.81,9.6,88.7,3.73
7,M07-022,Sistemas,22,3,1,3.85,6.9,86.7,3.16
7,M07-023,Sistemas,26,3,1,4.13,11.2,75.0,3.63
7,M07-024,Sistemas,30,1,0,4.46,10.8,81.3,4.25
7,M07-025,Electrica,21,4,1,3.97,3.1,82.7,3.41
7,M07-026,Industrial,27,3,0,3.63,5.0,82.9,3.69
7,M07-027,Civil,27,2,0,2.08,25.9,84.1,4.33
7,M07-028,Electrica,28,2,0,3.87,10.9,100.0,3.95
7,M07-029,Electrica,30,3,0,3.48,14.5,100.0,3.5
7,M07-030,Sistemas,26,4,0,3.98,18.4,87.0,4.84
7,M07-031,Sistemas,24,2,1,3.36,13.6,86.6,2.98
7,M07-032,Industrial,33,3,0,3.61,6.2,77.9,3.51
7,M07-033,Sistemas,21,3,0,4.15,7.2,95.2,3.45
7,M07-034,Sistemas,28,1,0,3.18,6.4,85.0,3.61
7,M07-035,Electrica,31,3,1,5.0,1.0,78.2,3.39
7,M07-036,Industrial,32,4,1,3.96,7.1,96.0,3.72
7,M07-037,Civil,28,2,0,3.44,3.0,87.3,3.69
7,M07-038,Industrial,36,1,0,2.78,6.1,89.1,3.15
7,M07-039,Industrial,21,2,0,3.39,2.3,81.1,3.24
7,M07-040,Industrial,34,2,0,3.32,8.6,96.0,3.42
7,M07-041,Electrica,26,1,1,3.41,5.8,85.2,2.75
7,M07-042,Sistemas,34,1,1,4.16,10.7,90.9,4.04
7,M07-043,Sistemas,24,2,0,3.6,7.0,93.8,4.06
7,M07-044,Civil,22,5,0,4.06,4.8,78.3,3.36
7,M07-045,Sistemas,26,5,0,3.88,7.9,95.8,4.04
7,M07-046,Industrial,32,5,0,4.48,23.6,74.4,4.69
7,M07-047,Industrial,22,2,0,3.85,6.3,84.2,2.77
7,M07-048,Civil,26,3,0,2.93,8.7,91.3,3.47
7,M07-049,Industrial,25,3,0,2.81,5.6,77.0,2.84
7,M07-050,Sistemas,35,4,1,4.12,3.3,85.7,3.74
7,M07-051,Civil,21,2,0,4.43,11.0,96.3,4.09
7,M07-052,Sistemas,24,5,0,2.88,10.1,90.1,3.24
7,M07-053,Electrica,24,3,1,4.54,3.7,85.4,3.54
7,M07-054,Electrica,31,4,1,3.37,4.2,71.4,2.98
7,M07-055,Sistemas,28,4,1,3.36,15.3,91.1,3.71
7,M07-056,Civil,29,2,1,2.99,10.2,89.4,2.63
7,M07-057,Sistemas,27,5,1,3.31,6.2,77.5,2.56
7,M07-058,Civil,28,3,0,3.06,22.8,74.2,3.75
7,M07-059,Electrica,31,3,0,4.14,8.3,75.1,3.99
7,M07-060,Industrial,23,6,0,2.77,9.7,88.2,3.43
7,M07-061,Industrial,27,2,1,3.19,4.0,97.2,3.09
7,M07-062,Industrial,31,3,0,3.52,7.2,78.3,3.25
7,M07-063,Sistemas,23,3,1,4.17,4.6,85.0,4.17
7,M07-064,Industrial,21,4,0,3.71,2.4,91.6,3.68
7,M07-065,Sistemas,32,1,0,3.1,9.9,80.5,3.22
7,M07-066,Sistemas,21,3,0,3.62,11.7,84.2,3.76
7,M07-067,Sistemas,30,3,0,3.58,15.6,71.4,3.64
7,M07-068,Sistemas,27,5,1,3.49,0.5,74.3,1.97
7,M07-069,Electrica,21,5,1,4.95,4.7,58.9,3.39
7,M07-070,Industrial,31,2,1,3.74,8.5,91.3,3.26
7,M07-071,Sistemas,33,2,0,4.01,20.9,69.5,3.8
7,M07-072,Industrial,30,3,1,3.72,2.8,65.3,2.67
7,M07-073,Sistemas,23,1,0,4.16,12.6,84.5,4.67
7,M07-074,Industrial,21,3,1,3.2,6.3,73.1,2.8
7,M07-075,Civil,21,4,0,3.58,5.8,83.3,3.37
7,M07-076,Sistemas,26,5,0,3.79,9.7,78.0,3.1
7,M07-077,Sistemas,29,2,0,3.41,5.6,98.8,3.15
7,M07-078,Civil,30,2,1,3.58,9.5,98.3,3.61
7,M07-079,Civil,24,5,1,3.39,3.9,84.0,2.45
7,M07-080,Electrica,34,6,0,3.41,9.2,100.0,3.53
7,M07-081,Electrica,22,4,1,3.99,6.4,82.2,4.0
7,M07-082,Electrica,34,2,1,4.01,10.6,76.9,3.77
7,M07-083,Electrica,21,2,0,3.12,7.5,70.9,3.19
7,M07-084,Electrica,32,3,0,3.61,14.2,74.1,3.69
7,M07-085,Sistemas,24,2,1,3.09,12.1,80.1,2.75
7,M07-086,Industrial,28,4,0,3.21,14.3,88.5,3.54
7,M07-087,Sistemas,30,2,1,3.73,8.6,96.6,3.53
7,M07-088,Industrial,30,4,1,4.4,9.7,91.0,3.99
7,M07-089,Sistemas,22,2,0,3.59,6.6,69.6,3.45
7,M07-090,Industrial,23,2,0,4.15,14.3,91.3,4.08
7,M07-091,Electrica,30,1,1,3.75,6.1,80.8,2.7
7,M07-092,Electrica,22,1,0,4.06,8.8,99.1,3.65
7,M07-093,Electrica,25,3,0,3.02,18.5,75.3,3.61
7,M07-094,Sistemas,35,2,1,3.57,12.2,81.3,2.77
7,M07-095,Electrica,28,2,1,3.77,12.7,93.7,4.11
7,M07-096,Sistemas,30,3,0,3.28,5.7,67.2,3.04
7,M07-097,Sistemas,30,6,0,3.07,7.4,77.1,3.51
7,M07-098,Industrial,28,3,1,4.06,4.5,82.6,3.2
7,M07-099,Sistemas,25,2,0,3.58,18.6,100.0,3.93
7,M07-100,Sistemas,28,2,0,3.99,1.5,68.1,2.98
7,M07-101,Sistemas,29,2,1,3.16,6.4,91.9,2.51
7,M07-102,Electrica,24,3,0,3.16,6.0,77.9,3.44
7,M07-103,Industrial,26,3,0,3.95,9.9,90.3,3.63
7,M07-104,Industrial,27,5,0,3.86,28.2,97.5,4.39
7,M07-105,Industrial,28,5,0,3.03,5.7,83.7,2.27
7,M07-106,Electrica,21,3,1,4.73,6.4,78.0,4.33
7,M07-107,Industrial,27,3,1,2.65,11.3,78.4,2.75
7,M07-108,Sistemas,28,3,0,4.3,6.0,91.0,4.01
7,M07-109,Industrial,29,3,1,4.61,11.6,70.0,3.62
7,M07-110,Sistemas,25,2,1,4.16,0.9,84.1,3.18
7,M07-111,Sistemas,28,2,0,4.87,10.0,78.7,4.12
7,M07-112,Sistemas,30,6,0,4.05,8.3,93.6,3.9
7,M07-113,Electrica,33,3,0,4.08,4.0,89.9,3.61
7,M07-114,Civil,32,1,0,3.5,4.8,77.7,3.06
7,M07-115,Sistemas,27,4,1,4.23,10.2,75.8,3.78
7,M07-116,Civil,23,5,0,3.82,20.0,90.1,4.23
7,M07-117,Electrica,33,2,0,3.74,10.4,79.4,3.11
7,M07-118,Electrica,25,3,0,3.28,7.2,84.7,2.34
7,M07-119,Industrial,25,3,0,4.54,11.7,100.0,4.6
7,M07-120,Electrica,30,4,0,4.55,5.4,89.8,4.39
7,M07-121,Industrial,27,3,0,3.53,17.5,82.6,4.13
7,M07-122,Sistemas,27,6,0,3.34,13.6,95.6,4.07
7,M07-123,Industrial,30,2,0,3.68,16.3,80.4,3.64
7,M07-124,Electrica,31,4,0,3.42,9.4,79.2,3.42
7,M07-125,Sistemas,23,4,0,3.95,6.4,90.1,3.58
7,M07-126,Sistemas,28,2,0,3.87,12.8,91.9,4.35
7,M07-127,Civil,23,1,0,2.93,4.3,83.9,3.32
7,M07-128,Sistemas,26,5,1,3.35,3.9,88.0,3.05
7,M07-129,Sistemas,35,3,1,3.16,12.2,82.1,3.24
7,M07-130,Sistemas,28,4,0,3.36,7.1,94.3,2.86
7,M07-131,Industrial,28,5,0,4.02,9.8,77.5,3.33
7,M07-132,Electrica,21,2,1,3.37,3.8,75.7,2.73
7,M07-133,Sistemas,33,5,1,3.28,9.2,86.5,3.24
7,M07-134,Electrica,22,5,1,3.77,6.6,92.5,3.44
7,M07-135,Sistemas,37,3,0,3.2,7.5,86.4,3.6
7,M07-136,Industrial,27,3,0,3.91,17.2,65.3,3.86
7,M07-137,Industrial,29,2,1,3.68,2.7,76.1,3.13
7,M07-138,Sistemas,31,4,0,3.35,16.7,78.7,4.11
7,M07-139,Industrial,27,2,0,3.41,5.7,88.3,3.47
7,M07-140,Civil,24,3,0,4.33,2.5,90.7,3.88
7,M07-141,Industrial,29,3,0,3.83,4.9,99.2,3.74
7,M07-142,Civil,26,3,1,2.73,1.9,70.3,2.21
7,M07-143,Sistemas,23,1,1,3.22,11.3,97.1,2.87
7,M07-144,Civil,27,3,1,2.99,4.2,73.4,2.47
7,M07-145,Sistemas,31,3,0,3.75,5.2,88.7,3.46
7,M07-146,Industrial,29,1,1,3.31,4.4,67.8,2.57
7,M07-147,Industrial,32,2,1,3.66,8.5,85.8,3.1
7,M07-148,Sistemas,29,4,0,3.75,8.0,86.2,3.36
7,M07-149,Industrial,29,5,1,4.42,3.0,79.3,3.66
7,M07-150,Sistemas,24,1,0,3.37,5.7,93.5,3.42
7,M07-151,Electrica,30,5,0,3.63,9.9,83.8,3.27
7,M07-152,Sistemas,32,5,1,3.65,20.8,65.2,3.76
7,M07-153,Sistemas,31,3,1,3.12,7.7,84.7,2.3
7,M07-154,Industrial,24,5,0,3.99,13.8,89.3,3.83
7,M07-155,Industrial,28,3,1,3.52,13.5,66.9,3.63
7,M07-156,Sistemas,26,3,1,3.8,3.9,69.9,2.76
7,M07-157,Sistemas,29,2,0,3.41,4.9,88.7,2.71
7,M07-158,Industrial,30,3,1,3.94,5.0,90.4,3.46
7,M07-159,Sistemas,27,2,1,3.77,1.9,78.3,2.93
7,M07-160,Industrial,33,3,0,3.16,5.7,91.2,3.31
7,M07-161,Sistemas,25,2,1,3.64,2.5,68.8,1.84
7,M07-162,Civil,27,2,0,3.65,3.1,82.4,3.04
7,M07-163,Electrica,27,3,0,3.91,8.8,85.8,3.37
7,M07-164,Civil,32,4,0,3.52,12.5,76.5,3.73
7,M07-165,Sistemas,34,4,0,2.72,5.0,67.8,2.72
7,M07-166,Sistemas,29,4,0,3.11,29.0,82.3,4.1
7,M07-167,Industrial,26,3,0,2.84,15.3,97.3,3.4
7,M07-168,Electrica,21,2,1,3.64,3.2,67.6,3.09
7,M07-169,Civil,33,3,1,2.99,10.5,76.9,3.26
7,M07-170,Sistemas,21,3,1,4.29,3.7,68.2,3.33
7,M07-171,Civil,28,5,1,3.47,12.1,83.9,3.44
7,M07-172,Industrial,28,5,0,2.97,22.2,94.1,3.17
7,M07-173,Industrial,31,2,1,3.13,6.0,82.6,2.65
7,M07-174,Electrica,24,3,0,3.35,18.7,83.1,3.91
7,M07-175,Civil,22,3,1,4.04,3.9,71.1,3.44
7,M07-176,Sistemas,26,5,1,3.14,6.4,70.5,2.93
7,M07-177,Electrica,33,4,1,3.13,3.3,97.8,2.8
7,M07-178,Electrica,26,4,0,4.57,22.3,100.0,5.0
7,M07-179,Sistemas,33,2,1,3.52,10.1,56.3,3.15
7,M07-180,Sistemas,33,2,1,3.46,4.7,92.7,2.92
7,M07-181,Electrica,23,3,0,3.31,3.5,92.1,3.57
7,M07-182,Civil,23,5,0,3.81,22.7,69.7,4.58
7,M07-183,Industrial,26,5,0,3.92,13.5,85.0,3.58
7,M07-184,Industrial,29,3,0,3.66,8.3,70.0,3.39
7,M07-185,Sistemas,29,2,1,3.85,12.5,85.3,2.84
7,M07-186,Electrica,29,2,0,2.56,5.2,89.1,3.04
7,M07-187,Electrica,25,2,1,4.16,15.0,69.5,3.35
7,M07-188,Industrial,28,3,0,4.21,19.1,100.0,4.43
7,M07-189,Electrica,21,3,0,3.16,15.4,88.6,3.41
7,M07-190,Sistemas,34,3,0,3.42,9.3,76.5,4.27
7,M07-191,Electrica,27,3,0,3.58,8.2,91.5,3.18
7,M07-192,Electrica,26,2,0,2.9,9.4,94.3,3.38
7,M07-193,Sistemas,26,4,0,3.78,11.2,82.4,3.68
7,M07-194,Civil,23,1,0,3.85,25.5,100.0,4.96
7,M07-195,Industrial,34,4,1,3.4,0.5,69.0,2.31
7,M07-196,Sistemas,30,3,0,2.5,3.9,88.1,3.05
7,M07-197,Industrial,33,5,0,4.11,9.0,88.6,4.25
7,M07-198,Sistemas,27,3,1,2.99,9.7,90.1,2.67
7,M07-199,Sistemas,30,1,0,2.69,8.8,73.4,2.73
7,M07-200,Electrica,22,5,1,4.06,1.0,70.8,3.09
7,M07-201,Civil,24,3,0,3.43,17.2,87.1,4.08
7,M07-202,Electrica,26,2,1,3.66,3.6,68.2,2.85
7,M07-203,Industrial,24,3,0,4.17,13.1,76.5,3.65
7,M07-204,Electrica,24,2,0,3.56,13.7,84.7,3.7
7,M07-205,Sistemas,27,5,0,3.54,6.1,80.0,2.65
7,M07-206,Industrial,28,2,1,4.3,10.3,90.2,3.97
7,M07-207,Electrica,26,2,1,2.78,3.7,68.1,2.71
7,M07-208,Sistemas,24,3,0,3.61,14.1,86.8,3.65
7,M07-209,Sistemas,30,2,1,3.47,3.9,71.7,3.28
7,M07-210,Sistemas,21,5,0,3.39,18.4,99.3,3.91
7,M07-211,Sistemas,25,3,1,3.15,2.6,83.6,2.4
7,M07-212,Sistemas,33,1,0,3.74,8.8,74.6,3.18
7,M07-213,Sistemas,22,3,1,3.51,2.9,74.9,2.78
7,M07-214,Sistemas,37,4,1,4.17,8.7,76.8,3.63
7,M07-215,Electrica,26,3,0,3.97,3.1,85.5,2.77
7,M07-216,Sistemas,34,3,1,4.01,15.4,100.0,3.78
7,M07-217,Sistemas,26,4,0,4.01,10.4,71.5,3.87
7,M07-218,Sistemas,22,3,1,3.65,4.4,77.8,2.71
7,M07-219,Civil,30,3,0,3.47,15.0,100.0,4.29
7,M07-220,Industrial,31,3,0,3.52,22.9,89.1,4.23
7,M07-221,Industrial,28,4,1,3.88,7.3,77.0,3.59
7,M07-222,Electrica,33,6,1,3.3,11.4,98.0,3.79
7,M07-223,Civil,33,4,0,3.49,8.4,90.1,3.74
7,M07-224,Industrial,26,2,0,3.2,7.1,87.7,3.5
7,M07-225,Industrial,32,4,0,3.52,3.0,96.8,3.64
7,M07-226,Electrica,31,3,0,3.38,8.5,88.2,3.38
7,M07-227,Industrial,30,3,0,3.35,5.0,91.5,3.34
7,M07-228,Sistemas,29,5,0,4.2,5.8,82.5,4.08
7,M07-229,Sistemas,27,4,1,3.41,4.6,78.1,2.66
7,M07-230,Sistemas,25,5,0,3.7,3.5,92.8,3.33
7,M07-231,Sistemas,31,3,1,3.04,2.8,77.9,2.67
7,M07-232,Sistemas,31,5,1,3.86,11.6,79.0,3.04
7,M07-233,Civil,34,3,0,3.2,12.0,67.7,3.44
7,M07-234,Industrial,27,3,0,3.53,5.5,86.9,3.71
7,M07-235,Sistemas,32,2,1,3.73,8.4,67.3,2.95
7,M07-236,Electrica,25,1,0,3.83,14.3,100.0,3.71
7,M07-237,Industrial,24,3,1,3.39,30.0,95.5,3.64
7,M07-238,Civil,21,2,0,3.26,15.5,80.9,3.52
7,M07-239,Electrica,30,2,1,3.54,5.2,73.9,2.92
7,M07-240,Industrial,32,2,1,4.25,8.8,68.9,3.68
7,M07-241,Sistemas,23,5,1,3.45,0.7,55.8,2.48
7,M07-242,Sistemas,24,4,0,4.72,8.2,91.7,4.09
7,M07-243,Industrial,23,5,0,3.51,7.4,86.8,4.09
7,M07-244,Sistemas,28,3,1,3.74,4.3,92.9,3.35
7,M07-245,Sistemas,21,3,0,3.35,5.1,92.5,3.41
7,M07-246,Civil,32,4,0,3.57,9.8,90.7,3.37
7,M07-247,Industrial,23,4,0,2.6,9.5,96.0,3.24
7,M07-248,Electrica,25,3,0,4.35,8.5,81.5,3.87
7,M07-249,Sistemas,22,4,1,4.35,3.1,95.6,3.32
7,M07-250,Sistemas,28,2,1,3.15,4.5,88.6,2.76
7,M07-251,Civil,32,2,0,3.24,12.6,86.9,3.05
7,M07-252,Sistemas,31,3,0,3.52,3.5,93.3,3.42
7,M07-253,Sistemas,29,1,0,3.43,10.1,83.0,3.19
7,M07-254,Sistemas,30,4,1,4.2,6.2,58.2,2.78
7,M07-255,Electrica,29,6,0,3.72,8.4,98.6,3.75
7,M07-256,Electrica,30,2,1,3.69,0.5,79.7,3.15
7,M07-257,Electrica,30,2,0,3.28,16.0,87.4,3.81
7,M07-258,Electrica,21,1,0,3.0,2.9,84.8,2.52
7,M07-259,Civil,31,3,1,4.96,8.6,87.4,4.34
7,M07-260,Industrial,24,2,0,3.58,8.2,69.9,2.83
7,M07-261,Electrica,28,4,0,3.95,15.9,80.6,3.64
7,M07-262,Industrial,30,4,0,4.27,2.9,82.4,3.57
7,M07-263,Industrial,26,4,1,2.45,4.2,88.6,1.95
7,M07-264,Electrica,30,3,1,2.67,14.7,79.4,2.73
7,M07-265,Civil,27,5,0,3.74,6.0,85.1,3.3
7,M07-266,Electrica,21,5,0,3.85,5.4,83.2,3.63
7,M07-267,Civil,26,3,0,3.43,2.2,74.8,2.89
7,M07-268,Sistemas,26,1,1,2.93,8.3,79.6,2.72
7,M07-269,Sistemas,25,1,1,3.49,8.2,83.4,3.27
7,M07-270,Civil,30,4,0,3.96,4.4,83.6,3.56
7,M07-271,Sistemas,23,3,0,3.92,6.5,82.8,3.11
7,M07-272,Civil,24,4,0,2.74,7.3,92.0,3.11
7,M07-273,Electrica,28,1,0,3.08,9.3,66.6,3.24
7,M07-274,Electrica,30,3,0,3.87,17.0,87.6,3.64
7,M07-275,Civil,33,3,1,4.36,10.6,85.0,4.15
7,M07-276,Civil,25,5,1,3.63,5.6,81.9,2.09
7,M07-277,Industrial,21,5,0,3.5,2.1,96.8,2.84
7,M07-278,Civil,33,4,1,2.97,6.0,78.1,3.17
7,M07-279,Sistemas,26,2,0,4.24,11.2,95.2,3.94
7,M07-280,Civil,32,3,0,4.01,12.6,83.1,3.84
7,M07-281,Industrial,31,4,0,3.08,6.5,95.8,3.67
7,M07-282,Electrica,24,3,0,3.88,12.9,88.7,3.77
7,M07-283,Industrial,23,3,1,3.85,10.9,86.3,3.56
7,M07-284,Industrial,26,3,0,3.2,3.7,95.2,3.38
7,M07-285,Sistemas,24,6,0,4.07,8.9,94.1,3.5
7,M07-286,Electrica,35,3,1,2.98,2.1,71.7,2.32
7,M07-287,Industrial,24,4,0,4.34,5.2,86.9,4.19
7,M07-288,Sistemas,36,2,0,3.74,6.9,84.6,3.72
7,M07-289,Electrica,24,5,0,3.3,7.1,64.1,2.68
7,M07-290,Civil,21,3,0,3.66,14.7,95.8,4.22
7,M07-291,Electrica,21,4,0,2.64,10.2,100.0,2.72
7,M07-292,Sistemas,25,3,0,3.84,5.3,84.9,3.28
7,M07-293,Civil,21,5,0,3.87,6.3,86.1,2.95
7,M07-294,Electrica,21,3,0,3.76,8.5,63.7,3.38
7,M07-295,Sistemas,21,3,0,4.35,10.5,85.3,3.63
7,M07-296,Sistemas,32,3,1,3.67,10.5,68.2,3.01
7,M07-297,Sistemas,25,1,0,3.49,10.8,91.4,3.81
7,M07-298,Sistemas,30,2,1,4.42,11.2,68.0,3.61
7,M07-299,Industrial,21,3,0,4.05,13.6,91.8,3.7
7,M07-300,Industrial,32,1,0,3.77,10.6,86.8,4.33
8,M08-001,Electrica,30,3,1,3.9,2.2,77.9,2.93
8,M08-002,Electrica,23,4,0,3.4,4.2,78.0,2.91
8,M08-003,Industrial,34,4,0,3.24,16.9,80.9,3.73
8,M08-004,Civil,26,3,0,3.95,1.7,83.1,3.61
8,M08-005,Sistemas,22,5,0,3.53,16.3,89.7,3.37
8,M08-006,Industrial,24,4,0,3.74,15.6,80.5,4.3
8,M08-007,Sistemas,28,3,0,4.23,4.6,71.8,3.43
8,M08-008,Industrial,27,3,1,4.19,6.1,65.3,3.36
8,M08-009,Industrial,27,1,0,4.16,8.0,90.7,3.97
8,M08-010,Sistemas,31,3,0,3.0,5.8,85.6,2.87
8,M08-011,Civil,24,2,0,4.28,19.6,79.3,4.36
8,M08-012,Sistemas,27,2,1,4.27,8.4,72.4,3.44
8,M08-013,Sistemas,25,4,1,4.72,2.5,86.7,3.75
8,M08-014,Sistemas,21,2,1,4.34,2.2,69.5,3.67
8,M08-015,Sistemas,23,1,0,2.93,11.1,81.6,2.85
8,M08-016,Civil,27,2,0,5.0,5.3,69.3,3.7
8,M08-017,Industrial,26,2,0,4.18,6.0,83.4,3.43
8,M08-018,Civil,24,4,0,3.44,7.2,95.9,3.33
8,M08-019,Sistemas,29,4,0,3.18,7.7,88.1,2.92
8,M08-020,Industrial,22,3,1,3.37,2.3,63.8,2.86
8,M08-021,Industrial,24,4,1,3.22,0.7,90.0,2.62
8,M08-022,Sistemas,25,4,1,3.77,8.2,74.9,2.93
8,M08-023,Electrica,36,4,0,3.89,6.7,93.4,3.39
8,M08-024,Sistemas,23,6,0,4.05,10.4,100.0,3.63
8,M08-025,Sistemas,21,2,1,4.53,4.5,62.6,3.34
8,M08-026,Sistemas,23,2,1,3.64,8.0,85.1,2.76
8,M08-027,Industrial,29,4,0,3.94,7.9,81.7,3.14
8,M08-028,Sistemas,27,2,0,2.82,5.0,96.2,2.88
8,M08-029,Electrica,35,5,1,3.65,3.2,66.2,1.96
8,M08-030,Industrial,35,4,1,3.26,2.9,74.3,2.8
8,M08-031,Electrica,30,2,0,4.01,3.0,76.5,3.63
8,M08-032,Sistemas,25,5,0,3.14,13.7,93.5,3.46
8,M08-033,Industrial,31,2,0,3.32,10.4,87.6,3.71
8,M08-034,Electrica,25,3,1,3.8,8.5,89.1,3.63
8,M08-035,Electrica,31,1,1,3.86,1.3,89.8,2.76
8,M08-036,Sistemas,21,3,0,4.18,8.7,85.3,4.34
8,M08-037,Sistemas,25,3,0,3.76,3.2,91.6,3.54
8,M08-038,Industrial,30,6,0,3.88,13.0,86.1,4.49
8,M08-039,Sistemas,31,3,1,3.98,0.5,81.2,2.82
8,M08-040,Industrial,25,4,1,4.28,11.0,90.7,3.38
8,M08-041,Civil,23,3,0,4.48,19.7,80.6,5.0
8,M08-042,Civil,34,5,1,3.2,6.1,75.2,3.05
8,M08-043,Sistemas,23,2,0,3.66,7.6,100.0,3.4
8,M08-044,Industrial,23,3,0,4.0,9.4,77.1,3.44
8,M08-045,Civil,31,3,1,3.42,5.2,69.5,2.68
8,M08-046,Sistemas,24,3,1,3.94,9.1,70.9,3.34
8,M08-047,Industrial,30,4,0,3.59,8.4,95.6,3.33
8,M08-048,Sistemas,31,3,0,3.74,11.0,100.0,3.4
8,M08-049,Electrica,28,4,0,4.66,11.4,81.8,4.71
8,M08-050,Industrial,26,2,1,3.62,13.8,96.8,3.53
8,M08-051,Civil,24,1,1,4.11,8.6,92.6,3.76
8,M08-052,Sistemas,22,5,0,3.12,16.0,86.3,3.9
8,M08-053,Industrial,30,3,0,3.72,6.8,90.5,3.55
8,M08-054,Industrial,31,3,1,3.85,0.5,92.9,2.58
8,M08-055,Industrial,24,3,1,3.89,4.1,82.0,3.38
8,M08-056,Industrial,22,3,1,2.8,11.8,74.1,2.67
8,M08-057,Sistemas,25,4,1,4.5,4.4,81.0,3.0
8,M08-058,Civil,27,1,1,3.15,1.8,71.6,2.26
8,M08-059,Industrial,25,5,0,3.25,12.3,92.6,3.84
8,M08-060,Sistemas,27,2,0,3.81,12.4,77.4,3.54
8,M08-061,Civil,24,6,0,4.09,11.6,86.5,3.72
8,M08-062,Civil,26,5,0,3.19,27.5,85.0,4.88
8,M08-063,Sistemas,34,3,0,3.79,5.6,63.8,3.66
8,M08-064,Sistemas,25,3,0,4.06,7.6,99.8,3.9
8,M08-065,Industrial,29,3,0,3.91,15.5,92.1,4.13
8,M08-066,Sistemas,36,4,0,3.8,9.7,74.1,3.89
8,M08-067,Civil,29,2,0,4.85,18.1,77.2,4.46
8,M08-068,Industrial,22,3,0,3.53,10.4,83.6,3.83
8,M08-069,Industrial,25,3,0,3.91,11.1,85.1,3.61
8,M08-070,Industrial,24,1,1,3.17,10.7,83.9,3.65
8,M08-071,Civil,32,5,1,3.24,7.9,70.3,3.17
8,M08-072,Industrial,28,5,0,2.68,13.1,90.0,3.87
8,M08-073,Industrial,25,4,0,3.91,7.0,100.0,3.39
8,M08-074,Sistemas,24,2,1,3.59,1.8,66.8,2.7
8,M08-075,Electrica,27,1,1,3.87,2.6,71.5,3.54
8,M08-076,Sistemas,35,3,0,4.11,6.5,85.0,3.53
8,M08-077,Sistemas,31,2,1,3.53,3.1,76.1,3.09
8,M08-078,Industrial,23,3,0,4.39,10.5,87.2,4.93
8,M08-079,Sistemas,22,3,0,3.94,6.0,73.4,2.57
8,M08-080,Electrica,30,2,0,4.33,9.3,88.6,3.84
8,M08-081,Sistemas,24,2,0,3.88,8.1,67.4,3.93
8,M08-082,Civil,25,4,1,3.74,8.7,88.2,3.76
8,M08-083,Sistemas,22,5,0,4.32,8.3,68.1,3.28
8,M08-084,Sistemas,37,2,0,3.81,11.2,83.5,3.12
8,M08-085,Industrial,29,6,0,3.72,2.6,65.2,3.01
8,M08-086,Electrica,27,4,0,3.72,14.6,81.7,4.56
8,M08-087,Sistemas,29,3,1,3.7,13.7,92.3,3.84
8,M08-088,Civil,25,2,0,3.56,4.5,88.5,3.22
8,M08-089,Industrial,28,4,1,3.78,15.0,68.7,4.12
8,M08-090,Industrial,27,2,1,3.6,4.7,70.8,3.24
8,M08-091,Industrial,26,3,0,4.6,11.0,90.0,4.43
8,M08-092,Civil,34,2,0,3.97,6.6,83.1,3.49
8,M08-093,Sistemas,26,2,0,3.74,9.1,71.8,3.66
8,M08-094,Sistemas,28,3,1,3.35,9.6,82.4,2.97
8,M08-095,Sistemas,31,3,0,4.46,13.5,75.8,3.7
8,M08-096,Sistemas,32,3,1,3.38,5.7,89.0,3.05
8,M08-097,Sistemas,29,5,0,3.55,9.4,97.5,3.26
8,M08-098,Industrial,29,2,0,3.68,8.9,83.8,3.07
8,M08-099,Sistemas,28,3,0,3.61,13.8,82.3,3.37
8,M08-100,Civil,30,1,0,3.58,10.3,98.2,3.78
8,M08-101,Civil,35,3,1,3.13,3.7,81.2,2.81
8,M08-102,Sistemas,25,2,0,3.3,10.2,90.1,3.04
8,M08-103,Civil,23,3,1,4.06,7.0,81.5,3.77
8,M08-104,Sistemas,31,3,1,3.75,11.7,75.5,3.21
8,M08-105,Sistemas,24,5,0,3.25,2.5,98.5,2.56
8,M08-106,Electrica,34,2,0,4.0,5.4,91.1,3.4
8,M08-107,Electrica,26,2,0,3.45,12.9,81.6,3.93
8,M08-108,Sistemas,29,4,0,3.98,5.4,85.1,3.08
8,M08-109,Sistemas,31,3,0,3.54,9.1,100.0,3.48
8,M08-110,Industrial,28,4,0,3.6,22.7,71.6,3.75
8,M08-111,Electrica,21,3,0,3.67,9.4,64.7,3.39
8,M08-112,Industrial,36,3,1,3.78,3.0,76.6,2.65
8,M08-113,Industrial,26,4,0,3.68,13.2,91.4,4.63
8,M08-114,Sistemas,26,2,0,3.71,3.4,96.8,2.69
8,M08-115,Sistemas,27,3,1,4.2,0.5,75.4,3.72
8,M08-116,Industrial,28,3,0,4.59,20.1,80.0,4.63
8,M08-117,Sistemas,29,2,0,3.57,5.6,89.1,3.26
8,M08-118,Sistemas,23,3,0,3.3,5.1,82.9,2.82
8,M08-119,Sistemas,21,2,0,4.0,11.2,92.4,3.71
8,M08-120,Electrica,23,1,0,3.3,14.1,88.2,3.72
8,M08-121,Civil,25,1,0,3.86,16.9,76.3,3.51
8,M08-122,Electrica,26,5,0,3.61,8.3,91.5,3.75
8,M08-123,Sistemas,22,6,0,4.03,12.9,98.9,4.33
8,M08-124,Electrica,28,3,1,3.38,2.6,81.9,3.1
8,M08-125,Industrial,21,4,1,3.75,4.5,83.4,2.96
8,M08-126,Sistemas,22,1,1,3.43,2.0,75.7,2.44
8,M08-127,Sistemas,23,5,1,3.71,4.1,82.0,2.55
8,M08-128,Sistemas,28,4,0,3.88,14.0,97.5,4.35
8,M08-129,Sistemas,28,3,0,3.85,8.4,87.0,3.83
8,M08-130,Sistemas,21,3,0,3.23,4.8,89.2,3.33
8,M08-131,Sistemas,24,2,0,3.64,11.2,100.0,3.62
8,M08-132,Sistemas,35,4,1,2.2,0.5,82.8,1.38
8,M08-133,Sistemas,22,4,0,3.33,13.4,71.5,3.76
8,M08-134,Sistemas,21,2,1,3.93,7.0,70.4,2.58
8,M08-135,Sistemas,25,4,0,3.13,6.8,73.4,2.63
8,M08-136,Sistemas,35,4,1,3.95,7.0,84.8,2.88
8,M08-137,Electrica,25,4,0,3.38,4.9,100.0,3.09
8,M08-138,Industrial,23,3,1,3.01,6.1,57.4,2.81
8,M08-139,Industrial,26,2,0,3.68,7.6,94.7,3.71
8,M08-140,Sistemas,28,1,1,3.03,5.3,80.6,2.67
8,M08-141,Sistemas,28,2,1,2.89,4.3,79.8,2.27
8,M08-142,Sistemas,27,2,0,3.31,9.3,82.3,2.68
8,M08-143,Sistemas,34,1,0,3.39,3.6,88.9,3.0
8,M08-144,Sistemas,23,4,0,3.62,11.8,80.7,3.01
8,M08-145,Sistemas,28,3,0,2.98,22.3,100.0,4.33
8,M08-146,Industrial,27,3,0,3.82,9.1,81.6,3.71
8,M08-147,Electrica,27,3,1,2.95,3.8,88.5,2.76
8,M08-148,Sistemas,27,4,1,3.74,4.3,51.1,2.44
8,M08-149,Sistemas,30,4,0,3.49,10.5,88.3,3.69
8,M08-150,Industrial,24,4,1,3.42,0.7,72.8,2.48
8,M08-151,Sistemas,26,3,0,3.32,12.5,95.2,3.38
8,M08-152,Electrica,27,3,0,4.06,16.2,84.8,4.29
8,M08-153,Industrial,22,2,0,2.9,14.6,78.0,3.07
8,M08-154,Sistemas,21,2,0,3.93,6.1,100.0,3.05
8,M08-155,Electrica,29,1,0,4.27,2.4,75.3,3.44
8,M08-156,Sistemas,25,2,0,3.39,5.7,81.1,3.16
8,M08-157,Industrial,30,3,1,2.8,11.0,77.0,2.49
8,M08-158,Civil,30,1,0,3.41,10.7,96.9,3.05
8,M08-159,Civil,28,4,0,3.58,7.0,96.8,2.86
8,M08-160,Sistemas,28,3,0,3.6,8.6,98.4,3.86
8,M08-161,Industrial,35,4,1,3.46,17.6,74.0,3.35
8,M08-162,Industrial,34,1,0,3.21,10.7,95.4,3.05
8,M08-163,Electrica,31,2,1,4.17,7.4,77.5,3.56
8,M08-164,Sistemas,23,2,0,4.12,13.2,95.1,4.32
8,M08-165,Electrica,33,4,0,3.91,13.3,78.4,3.77
8,M08-166,Industrial,28,2,1,4.04,12.8,90.1,3.32
8,M08-167,Electrica,35,3,0,4.03,10.2,74.9,4.2
8,M08-168,Sistemas,22,3,0,3.54,2.9,86.4,3.37
8,M08-169,Electrica,23,4,1,3.48,6.0,84.9,3.2
8,M08-170,Sistemas,28,2,0,4.15,13.5,94.4,4.35
8,M08-171,Electrica,25,4,0,3.27,7.6,79.0,2.48
8,M08-172,Electrica,25,3,0,2.76,10.9,89.1,2.64
8,M08-173,Sistemas,28,3,1,2.58,1.4,81.1,2.82
8,M08-174,Industrial,24,2,0,4.12,3.3,100.0,3.61
8,M08-175,Civil,26,6,1,3.61,6.0,78.6,3.03
8,M08-176,Electrica,25,1,0,3.08,10.1,100.0,3.47
8,M08-177,Sistemas,21,1,0,3.72,8.9,78.5,3.83
8,M08-178,Sistemas,21,2,0,2.91,3.9,65.4,2.4
8,M08-179,Sistemas,24,4,0,3.7,11.9,90.7,3.65
8,M08-180,Civil,24,3,0,3.21,5.8,82.0,3.13
8,M08-181,Electrica,28,3,1,2.9,2.7,91.6,2.59
8,M08-182,Civil,31,3,1,3.46,14.3,79.4,2.94
8,M08-183,Electrica,24,3,0,3.78,11.7,74.6,3.45
8,M08-184,Industrial,30,1,1,2.89,7.3,90.0,3.19
8,M08-185,Civil,30,3,0,3.68,5.7,84.0,3.23
8,M08-186,Sistemas,23,6,0,4.33,3.9,100.0,4.38
8,M08-187,Sistemas,30,3,0,4.23,5.9,84.4,4.11
8,M08-188,Industrial,23,2,0,3.49,8.4,76.4,3.57
8,M08-189,Industrial,28,4,1,4.32,5.1,77.9,3.16
8,M08-190,Electrica,36,6,1,4.06,1.3,81.8,3.05
8,M08-191,Civil,28,3,1,3.21,7.3,81.5,3.51
8,M08-192,Sistemas,26,4,1,2.97,4.0,88.2,2.61
8,M08-193,Industrial,22,1,1,4.2,3.8,79.4,3.55
8,M08-194,Industrial,26,4,1,3.31,4.8,83.4,3.36
8,M08-195,Sistemas,21,3,0,2.9,6.8,77.5,2.99
8,M08-196,Industrial,33,1,0,3.77,6.6,100.0,3.32
8,M08-197,Civil,25,2,1,3.98,2.4,61.5,2.38
8,M08-198,Civil,33,2,1,3.8,8.6,73.7,3.32
8,M08-199,Electrica,35,2,1,3.54,5.6,81.1,3.0
8,M08-200,Industrial,21,5,1,3.78,11.7,82.0,3.13
8,M08-201,Sistemas,23,5,0,3.3,19.8,72.5,3.53
8,M08-202,Sistemas,21,2,0,3.37,6.7,80.4,3.21
8,M08-203,Sistemas,24,5,1,3.95,11.0,89.4,3.61
8,M08-204,Industrial,23,2,1,4.0,12.1,91.4,4.28
8,M08-205,Sistemas,26,3,1,3.28,2.4,62.6,2.67
8,M08-206,Sistemas,31,2,0,4.35,6.7,89.7,3.7
8,M08-207,Electrica,31,3,1,3.82,5.6,86.7,3.4
8,M08-208,Industrial,36,6,1,3.96,6.7,100.0,3.81
8,M08-209,Sistemas,32,5,1,3.44,6.4,96.5,3.57
8,M08-210,Civil,21,4,0,3.32,9.1,91.2,3.33
8,M08-211,Electrica,32,3,0,3.86,9.0,84.3,3.53
8,M08-212,Sistemas,31,4,0,4.42,9.4,86.3,4.02
8,M08-213,Sistemas,26,3,1,3.66,3.0,75.8,3.15
8,M08-214,Sistemas,21,4,0,2.92,15.1,88.1,3.4
8,M08-215,Sistemas,30,1,1,3.88,9.1,84.5,2.91
8,M08-216,Electrica,29,3,1,3.35,4.4,85.1,2.75
8,M08-217,Industrial,25,1,1,3.6,4.9,71.3,3.3
8,M08-218,Sistemas,30,3,1,4.19,1.8,80.1,3.3
8,M08-219,Electrica,23,5,1,3.33,6.6,75.4,3.38
8,M08-220,Sistemas,22,3,1,3.4,7.1,78.0,2.63
8,M08-221,Civil,27,1,0,3.85,6.0,81.1,2.88
8,M08-222,Sistemas,22,1,0,3.67,15.8,78.2,3.7
8,M08-223,Civil,33,2,0,3.18,15.1,89.5,3.49
8,M08-224,Electrica,27,1,0,2.78,12.4,79.8,3.31
8,M08-225,Sistemas,31,3,0,4.53,4.7,82.7,3.08
8,M08-226,Sistemas,30,4,1,3.32,13.2,75.5,2.86
8,M08-227,Industrial,31,5,1,3.61,11.2,83.9,3.14
8,M08-228,Civil,31,4,1,3.73,15.2,81.4,3.01
8,M08-229,Industrial,30,3,0,4.0,3.4,80.2,3.16
8,M08-230,Electrica,28,3,1,3.35,9.6,79.0,3.31
8,M08-231,Sistemas,43,2,1,3.7,15.3,82.8,4.1
8,M08-232,Industrial,27,4,1,3.6,0.5,70.1,2.57
8,M08-233,Civil,31,4,0,3.82,8.8,82.2,3.55
8,M08-234,Sistemas,25,4,1,3.89,4.9,73.9,3.39
8,M08-235,Civil,33,2,0,3.91,10.8,79.3,3.56
8,M08-236,Industrial,36,3,1,3.63,10.9,78.9,3.59
8,M08-237,Civil,25,1,0,3.58,7.6,98.4,3.49
8,M08-238,Civil,30,5,0,4.03,20.9,72.5,4.43
8,M08-239,Electrica,29,2,1,3.83,8.1,76.6,3.21
8,M08-240,Sistemas,27,4,0,4.42,10.2,98.5,4.7
8,M08-241,Sistemas,33,5,0,3.28,12.5,83.5,3.16
8,M08-242,Sistemas,30,5,1,4.54,7.3,80.0,3.75
8,M08-243,Electrica,31,3,1,2.9,4.4,83.4,2.37
8,M08-244,Sistemas,25,1,1,3.1,4.8,86.2,2.14
8,M08-245,Sistemas,26,4,0,3.47,10.9,83.4,3.37
8,M08-246,Sistemas,26,5,0,4.06,6.8,81.5,3.87
8,M08-247,Electrica,30,3,0,3.26,12.8,87.2,4.04
8,M08-248,Sistemas,27,3,0,4.46,3.8,93.6,3.61
8,M08-249,Sistemas,32,3,0,2.99,8.4,93.7,3.15
8,M08-250,Industrial,25,3,0,2.85,5.3,64.1,2.83
8,M08-251,Sistemas,22,1,0,4.22,13.6,90.6,4.5
8,M08-252,Electrica,21,3,0,2.23,11.0,85.7,2.55
8,M08-253,Sistemas,33,1,1,3.66,4.0,73.2,2.86
8,M08-254,Civil,38,2,0,3.85,1.7,82.3,3.38
8,M08-255,Electrica,31,4,1,3.35,7.7,79.0,3.18
8,M08-256,Sistemas,28,3,1,4.18,12.4,73.1,4.32
8,M08-257,Civil,21,6,1,4.32,7.3,81.1,3.85
8,M08-258,Sistemas,25,4,0,3.34,4.4,85.1,2.85
8,M08-259,Industrial,24,2,0,3.26,5.4,91.4,3.07
8,M08-260,Civil,32,3,0,4.14,8.9,80.6,4.23
8,M08-261,Sistemas,31,1,1,3.48,5.4,79.0,2.87
8,M08-262,Sistemas,33,3,0,3.18,5.4,80.6,2.76
8,M08-263,Industrial,25,3,0,4.34,19.5,82.3,4.52
8,M08-264,Sistemas,26,6,0,4.0,8.6,83.2,3.5
8,M08-265,Industrial,21,2,1,4.48,0.5,58.9,2.93
8,M08-266,Sistemas,25,3,0,4.02,7.6,90.6,4.35
8,M08-267,Industrial,33,3,0,3.68,13.7,90.3,3.71
8,M08-268,Electrica,27,2,0,4.21,9.1,81.8,4.03
8,M08-269,Civil,22,6,1,4.3,6.4,96.3,3.58
8,M08-270,Sistemas,30,5,0,3.93,8.7,82.5,4.47
8,M08-271,Electrica,26,4,0,4.54,2.3,68.3,3.17
8,M08-272,Electrica,30,2,0,4.09,1.8,79.5,3.76
8,M08-273,Industrial,32,4,0,3.75,12.3,98.6,3.87
8,M08-274,Sistemas,21,3,0,3.53,19.3,82.2,3.76
8,M08-275,Sistemas,28,3,0,4.65,15.5,70.4,4.42
8,M08-276,Civil,31,5,0,3.85,15.5,94.1,4.38
8,M08-277,Industrial,30,3,0,3.47,8.9,75.2,3.32
8,M08-278,Sistemas,21,4,0,4.01,8.7,92.4,3.86
8,M08-279,Industrial,26,3,1,3.52,4.6,81.1,3.51
8,M08-280,Civil,36,2,1,4.19,0.5,77.4,2.54
8,M08-281,Industrial,34,2,0,3.67,5.5,100.0,3.72
8,M08-282,Industrial,30,2,1,3.94,0.5,82.7,2.62
8,M08-283,Industrial,31,4,0,3.91,6.4,99.1,3.14
8,M08-284,Sistemas,24,3,1,3.82,5.4,78.9,2.94
8,M08-285,Civil,30,3,0,4.29,12.9,74.1,4.28
8,M08-286,Industrial,28,4,0,3.41,5.2,95.0,3.67
8,M08-287,Industrial,32,2,0,3.9,11.4,77.7,3.72
8,M08-288,Civil,21,3,1,4.33,9.2,97.9,4.25
8,M08-289,Civil,28,4,0,3.41,7.4,70.8,2.76
8,M08-290,Electrica,29,3,1,3.28,6.1,62.5,2.8
8,M08-291,Sistemas,26,4,1,3.88,6.1,80.0,2.81
8,M08-292,Industrial,27,1,1,3.75,15.2,76.9,3.11
8,M08-293,Sistemas,27,3,1,2.28,11.0,73.5,2.5
8,M08-294,Industrial,26,2,1,2.96,1.3,77.7,2.14
8,M08-295,Civil,23,1,0,3.04,3.2,79.5,2.35
8,M08-296,Industrial,29,3,1,3.6,8.3,81.6,3.2
8,M08-297,Electrica,29,4,1,3.81,9.7,71.2,3.11
8,M08-298,Industrial,33,4,1,3.14,8.7,79.4,2.78
8,M08-299,Electrica,30,1,0,3.07,12.7,88.0,3.36
8,M08-300,Sistemas,36,3,0,3.24,6.8,81.9,3.29
9,M09-001,Civil,26,4,0,3.4,1.4,98.4,3.35
9,M09-002,Sistemas,31,3,0,4.1,2.7,89.3,3.72
9,M09-003,Sistemas,22,3,0,3.47,11.6,89.0,2.88
9,M09-004,Sistemas,28,2,0,2.86,12.5,78.0,2.8
9,M09-005,Electrica,28,2,0,3.48,14.0,79.7,3.07
9,M09-006,Sistemas,37,1,0,3.16,9.9,89.1,3.36
9,M09-007,Electrica,25,2,0,3.44,14.9,87.4,3.47
9,M09-008,Electrica,28,1,0,3.49,6.5,79.8,3.17
9,M09-009,Industrial,21,1,0,3.42,10.9,99.6,3.96
9,M09-010,Industrial,22,4,0,4.11,14.1,72.6,4.39
9,M09-011,Civil,30,3,1,3.55,3.9,75.5,2.77
9,M09-012,Electrica,35,3,0,3.27,17.3,81.5,3.44
9,M09-013,Sistemas,33,3,0,3.22,6.3,71.4,3.21
9,M09-014,Electrica,21,6,0,3.52,21.3,95.0,4.62
9,M09-015,Industrial,22,2,1,4.42,1.5,92.2,3.82
9,M09-016,Civil,21,3,0,3.8,16.8,80.7,4.12
9,M09-017,Sistemas,27,5,0,3.8,15.0,71.3,3.97
9,M09-018,Industrial,32,4,1,3.69,1.0,91.5,3.59
9,M09-019,Civil,31,2,1,3.58,7.2,82.7,3.16
9,M09-020,Industrial,27,2,0,3.42,11.4,95.5,3.55
9,M09-021,Electrica,27,2,1,3.78,12.3,72.2,3.42
9,M09-022,Industrial,21,2,0,3.38,5.8,88.4,2.88
9,M09-023,Sistemas,21,3,0,3.66,10.2,71.8,3.22
9,M09-024,Sistemas,25,6,0,3.81,4.9,85.1,3.7
9,M09-025,Sistemas,21,5,1,3.76,12.5,77.1,4.17
9,M09-026,Sistemas,26,3,0,3.29,15.6,83.7,3.64
9,M09-027,Sistemas,21,4,1,3.81,11.0,76.6,3.08
9,M09-028,Sistemas,30,2,0,3.68,2.6,78.1,3.52
9,M09-029,Industrial,24,1,0,2.99,3.3,89.6,2.79
9,M09-030,Sistemas,22,4,0,4.59,12.5,100.0,4.51
9,M09-031,Industrial,26,2,0,3.82,15.0,100.0,3.14
9,M09-032,Sistemas,31,1,0,2.83,10.5,78.6,3.11
9,M09-033,Industrial,24,5,0,3.09,3.4,74.9,3.03
9,M09-034,Industrial,33,3,0,3.76,5.9,99.6,4.02
9,M09-035,Civil,21,3,0,3.05,4.0,91.9,2.89
9,M09-036,Sistemas,21,3,0,3.26,12.1,88.8,3.87
9,M09-037,Electrica,25,4,0,2.85,15.2,75.3,4.02
9,M09-038,Sistemas,26,3,0,3.89,5.7,90.6,3.63
9,M09-039,Sistemas,29,4,0,3.36,16.3,85.6,3.94
9,M09-040,Sistemas,26,5,0,5.0,6.6,90.4,4.34
9,M09-041,Industrial,26,1,0,3.76,8.2,75.1,3.56
9,M09-042,Electrica,21,4,1,3.64,6.2,100.0,2.86
9,M09-043,Civil,32,2,0,3.76,8.1,96.5,3.44
9,M09-044,Sistemas,24,1,0,3.47,7.7,68.6,3.28
9,M09-045,Civil,27,3,1,3.73,6.8,90.6,3.18
9,M09-046,Industrial,27,2,0,4.12,10.7,69.8,4.02
9,M09-047,Civil,36,4,0,2.75,7.7,80.3,3.06
9,M09-048,Sistemas,21,2,0,3.08,9.6,84.0,3.39
9,M09-049,Sistemas,26,4,1,3.63,11.9,84.3,3.72
9,M09-050,Industrial,33,3,0,4.42,6.4,92.5,4.04
9,M09-051,Sistemas,21,3,0,3.43,10.9,89.8,2.67
9,M09-052,Sistemas,24,2,0,3.72,5.1,88.7,3.0
9,M09-053,Sistemas,26,3,1,4.6,8.8,65.7,3.43
9,M09-054,Electrica,27,3,0,3.38,5.1,89.4,3.15
9,M09-055,Sistemas,21,3,0,3.1,8.0,99.9,3.15
9,M09-056,Industrial,30,5,1,3.41,7.2,69.9,2.52
9,M09-057,Civil,21,2,0,4.07,11.5,97.2,4.13
9,M09-058,Industrial,33,2,0,4.2,6.3,72.6,3.1
9,M09-059,Sistemas,26,4,0,4.21,6.4,72.1,2.88
9,M09-060,Civil,21,1,0,3.97,15.3,100.0,4.32
9,M09-061,Electrica,33,2,1,3.52,7.8,69.7,3.08
9,M09-062,Sistemas,28,2,0,4.57,5.2,91.0,3.64
9,M09-063,Industrial,29,2,0,3.6,11.2,77.8,2.91
9,M09-064,Sistemas,31,3,0,3.6,10.1,82.5,3.55
9,M09-065,Electrica,25,1,1,3.89,5.2,90.1,3.19
9,M09-066,Industrial,24,2,0,4.38,8.3,86.6,3.89
9,M09-067,Industrial,29,3,0,4.0,14.0,64.8,3.61
9,M09-068,Industrial,33,3,0,4.01,9.6,86.0,3.61
9,M09-069,Electrica,29,4,1,3.85,7.5,85.3,3.19
9,M09-070,Civil,24,6,1,3.33,0.5,69.6,2.08
9,M09-071,Industrial,35,2,0,3.66,2.6,95.4,3.02
9,M09-072,Industrial,23,4,0,3.95,8.7,96.6,3.89
9,M09-073,Industrial,25,6,0,3.03,6.1,78.2,3.54
9,M09-074,Civil,25,1,1,4.74,2.0,83.8,4.29
9,M09-075,Civil,26,2,0,3.11,3.5,75.0,3.06
9,M09-076,Sistemas,29,4,0,2.94,20.1,76.9,4.04
9,M09-077,Sistemas,29,3,1,3.04,2.7,87.4,2.44
9,M09-078,Industrial,23,3,1,3.52,7.9,70.2,2.87
9,M09-079,Industrial,23,2,0,3.62,30.0,97.0,4.98
9,M09-080,Industrial,31,4,1,3.44,10.7,86.2,3.63
9,M09-081,Sistemas,31,5,1,4.51,17.2,85.5,4.03
9,M09-082,Electrica,23,2,1,3.41,5.2,73.5,3.27
9,M09-083,Industrial,32,4,1,4.24,5.1,91.8,3.41
9,M09-084,Sistemas,26,2,0,4.02,7.8,90.8,3.47
9,M09-085,Industrial,29,3,1,3.7,4.9,75.1,2.47
9,M09-086,Civil,29,4,0,3.09,13.2,100.0,3.42
9,M09-087,Sistemas,29,1,0,2.45,6.5,84.6,2.69
9,M09-088,Sistemas,25,4,1,3.58,1.1,90.6,2.6
9,M09-089,Electrica,28,3,0,3.93,6.4,81.0,4.43
9,M09-090,Industrial,25,3,1,3.97,13.9,82.2,4.28
9,M09-091,Industrial,28,2,0,3.79,5.2,82.6,3.74
9,M09-092,Sistemas,26,5,0,3.32,2.9,83.2,3.67
9,M09-093,Industrial,25,4,0,3.31,7.9,98.1,2.89
9,M09-094,Sistemas,26,5,0,2.69,9.6,100.0,3.2
9,M09-095,Industrial,29,2,0,4.15,10.3,71.3,3.41
9,M09-096,Electrica,28,4,0,3.96,5.4,76.9,3.39
9,M09-097,Sistemas,26,3,0,4.07,15.1,92.9,4.23
9,M09-098,Electrica,25,3,0,3.09,14.1,80.6,3.15
9,M09-099,Electrica,29,1,1,3.78,11.7,74.8,3.34
9,M09-100,Sistemas,35,2,1,3.83,13.7,90.2,4.14
9,M09-101,Electrica,28,4,1,3.57,0.8,77.0,2.55
9,M09-102,Sistemas,29,3,0,4.28,13.4,76.7,3.86
9,M09-103,Civil,23,1,1,4.02,5.9,79.5,4.05
9,M09-104,Sistemas,25,3,1,3.45,3.9,81.3,2.74
9,M09-105,Sistemas,26,3,0,3.68,13.5,89.3,3.68
9,M09-106,Sistemas,35,3,0,2.77,3.5,90.6,3.17
9,M09-107,Sistemas,31,6,0,3.77,6.4,92.1,3.51
9,M09-108,Sistemas,31,2,1,3.63,8.6,68.7,3.04
9,M09-109,Industrial,27,3,1,3.25,0.9,84.8,2.55
9,M09-110,Sistemas,28,4,0,3.46,4.3,90.8,3.06
9,M09-111,Sistemas,30,5,0,3.45,5.4,85.3,3.07
9,M09-112,Sistemas,28,6,1,4.21,1.7,68.4,2.91
9,M09-113,Industrial,22,4,0,3.97,16.6,85.5,4.03
9,M09-114,Sistemas,27,1,0,3.96,15.6,92.3,3.89
9,M09-115,Sistemas,27,3,0,3.66,9.4,78.3,3.92
9,M09-116,Sistemas,21,4,0,3.69,9.6,83.7,3.25
9,M09-117,Electrica,21,2,0,3.24,3.5,87.8,2.73
9,M09-118,Sistemas,26,3,1,3.65,1.1,85.5,2.89
9,M09-119,Electrica,26,4,0,3.49,5.6,88.9,2.76
9,M09-120,Civil,27,4,1,2.6,3.8,74.7,2.73
9,M09-121,Sistemas,28,3,1,3.72,0.5,75.5,2.3
9,M09-122,Sistemas,29,1,1,3.76,13.3,84.3,3.82
9,M09-123,Sistemas,32,2,1,4.22,6.8,81.8,3.97
9,M09-124,Sistemas,22,2,0,3.05,8.7,62.4,2.81
9,M09-125,Sistemas,29,3,0,3.4,7.4,80.2,2.57
9,M09-126,Sistemas,33,3,0,3.41,15.1,93.0,3.52
9,M09-127,Sistemas,33,5,0,3.62,8.7,85.8,3.86
9,M09-128,Electrica,22,2,1,2.83,6.7,77.2,2.89
9,M09-129,Civil,29,5,1,3.14,2.6,76.2,2.85
9,M09-130,Electrica,28,2,1,3.31,5.8,80.4,3.37
9,M09-131,Civil,25,4,0,3.32,9.6,90.8,3.37
9,M09-132,Industrial,22,3,1,3.51,7.7,78.8,2.63
9,M09-133,Sistemas,26,2,0,3.69,0.6,77.6,3.18
9,M09-134,Sistemas,32,2,1,3.48,6.7,83.2,2.97
9,M09-135,Sistemas,25,3,0,3.66,12.6,97.7,4.27
9,M09-136,Sistemas,26,2,1,3.59,1.5,83.8,2.79
9,M09-137,Sistemas,26,2,1,3.78,6.0,89.4,2.82
9,M09-138,Sistemas,32,2,0,4.27,14.5,83.4,4.18
9,M09-139,Sistemas,27,3,0,3.82,7.9,100.0,3.85
9,M09-140,Sistemas,21,2,1,3.91,4.3,76.2,3.04
9,M09-141,Civil,21,5,1,4.3,0.5,81.5,3.28
9,M09-142,Sistemas,27,3,1,4.15,18.5,80.1,4.82
9,M09-143,Industrial,25,3,0,3.5,14.3,80.0,3.33
9,M09-144,Electrica,24,2,0,3.38,9.3,98.5,3.65
9,M09-145,Civil,34,3,1,3.42,1.8,79.7,2.4
9,M09-146,Sistemas,33,5,1,3.38,4.9,81.2,3.05
9,M09-147,Sistemas,28,4,0,3.38,2.8,63.7,3.04
9,M09-148,Electrica,31,2,0,4.42,2.3,84.6,4.06
9,M09-149,Electrica,34,1,0,3.8,22.7,83.2,4.62
9,M09-150,Sistemas,27,4,0,3.43,8.0,80.5,3.62
9,M09-151,Industrial,25,3,0,3.3,5.6,84.5,2.86
9,M09-152,Sistemas,21,3,1,3.38,7.3,78.4,3.06
9,M09-153,Civil,30,2,1,2.41,0.5,82.4,2.07
9,M09-154,Electrica,34,3,0,3.68,6.7,92.8,3.54
9,M09-155,Electrica,22,4,0,3.88,12.3,83.5,4.13
9,M09-156,Sistemas,25,2,0,2.9,12.5,100.0,3.7
9,M09-157,Sistemas,23,4,1,3.18,0.5,85.0,2.9
9,M09-158,Sistemas,30,3,1,4.26,10.6,74.2,3.67
9,M09-159,Industrial,26,2,1,3.85,12.1,61.3,2.82
9,M09-160,Sistemas,33,4,1,3.55,4.8,80.3,2.66
9,M09-161,Sistemas,21,3,1,3.31,12.8,81.1,3.03
9,M09-162,Industrial,39,4,0,4.47,17.5,100.0,4.9
9,M09-163,Industrial,34,3,1,4.12,11.0,74.3,3.66
9,M09-164,Sistemas,25,4,0,4.66,14.0,83.5,4.06
9,M09-165,Civil,23,6,0,3.79,13.9,73.4,3.66
9,M09-166,Electrica,22,3,0,2.89,15.3,90.5,3.72
9,M09-167,Electrica,28,2,0,4.33,5.1,98.8,4.38
9,M09-168,Sistemas,27,6,0,3.14,10.5,99.0,3.88
9,M09-169,Civil,25,3,0,4.11,6.5,96.2,3.39
9,M09-170,Sistemas,25,2,0,3.61,15.3,95.0,3.92
9,M09-171,Industrial,27,3,0,3.18,8.3,89.1,3.55
9,M09-172,Industrial,26,1,0,3.41,5.2,74.3,2.72
9,M09-173,Sistemas,24,6,0,3.59,15.1,83.5,3.35
9,M09-174,Sistemas,32,3,0,3.46,14.8,84.1,4.05
9,M09-175,Civil,33,5,1,3.34,0.6,83.9,2.57
9,M09-176,Electrica,26,4,0,3.5,9.1,83.1,3.37
9,M09-177,Sistemas,29,2,1,4.01,12.0,76.4,3.44
9,M09-178,Civil,24,3,1,3.49,0.7,86.2,3.23
9,M09-179,Sistemas,30,4,0,4.14,6.3,93.0,3.82
9,M09-180,Sistemas,21,3,1,3.75,6.7,75.2,2.54
9,M09-181,Industrial,28,2,0,2.99,2.8,71.9,1.93
9,M09-182,Sistemas,29,3,0,3.71,11.6,85.5,4.29
9,M09-183,Sistemas,27,6,1,3.72,0.8,84.7,2.7
9,M09-184,Sistemas,25,4,0,4.76,6.9,99.2,3.96
9,M09-185,Industrial,28,3,0,3.66,9.9,90.8,4.11
9,M09-186,Industrial,27,3,0,3.38,5.9,76.5,3.54
9,M09-187,Industrial,34,3,1,4.05,14.7,70.1,3.75
9,M09-188,Sistemas,21,2,0,3.73,8.2,93.0,4.3
9,M09-189,Industrial,21,3,1,3.6,6.8,70.2,2.49
9,M09-190,Sistemas,28,2,0,3.23,11.7,92.9,3.37
9,M09-191,Civil,28,3,0,4.59,18.4,85.0,4.38
9,M09-192,Industrial,26,1,1,3.07,6.4,91.0,2.18
9,M09-193,Sistemas,25,2,0,3.53,4.9,92.1,3.48
9,M09-194,Civil,32,3,0,4.02,9.4,92.2,4.07
9,M09-195,Sistemas,35,1,0,3.0,12.8,95.8,3.75
9,M09-196,Industrial,25,3,0,4.21,6.0,75.8,3.71
9,M09-197,Electrica,34,1,1,3.4,6.2,77.2,2.28
9,M09-198,Sistemas,30,3,1,3.09,4.7,83.2,2.23
9,M09-199,Civil,31,4,0,4.54,6.2,66.8,3.72
9,M09-200,Civil,27,5,1,3.68,13.9,80.5,3.48
9,M09-201,Industrial,27,2,0,3.65,7.8,84.9,3.92
9,M09-202,Electrica,34,4,0,3.5,7.6,81.0,3.61
9,M09-203,Industrial,24,6,0,3.53,10.4,78.1,3.63
9,M09-204,Sistemas,28,2,1,3.79,4.1,90.2,3.27
9,M09-205,Industrial,30,4,1,3.63,5.5,82.5,3.15
9,M09-206,Sistemas,25,4,1,3.68,16.7,84.0,4.17
9,M09-207,Industrial,23,3,0,3.92,14.9,96.9,4.21
9,M09-208,Sistemas,24,5,1,3.07,3.5,81.9,2.75
9,M09-209,Sistemas,32,3,1,4.13,14.1,80.6,4.19
9,M09-210,Industrial,28,5,1,2.66,9.3,77.5,2.46
9,M09-211,Civil,25,3,0,3.33,10.9,91.5,3.42
9,M09-212,Electrica,24,3,0,2.67,21.7,71.5,3.84
9,M09-213,Sistemas,30,4,0,3.48,12.6,95.3,3.75
9,M09-214,Industrial,27,6,0,3.2,10.2,88.2,3.15
9,M09-215,Industrial,27,4,0,4.14,5.6,89.9,3.37
9,M09-216,Industrial,23,3,0,2.7,14.4,97.1,3.47
9,M09-217,Sistemas,26,2,1,4.45,8.6,77.6,3.9
9,M09-218,Civil,23,2,1,3.5,14.5,82.9,3.22
9,M09-219,Industrial,31,4,1,3.34,4.9,81.2,2.79
9,M09-220,Sistemas,27,4,0,3.44,11.3,92.4,3.74
9,M09-221,Civil,21,2,0,4.03,9.2,95.4,4.64
9,M09-222,Electrica,29,2,0,4.37,7.7,79.9,3.42
9,M09-223,Civil,26,4,1,4.15,5.1,70.5,3.52
9,M09-224,Sistemas,37,3,0,3.86,3.9,89.8,3.01
9,M09-225,Sistemas,26,3,1,3.63,5.6,79.0,2.99
9,M09-226,Sistemas,29,2,1,4.14,3.0,90.3,3.45
9,M09-227,Industrial,26,4,1,3.07,19.7,99.8,3.87
9,M09-228,Sistemas,25,2,0,3.96,15.2,91.4,4.04
9,M09-229,Electrica,27,5,1,4.19,5.9,89.9,3.88
9,M09-230,Industrial,28,4,1,3.26,6.0,92.7,3.15
9,M09-231,Sistemas,29,4,0,3.38,10.3,96.6,4.0
9,M09-232,Sistemas,36,2,1,3.93,5.7,80.8,3.25
9,M09-233,Electrica,30,4,1,3.31,2.6,87.2,2.75
9,M09-234,Industrial,32,4,0,3.49,14.3,79.1,3.46
9,M09-235,Sistemas,21,1,1,3.2,10.8,86.6,2.83
9,M09-236,Sistemas,35,4,0,4.03,10.4,98.3,3.94
9,M09-237,Industrial,21,1,0,3.17,5.7,73.2,2.88
9,M09-238,Sistemas,30,2,1,3.71,10.6,79.3,3.53
9,M09-239,Industrial,32,5,0,3.97,12.2,74.0,3.99
9,M09-240,Industrial,28,3,0,3.34,25.1,82.6,4.21
9,M09-241,Sistemas,22,2,1,2.51,13.5,82.9,2.72
9,M09-242,Sistemas,39,5,0,3.55,8.1,74.4,4.01
9,M09-243,Sistemas,32,4,0,3.4,3.8,83.3,3.12
9,M09-244,Civil,28,3,1,3.79,2.7,78.3,3.08
9,M09-245,Electrica,36,4,0,3.28,12.6,89.1,3.97
9,M09-246,Sistemas,39,3,0,4.3,4.4,90.3,4.13
9,M09-247,Industrial,24,3,1,3.53,11.5,78.5,3.47
9,M09-248,Sistemas,29,5,0,3.75,10.6,76.4,3.63
9,M09-249,Industrial,21,3,0,3.46,9.3,100.0,3.91
9,M09-250,Sistemas,22,2,0,3.99,4.9,95.3,3.54
9,M09-251,Sistemas,28,5,0,3.35,3.8,95.1,2.78
9,M09-252,Sistemas,34,5,0,3.31,3.7,87.5,2.84
9,M09-253,Industrial,31,2,1,3.22,7.7,78.3,2.37
9,M09-254,Industrial,41,2,0,3.27,12.1,91.5,3.22
9,M09-255,Electrica,30,5,0,3.04,6.0,84.3,2.67
9,M09-256,Sistemas,21,6,0,3.84,14.3,91.4,4.35
9,M09-257,Industrial,24,4,0,3.46,6.7,82.0,3.06
9,M09-258,Industrial,34,1,0,3.28,7.0,70.2,3.06
9,M09-259,Industrial,31,2,0,3.94,12.1,97.6,3.94
9,M09-260,Sistemas,26,3,0,3.97,5.1,100.0,3.61
9,M09-261,Industrial,32,3,0,3.38,8.9,91.7,3.82
9,M09-262,Sistemas,31,3,0,3.27,9.0,90.6,2.97
9,M09-263,Electrica,31,4,1,3.58,8.0,76.5,3.11
9,M09-264,Civil,21,4,0,3.3,6.5,100.0,3.24
9,M09-265,Industrial,28,5,1,2.98,4.8,86.8,2.27
9,M09-266,Civil,21,3,0,4.21,17.0,77.8,4.59
9,M09-267,Electrica,21,3,0,3.35,9.0,83.9,3.56
9,M09-268,Industrial,32,3,1,3.29,2.0,86.4,3.09
9,M09-269,Sistemas,27,6,1,3.61,4.4,68.4,2.95
9,M09-270,Electrica,29,2,0,3.34,14.0,66.5,3.74
9,M09-271,Civil,32,3,0,4.12,26.0,93.1,5.0
9,M09-272,Industrial,23,3,1,2.76,1.1,76.8,2.76
9,M09-273,Sistemas,23,3,1,3.18,3.9,68.7,2.43
9,M09-274,Electrica,26,2,1,4.37,8.2,70.2,3.05
9,M09-275,Industrial,27,6,1,3.62,3.8,69.7,2.47
9,M09-276,Sistemas,25,4,0,3.72,3.2,84.7,2.56
9,M09-277,Industrial,26,3,1,3.38,4.0,80.8,2.96
9,M09-278,Sistemas,35,3,1,3.81,1.7,89.4,3.17
9,M09-279,Sistemas,25,2,0,4.16,5.3,88.0,2.79
9,M09-280,Electrica,27,3,0,2.43,8.9,77.4,2.94
9,M09-281,Sistemas,22,1,0,3.95,10.6,90.4,3.88
9,M09-282,Sistemas,23,2,0,3.21,6.5,100.0,3.34
9,M09-283,Electrica,29,1,0,4.12,13.6,86.7,4.4
9,M09-284,Sistemas,27,4,0,4.36,13.2,80.0,4.7
9,M09-285,Electrica,29,3,0,3.22,6.8,75.7,3.04
9,M09-286,Sistemas,25,3,1,3.37,4.6,88.5,3.32
9,M09-287,Sistemas,34,1,1,3.8,0.5,65.4,2.24
9,M09-288,Industrial,35,4,1,3.33,10.3,87.1,3.27
9,M09-289,Electrica,27,4,0,3.4,12.1,93.7,3.38
9,M09-290,Industrial,33,1,1,3.66,5.7,81.5,2.8
9,M09-291,Sistemas,36,2,1,3.78,18.6,82.4,4.13
9,M09-292,Electrica,26,3,0,3.34,14.6,74.4,3.66
9,M09-293,Industrial,23,3,0,3.62,4.3,78.3,3.45
9,M09-294,Industrial,32,4,0,3.43,11.4,82.9,3.44
9,M09-295,Industrial,32,4,0,4.1,6.7,71.9,3.33
9,M09-296,Civil,21,3,1,3.78,10.3,69.5,3.06
9,M09-297,Electrica,21,6,1,3.74,4.6,73.6,2.88
9,M09-298,Sistemas,24,4,1,3.56,10.8,77.6,3.93
9,M09-299,Civil,35,3,1,3.63,0.9,72.2,2.74
9,M09-300,Electrica,29,3,1,3.42,4.9,77.2,2.75
10,M10-001,Industrial,24,3,0,3.78,13.2,69.2,4.42
10,M10-002,Industrial,28,1,1,3.27,4.1,67.6,3.32
10,M10-003,Industrial,22,1,1,3.75,4.1,95.5,3.03
10,M10-004,Sistemas,30,2,1,3.23,5.6,77.6,3.57
10,M10-005,Industrial,23,3,0,3.08,9.4,96.2,3.65
10,M10-006,Civil,21,3,0,2.64,11.3,75.6,3.46
10,M10-007,Sistemas,28,1,1,4.38,16.6,87.9,4.66
10,M10-008,Sistemas,26,4,0,3.12,2.5,100.0,3.48
10,M10-009,Sistemas,27,3,0,3.01,9.8,82.2,3.23
10,M10-010,Civil,34,4,0,4.25,7.7,75.6,4.1
10,M10-011,Civil,25,3,0,4.13,14.6,94.0,3.81
10,M10-012,Industrial,25,1,0,3.45,17.8,93.0,3.9
10,M10-013,Sistemas,27,3,0,3.3,7.2,82.3,3.1
10,M10-014,Sistemas,22,4,0,3.41,6.4,96.8,2.86
10,M10-015,Civil,25,4,1,3.88,9.9,74.9,3.15
10,M10-016,Sistemas,24,3,0,3.99,18.7,79.1,4.26
10,M10-017,Industrial,28,3,1,3.26,7.3,79.4,3.0
10,M10-018,Industrial,24,5,0,4.01,14.7,82.9,4.01
10,M10-019,Electrica,24,6,0,3.34,10.2,79.2,3.42
10,M10-020,Sistemas,21,4,0,2.7,18.1,99.0,3.42
10,M10-021,Industrial,34,5,0,2.91,18.2,86.5,4.17
10,M10-022,Civil,28,2,0,3.57,2.0,100.0,2.88
10,M10-023,Industrial,30,4,1,4.16,6.8,93.8,3.27
10,M10-024,Electrica,32,4,1,3.3,0.5,85.2,1.9
10,M10-025,Industrial,31,2,0,3.68,6.8,68.1,2.65
10,M10-026,Sistemas,26,3,0,3.31,18.0,89.5,4.12
10,M10-027,Electrica,27,2,0,3.46,7.6,82.6,3.24
10,M10-028,Sistemas,39,3,1,3.63,6.4,65.1,2.84
10,M10-029,Industrial,23,3,0,3.94,4.4,88.0,4.13
10,M10-030,Sistemas,25,5,0,4.07,1.4,84.2,3.12
10,M10-031,Civil,31,4,1,4.69,1.7,79.6,4.13
10,M10-032,Sistemas,29,2,0,3.28,9.4,91.2,3.95
10,M10-033,Sistemas,32,4,0,2.84,20.0,73.3,3.68
10,M10-034,Industrial,21,3,0,3.57,8.4,89.9,3.03
10,M10-035,Sistemas,22,1,0,2.93,12.7,100.0,2.95
10,M10-036,Electrica,27,1,0,4.07,5.8,94.6,4.34
10,M10-037,Industrial,21,2,1,3.39,8.4,79.5,3.01
10,M10-038,Industrial,36,5,1,2.67,6.6,81.1,3.02
10,M10-039,Sistemas,25,6,1,3.87,10.7,79.0,3.13
10,M10-040,Sistemas,23,1,0,4.64,4.9,92.2,4.11
10,M10-041,Sistemas,26,4,0,3.54,10.6,98.5,3.91
10,M10-042,Civil,29,4,0,4.33,8.1,93.0,3.6
10,M10-043,Industrial,35,4,1,3.65,7.3,85.2,3.72
10,M10-044,Industrial,29,4,0,3.01,5.0,76.0,2.62
10,M10-045,Industrial,26,4,1,4.26,4.3,79.7,3.06
10,M10-046,Sistemas,30,2,0,3.22,5.9,87.8,3.31
10,M10-047,Industrial,30,4,0,3.66,4.0,100.0,3.48
10,M10-048,Civil,27,5,0,3.55,10.6,90.3,4.48
10,M10-049,Industrial,35,4,0,3.48,14.5,87.9,3.93
10,M10-050,Sistemas,26,3,0,4.13,4.8,98.7,4.55
10,M10-051,Industrial,22,2,1,4.06,11.7,70.4,3.67
10,M10-052,Industrial,30,6,0,3.61,6.9,96.4,3.59
10,M10-053,Sistemas,31,3,0,2.87,15.6,95.9,3.88
10,M10-054,Sistemas,21,4,0,3.43,10.5,87.6,3.5
10,M10-055,Electrica,28,4,0,3.58,12.0,92.6,3.46
10,M10-056,Industrial,21,3,0,3.71,7.5,85.6,3.36
10,M10-057,Sistemas,25,4,1,4.19,9.4,64.0,3.4
10,M10-058,Electrica,26,3,0,4.39,11.5,97.1,4.47
10,M10-059,Civil,24,5,0,3.56,15.4,91.1,3.54
10,M10-060,Industrial,28,2,1,3.51,9.6,85.8,3.98
10,M10-061,Sistemas,27,2,0,3.4,9.5,97.6,2.89
10,M10-062,Industrial,25,6,1,3.74,8.7,82.4,3.08
10,M10-063,Industrial,26,2,0,3.73,2.4,78.5,2.88
10,M10-064,Electrica,29,3,0,3.23,6.9,91.8,3.56
10,M10-065,Sistemas,25,5,0,3.68,16.2,85.6,3.76
10,M10-066,Civil,27,2,0,3.48,5.5,81.4,3.17
10,M10-067,Industrial,29,4,0,4.86,14.2,82.8,4.7
10,M10-068,Industrial,31,4,0,2.79,9.2,88.7,3.06
10,M10-069,Sistemas,21,6,1,4.05,19.6,69.4,4.28
10,M10-070,Sistemas,30,4,0,3.53,7.8,73.6,2.85
10,M10-071,Sistemas,21,3,0,4.06,5.0,85.5,3.82
10,M10-072,Civil,30,2,1,3.76,4.8,84.2,2.82
10,M10-073,Sistemas,31,1,0,3.32,10.3,98.9,3.35
10,M10-074,Industrial,31,3,1,3.58,2.0,69.7,3.01
10,M10-075,Industrial,28,3,0,3.65,5.2,95.4,3.43
10,M10-076,Electrica,22,4,1,3.23,2.9,76.8,2.39
10,M10-077,Sistemas,27,2,1,3.42,4.7,97.4,2.59
10,M10-078,Sistemas,24,2,1,3.88,3.6,84.9,3.32
10,M10-079,Electrica,33,1,0,3.85,10.9,100.0,4.43
10,M10-080,Sistemas,30,3,1,3.14,2.7,79.7,2.37
10,M10-081,Civil,31,2,1,2.61,4.6,77.8,1.67
10,M10-082,Sistemas,27,3,1,3.65,5.8,95.8,2.96
10,M10-083,Electrica,22,3,0,3.18,4.2,83.5,2.74
10,M10-084,Sistemas,28,3,0,4.06,12.9,88.1,4.56
10,M10-085,Sistemas,29,4,1,4.07,3.9,80.0,2.73
10,M10-086,Civil,35,3,0,4.12,12.7,91.8,4.36
10,M10-087,Sistemas,30,4,0,3.61,12.2,85.3,4.22
10,M10-088,Industrial,30,5,0,3.33,12.2,80.0,3.11
10,M10-089,Civil,22,2,0,2.46,6.4,81.4,2.73
10,M10-090,Sistemas,26,3,0,4.11,6.9,90.9,3.97
10,M10-091,Industrial,21,3,0,4.1,7.7,74.6,3.86
10,M10-092,Sistemas,38,2,0,4.26,6.1,81.5,3.93
10,M10-093,Sistemas,39,3,0,3.98,8.5,90.2,3.35
10,M10-094,Sistemas,31,2,1,4.08,0.8,85.9,3.1
10,M10-095,Civil,32,2,0,3.36,9.5,83.4,3.46
10,M10-096,Sistemas,29,2,1,4.02,4.4,77.0,3.74
10,M10-097,Industrial,28,3,0,4.11,4.7,82.8,3.98
10,M10-098,Sistemas,21,5,1,4.17,6.1,90.7,3.73
10,M10-099,Sistemas,30,3,0,3.3,14.2,85.4,4.02
10,M10-100,Sistemas,25,5,1,4.38,17.0,100.0,4.47
10,M10-101,Sistemas,33,4,0,4.09,5.7,74.3,3.26
10,M10-102,Sistemas,29,3,0,3.37,7.2,86.5,3.36
10,M10-103,Sistemas,29,3,0,4.02,16.6,90.0,4.28
10,M10-104,Sistemas,31,4,1,4.06,3.0,66.5,2.75
10,M10-105,Electrica,28,4,0,3.64,6.2,84.5,2.86
10,M10-106,Sistemas,26,2,0,4.39,11.0,97.6,4.09
10,M10-107,Sistemas,26,5,1,4.5,8.9,61.4,3.25
10,M10-108,Electrica,22,3,1,3.47,2.3,84.9,3.14
10,M10-109,Electrica,28,5,1,3.84,5.8,77.4,3.47
10,M10-110,Industrial,25,5,0,4.39,11.0,91.3,4.48
10,M10-111,Sistemas,28,3,1,3.74,1.2,85.0,2.39
10,M10-112,Sistemas,26,4,1,3.51,4.4,72.9,3.03
10,M10-113,Electrica,29,2,0,3.45,9.5,82.9,3.14
10,M10-114,Industrial,29,4,0,4.15,7.5,85.6,4.06
10,M10-115,Sistemas,28,2,0,3.97,6.8,77.0,3.52
10,M10-116,Sistemas,29,5,0,3.72,9.3,99.3,3.73
10,M10-117,Sistemas,23,3,0,3.6,5.2,78.3,2.42
10,M10-118,Sistemas,31,5,1,3.28,11.2,72.2,3.18
10,M10-119,Industrial,21,1,0,4.03,1.7,84.1,3.9
10,M10-120,Sistemas,30,4,1,3.43,4.9,87.0,2.74
10,M10-121,Civil,31,3,0,2.66,6.5,82.0,2.06
10,M10-122,Industrial,32,2,0,3.93,11.9,96.1,4.83
10,M10-123,Civil,29,3,0,3.64,24.2,90.9,4.73
10,M10-124,Electrica,31,2,1,3.84,0.9,63.4,2.92
10,M10-125,Sistemas,22,3,0,4.07,16.5,86.0,3.49
10,M10-126,Industrial,29,2,0,4.44,5.3,75.8,3.53
10,M10-127,Sistemas,24,3,1,2.84,8.9,77.4,2.93
10,M10-128,Electrica,30,3,1,3.59,7.8,69.7,3.03
10,M10-129,Sistemas,34,3,0,3.65,15.9,94.9,3.87
10,M10-130,Electrica,22,5,0,4.2,4.8,100.0,3.82
10,M10-131,Electrica,23,2,0,3.89,23.0,75.2,4.33
10,M10-132,Electrica,32,3,0,4.04,6.3,76.6,3.8
10,M10-133,Sistemas,28,2,0,3.48,15.0,80.7,4.0
10,M10-134,Sistemas,33,3,0,3.21,8.2,89.8,3.16
10,M10-135,Sistemas,25,4,1,4.02,9.5,87.5,3.67
10,M10-136,Electrica,23,2,0,3.73,8.0,85.0,3.75
10,M10-137,Sistemas,32,3,0,4.1,10.4,100.0,4.22
10,M10-138,Industrial,33,3,0,4.8,7.2,93.2,4.67
10,M10-139,Sistemas,22,3,1,3.45,3.1,86.6,3.5
10,M10-140,Sistemas,26,3,0,3.56,8.0,82.8,3.5
10,M10-141,Electrica,31,4,0,4.45,10.8,86.6,3.65
10,M10-142,Civil,22,3,0,2.91,13.8,95.1,3.71
10,M10-143,Sistemas,21,3,1,2.73,8.7,100.0,3.12
10,M10-144,Sistemas,23,5,0,4.11,13.6,99.0,3.69
10,M10-145,Industrial,28,5,0,3.42,14.8,80.3,4.34
10,M10-146,Civil,33,4,0,3.63,7.3,99.4,3.94
10,M10-147,Sistemas,28,2,0,3.59,16.4,92.5,4.31
10,M10-148,Electrica,24,3,0,3.57,15.0,83.3,3.86
10,M10-149,Industrial,26,3,0,3.54,5.6,83.6,3.9
10,M10-150,Industrial,21,5,1,4.23,9.6,93.1,3.52
10,M10-151,Electrica,24,2,1,3.93,19.7,83.2,3.85
10,M10-152,Civil,21,3,0,2.5,21.6,100.0,4.0
10,M10-153,Industrial,24,4,1,4.03,0.5,96.3,3.8
10,M10-154,Industrial,31,2,0,3.14,4.5,81.9,2.53
10,M10-155,Electrica,21,2,0,3.75,11.5,94.7,3.31
10,M10-156,Civil,29,3,0,4.2,12.9,70.8,3.85
10,M10-157,Sistemas,28,1,0,4.08,8.8,82.0,3.41
10,M10-158,Civil,26,1,0,3.28,7.3,91.0,3.14
10,M10-159,Sistemas,24,3,1,3.75,1.7,73.3,3.47
10,M10-160,Civil,26,2,0,2.42,4.0,98.5,2.79
10,M10-161,Electrica,30,3,0,2.76,7.4,77.6,3.05
10,M10-162,Sistemas,33,1,1,3.21,8.4,83.4,3.43
10,M10-163,Civil,23,3,0,4.17,11.1,74.7,3.9
10,M10-164,Sistemas,29,4,0,3.77,5.1,87.4,3.73
10,M10-165,Sistemas,24,2,0,3.49,8.1,86.1,3.4
10,M10-166,Sistemas,30,4,1,3.84,4.6,85.8,2.85
10,M10-167,Sistemas,29,5,0,3.43,16.5,92.3,3.71
10,M10-168,Industrial,21,1,0,3.72,7.8,93.0,4.11
10,M10-169,Sistemas,24,1,1,2.83,4.9,84.6,2.65
10,M10-170,Industrial,21,5,0,3.58,5.5,80.1,3.65
10,M10-171,Industrial,24,3,0,3.5,3.9,83.1,2.65
10,M10-172,Sistemas,26,3,0,3.97,7.3,88.7,3.11
10,M10-173,Sistemas,26,5,0,3.06,20.9,79.0,3.65
10,M10-174,Industrial,29,5,0,3.07,14.9,85.5,3.42
10,M10-175,Sistemas,28,3,0,3.24,4.3,89.6,3.13
10,M10-176,Industrial,29,3,0,3.36,10.9,81.2,3.45
10,M10-177,Electrica,31,4,1,4.12,4.3,76.3,3.41
10,M10-178,Electrica,23,2,1,3.6,0.5,75.0,2.88
10,M10-179,Sistemas,25,6,0,3.58,9.7,77.5,3.76
10,M10-180,Sistemas,21,3,1,3.43,7.1,85.8,3.57
10,M10-181,Sistemas,23,3,0,4.46,16.8,90.0,4.57
10,M10-182,Sistemas,30,2,0,3.58,17.6,84.2,3.66
10,M10-183,Sistemas,29,3,1,3.82,6.1,69.9,4.2
10,M10-184,Sistemas,30,4,1,3.75,6.4,69.7,3.21
10,M10-185,Sistemas,35,2,0,4.27,2.0,84.1,3.67
10,M10-186,Industrial,29,3,1,4.4,7.5,72.1,3.57
10,M10-187,Industrial,28,2,1,3.56,2.5,82.8,3.08
10,M10-188,Civil,29,3,0,4.0,8.0,76.9,3.33
10,M10-189,Sistemas,35,3,0,3.57,9.1,72.6,2.76
10,M10-190,Sistemas,23,6,0,3.47,5.3,92.0,3.21
10,M10-191,Industrial,21,3,1,3.92,13.4,79.4,4.37
10,M10-192,Electrica,30,2,0,4.22,7.3,91.9,3.18
10,M10-193,Industrial,21,2,0,3.55,12.3,93.8,4.43
10,M10-194,Industrial,30,2,0,3.58,9.9,95.9,3.97
10,M10-195,Civil,24,3,0,3.52,14.0,95.0,3.42
10,M10-196,Sistemas,23,3,0,3.73,7.1,74.5,3.33
10,M10-197,Electrica,27,3,0,3.09,7.3,85.9,3.27
10,M10-198,Sistemas,21,5,0,3.79,9.6,76.9,3.9
10,M10-199,Electrica,21,1,1,3.96,7.8,75.4,3.86
10,M10-200,Sistemas,28,2,1,3.54,7.0,92.5,3.39
10,M10-201,Industrial,33,5,0,3.65,2.8,82.4,3.04
10,M10-202,Electrica,34,4,0,4.39,11.1,79.8,4.03
10,M10-203,Industrial,32,2,0,3.67,14.0,88.5,4.16
10,M10-204,Sistemas,24,6,0,3.56,4.2,88.6,3.7
10,M10-205,Electrica,26,1,0,2.93,4.1,82.2,2.41
10,M10-206,Sistemas,34,4,1,3.46,8.6,78.0,3.37
10,M10-207,Industrial,30,2,1,2.91,12.2,99.9,3.32
10,M10-208,Sistemas,29,4,1,4.46,9.6,80.1,4.26
10,M10-209,Industrial,28,5,0,3.58,2.4,89.5,3.42
10,M10-210,Industrial,27,2,0,4.14,12.5,83.2,4.44
10,M10-211,Sistemas,25,3,1,3.15,11.2,72.2,2.77
10,M10-212,Sistemas,23,3,0,3.29,11.3,91.8,3.5
10,M10-213,Sistemas,25,4,0,3.53,14.7,81.6,4.33
10,M10-214,Industrial,30,4,0,3.67,1.4,79.8,3.45
10,M10-215,Sistemas,27,2,0,3.89,8.8,83.1,3.33
10,M10-216,Industrial,28,4,1,3.79,5.1,78.6,3.13
10,M10-217,Sistemas,29,2,0,3.93,6.8,84.8,3.5
10,M10-218,Sistemas,29,5,0,2.54,4.6,64.7,2.38
10,M10-219,Sistemas,21,4,0,3.76,6.7,77.8,3.5
10,M10-220,Civil,30,5,0,3.98,9.3,94.6,3.95
10,M10-221,Electrica,27,2,0,4.05,5.7,99.9,4.13
10,M10-222,Sistemas,31,3,1,3.59,0.5,71.2,3.06
10,M10-223,Industrial,34,3,0,4.49,9.1,89.2,4.13
10,M10-224,Civil,28,3,0,3.21,16.4,98.9,3.54
10,M10-225,Electrica,30,3,0,3.27,13.5,92.7,3.56
10,M10-226,Electrica,27,3,1,4.72,16.3,70.9,3.95
10,M10-227,Industrial,30,3,0,3.61,11.8,83.0,3.37
10,M10-228,Electrica,29,3,0,2.78,9.1,87.8,3.07
10,M10-229,Sistemas,23,3,0,3.3,3.9,80.4,3.4
10,M10-230,Sistemas,34,3,1,3.7,10.7,85.8,3.73
10,M10-231,Industrial,31,2,0,3.69,15.3,81.5,3.74
10,M10-232,Industrial,37,5,0,4.57,9.4,88.3,4.41
10,M10-233,Sistemas,25,3,1,4.08,1.6,74.2,2.78
10,M10-234,Industrial,29,3,1,3.95,12.5,72.0,3.76
10,M10-235,Civil,21,4,0,4.11,5.7,82.0,3.77
10,M10-236,Industrial,22,2,1,3.29,4.1,99.3,3.01
10,M10-237,Electrica,29,3,1,3.66,3.4,70.4,2.65
10,M10-238,Sistemas,25,2,0,3.51,9.0,71.5,3.26
10,M10-239,Sistemas,27,3,0,3.34,5.8,89.4,2.85
10,M10-240,Electrica,26,3,0,4.41,21.9,85.7,5.0
10,M10-241,Industrial,22,1,1,2.86,1.1,71.9,2.9
10,M10-242,Sistemas,31,3,0,3.2,6.9,78.6,2.69
10,M10-243,Industrial,33,3,0,4.31,8.4,95.1,4.85
10,M10-244,Civil,36,3,0,4.33,3.2,85.7,3.21
10,M10-245,Sistemas,23,3,1,4.12,9.9,90.0,3.79
10,M10-246,Industrial,26,5,0,2.94,11.2,83.3,3.07
10,M10-247,Sistemas,24,4,0,3.61,5.1,81.2,2.45
10,M10-248,Sistemas,24,4,1,4.96,4.5,90.8,4.24
10,M10-249,Industrial,31,2,0,3.02,11.5,75.0,3.46
10,M10-250,Sistemas,36,4,0,3.64,18.0,90.9,3.73
10,M10-251,Electrica,26,3,0,3.89,6.6,86.5,2.96
10,M10-252,Civil,27,5,1,3.48,3.8,69.6,2.94
10,M10-253,Civil,24,3,0,2.84,1.4,86.5,2.96
10,M10-254,Civil,22,5,1,3.55,11.9,79.2,3.6
10,M10-255,Industrial,22,2,1,3.98,5.3,85.4,3.67
10,M10-256,Electrica,30,2,1,3.19,2.8,86.9,3.09
10,M10-257,Electrica,30,5,0,2.54,6.1,86.6,2.96
10,M10-258,Electrica,28,4,1,3.92,9.8,89.2,3.98
10,M10-259,Sistemas,26,3,1,3.45,1.8,83.8,2.91
10,M10-260,Sistemas,21,1,1,3.74,16.7,64.0,3.67
10,M10-261,Sistemas,24,2,0,3.99,5.8,84.0,3.67
10,M10-262,Industrial,27,3,0,3.05,7.7,67.9,3.14
10,M10-263,Electrica,22,4,1,2.31,15.1,74.3,3.02
10,M10-264,Industrial,28,6,0,3.75,7.3,63.7,3.02
10,M10-265,Electrica,32,2,0,3.76,5.7,76.3,2.7
10,M10-266,Civil,26,3,0,3.51,12.0,75.5,4.08
10,M10-267,Industrial,27,3,0,3.91,6.1,76.1,3.42
10,M10-268,Electrica,24,6,0,3.92,21.1,66.2,3.89
10,M10-269,Industrial,29,3,0,3.35,12.2,80.3,3.24
10,M10-270,Civil,28,5,0,3.59,11.7,81.2,4.1
10,M10-271,Industrial,21,2,0,3.64,8.0,91.5,3.35
10,M10-272,Sistemas,24,3,0,3.33,5.1,95.7,3.05
10,M10-273,Civil,21,2,1,3.83,5.6,72.1,3.29
10,M10-274,Industrial,30,3,0,4.08,22.1,77.8,4.93
10,M10-275,Sistemas,32,4,0,3.92,5.0,81.0,3.02
10,M10-276,Industrial,28,1,0,3.81,8.9,94.1,3.93
10,M10-277,Sistemas,21,6,0,4.2,5.6,91.3,3.96
10,M10-278,Civil,25,4,0,3.64,21.3,91.5,4.13
10,M10-279,Electrica,21,3,0,3.54,10.3,67.6,3.2
10,M10-280,Industrial,33,2,1,2.86,3.4,95.5,3.09
10,M10-281,Electrica,25,3,1,4.42,10.6,100.0,4.03
10,M10-282,Civil,27,2,0,3.69,7.9,76.8,2.85
10,M10-283,Electrica,25,3,0,3.87,13.2,87.3,4.23
10,M10-284,Civil,33,1,1,3.72,10.4,69.7,2.96
10,M10-285,Industrial,22,4,0,3.83,7.5,83.8,3.77
10,M10-286,Sistemas,33,1,0,3.62,8.6,93.9,3.84
10,M10-287,Electrica,29,5,1,4.07,6.4,75.5,3.53
10,M10-288,Sistemas,24,3,1,3.4,0.5,80.8,1.58
10,M10-289,Civil,23,1,0,3.91,7.5,85.1,3.34
10,M10-290,Sistemas,32,3,0,4.23,9.8,83.3,4.12
10,M10-291,Sistemas,26,6,1,4.11,2.6,77.6,3.24
10,M10-292,Industrial,29,6,0,3.47,5.5,83.0,2.99
10,M10-293,Industrial,26,3,0,3.66,10.8,97.5,3.94
10,M10-294,Civil,32,2,0,3.21,7.0,88.5,3.73
10,M10-295,Sistemas,27,1,0,3.36,7.3,96.0,3.75
10,M10-296,Industrial,29,4,1,3.38,5.3,80.0,3.24
10,M10-297,Sistemas,29,5,1,3.51,11.8,81.8,2.95
10,M10-298,Civil,35,3,0,4.14,6.5,84.1,3.63
10,M10-299,Electrica,29,3,0,3.39,2.8,84.8,2.57
10,M10-300,Sistemas,21,3,0,3.26,9.3,79.3,3.47
11,M11-001,Sistemas,32,4,0,3.92,6.1,81.0,2.8
11,M11-002,Electrica,21,6,0,3.99,9.7,69.6,4.14
11,M11-003,Sistemas,28,5,1,4.23,16.0,80.0,4.3
11,M11-004,Civil,22,2,0,4.15,8.2,100.0,3.8
11,M11-005,Sistemas,24,4,1,3.57,7.1,91.4,3.28
11,M11-006,Electrica,26,2,0,3.7,9.9,100.0,3.24
11,M11-007,Electrica,22,2,0,3.41,18.3,86.6,4.3
11,M11-008,Electrica,27,4,1,3.87,3.0,77.2,2.8
11,M11-009,Civil,31,4,0,3.26,8.9,74.2,3.06
11,M11-010,Electrica,32,2,0,4.46,9.6,80.7,3.24
11,M11-011,Sistemas,25,4,1,3.09,1.6,76.1,1.88
11,M11-012,Sistemas,28,4,0,3.84,12.1,82.5,3.86
11,M11-013,Industrial,25,2,1,3.87,8.0,87.3,3.25
11,M11-014,Industrial,22,2,0,3.93,12.3,89.6,4.09
11,M11-015,Sistemas,24,3,1,5.0,8.9,92.4,4.42
11,M11-016,Electrica,36,1,0,3.48,14.5,81.5,3.63
11,M11-017,Civil,22,5,1,3.46,6.5,75.2,2.99
11,M11-018,Electrica,24,4,0,3.89,12.8,79.3,4.31
11,M11-019,Sistemas,25,2,1,3.24,3.3,89.6,3.49
11,M11-020,Electrica,31,1,1,3.84,4.8,78.2,3.19
11,M11-021,Sistemas,27,3,0,4.99,16.8,89.8,5.0
11,M11-022,Sistemas,24,5,1,3.69,4.6,81.2,2.99
11,M11-023,Sistemas,24,3,0,3.77,3.0,81.7,2.64
11,M11-024,Electrica,28,2,0,3.86,7.8,91.2,3.84
11,M11-025,Civil,28,3,0,3.62,11.7,98.1,3.45
11,M11-026,Electrica,21,3,0,3.28,8.3,81.6,2.77
11,M11-027,Industrial,27,4,0,3.02,12.1,69.4,2.88
11,M11-028,Civil,28,6,1,4.52,8.3,88.7,3.97
11,M11-029,Civil,29,2,1,3.54,0.5,87.8,3.18
11,M11-030,Sistemas,25,4,1,3.81,15.2,79.8,3.68
11,M11-031,Sistemas,29,2,0,3.21,8.7,94.6,2.99
11,M11-032,Civil,22,2,0,3.35,2.3,97.6,2.83
11,M11-033,Industrial,28,2,0,3.92,12.0,97.8,4.09
11,M11-034,Civil,39,4,1,3.46,8.4,94.0,3.2
11,M11-035,Electrica,29,2,0,4.09,5.4,83.2,3.53
11,M11-036,Sistemas,23,2,0,4.04,10.8,93.9,3.9
11,M11-037,Electrica,30,3,1,3.23,2.7,72.3,2.29
11,M11-038,Industrial,31,2,1,4.37,4.3,80.6,3.22
11,M11-039,Industrial,30,5,1,3.59,8.7,90.5,2.99
11,M11-040,Electrica,26,4,0,4.11,6.6,87.9,3.8
11,M11-041,Industrial,28,3,0,2.96,9.7,82.6,2.9
11,M11-042,Industrial,28,3,0,3.59,14.1,93.5,4.25
11,M11-043,Industrial,42,3,0,4.11,7.8,93.7,4.49
11,M11-044,Sistemas,21,1,1,3.64,3.9,89.8,3.04
11,M11-045,Sistemas,25,4,0,3.63,7.7,61.6,3.32
11,M11-046,Civil,26,3,0,3.62,9.2,75.6,3.63
11,M11-047,Industrial,25,1,0,4.68,6.2,89.1,3.83
11,M11-048,Electrica,27,2,0,3.49,9.2,95.9,3.26
11,M11-049,Electrica,32,4,0,3.95,11.7,91.6,4.26
11,M11-050,Electrica,21,1,0,3.39,9.7,75.8,3.54
11,M11-051,Industrial,26,4,0,3.47,21.2,83.5,4.43
11,M11-052,Electrica,23,2,0,3.93,11.4,83.5,3.77
11,M11-053,Sistemas,30,3,1,4.27,7.6,64.7,3.54
11,M11-054,Civil,35,5,0,2.9,3.0,74.7,2.41
11,M11-055,Industrial,22,2,1,3.9,11.2,72.4,3.02
11,M11-056,Electrica,26,3,0,3.74,10.4,75.0,3.71
11,M11-057,Civil,25,2,1,3.66,2.9,95.2,2.58
11,M11-058,Sistemas,23,5,0,3.64,18.2,79.7,3.87
11,M11-059,Industrial,25,5,0,3.19,12.4,87.3,3.82
11,M11-060,Industrial,27,4,0,4.1,3.2,78.3,3.2
11,M11-061,Sistemas,21,5,0,3.35,8.3,88.3,3.94
11,M11-062,Industrial,30,3,0,3.48,10.9,74.8,2.86
11,M11-063,Industrial,23,4,0,3.42,16.1,74.5,3.58
11,M11-064,Civil,21,2,0,3.07,7.0,100.0,3.6
11,M11-065,Industrial,28,2,0,3.47,4.1,84.3,3.43
11,M11-066,Sistemas,26,2,0,2.99,3.1,75.5,2.79
11,M11-067,Sistemas,30,4,0,3.2,13.5,73.4,3.38
11,M11-068,Sistemas,27,4,0,3.84,13.2,79.2,3.75
11,M11-069,Sistemas,28,2,0,3.49,10.4,94.7,3.64
11,M11-070,Electrica,29,5,1,3.55,3.1,87.5,2.38
11,M11-071,Sistemas,21,5,0,3.41,15.9,94.4,3.89
11,M11-072,Electrica,34,4,0,3.9,17.7,83.3,3.63
11,M11-073,Sistemas,31,1,0,4.02,8.2,89.0,3.9
11,M11-074,Civil,32,3,0,3.66,9.5,87.9,3.51
11,M11-075,Electrica,24,4,1,3.98,8.1,74.4,2.75
11,M11-076,Sistemas,27,3,0,2.77,7.6,80.6,3.76
11,M11-077,Sistemas,28,4,0,3.9,5.7,88.0,3.64
11,M11-078,Civil,21,3,1,3.73,3.8,88.7,2.95
11,M11-079,Sistemas,30,5,1,3.41,7.7,93.1,3.38
11,M11-080,Sistemas,29,2,1,4.15,3.3,71.0,3.36
11,M11-081,Sistemas,29,3,0,4.04,11.4,84.2,4.02
11,M11-082,Civil,28,6,0,3.47,10.1,87.1,3.92
11,M11-083,Civil,32,2,0,3.52,9.5,100.0,3.72
11,M11-084,Sistemas,29,3,1,3.82,12.0,69.3,3.13
11,M11-085,Sistemas,29,2,0,3.47,15.6,83.0,4.2
11,M11-086,Sistemas,31,5,1,3.38,4.6,65.3,1.96
11,M11-087,Sistemas,26,3,0,2.85,3.1,77.6,2.65
11,M11-088,Sistemas,25,2,1,4.07,3.6,70.1,3.05
11,M11-089,Civil,31,5,0,3.29,8.7,71.4,2.74
11,M11-090,Sistemas,27,1,1,3.41,9.0,71.1,2.81
11,M11-091,Electrica,28,3,0,3.83,10.9,91.1,3.77
11,M11-092,Electrica,21,2,1,3.53,0.9,81.2,3.4
11,M11-093,Industrial,28,3,1,4.11,4.5,99.6,3.71
11,M11-094,Sistemas,21,2,1,3.6,5.2,78.6,2.81
11,M11-095,Sistemas,24,3,1,2.75,20.3,89.3,2.99
11,M11-096,Industrial,26,5,0,4.11,11.6,65.3,3.3
11,M11-097,Sistemas,38,4,0,3.77,15.7,68.0,4.03
11,M11-098,Electrica,26,2,0,3.64,8.4,96.2,4.05
11,M11-099,Sistemas,30,4,1,3.79,4.4,88.8,3.03
11,M11-100,Industrial,24,3,0,3.55,6.3,83.3,3.31
11,M11-101,Industrial,26,2,0,4.06,12.0,78.0,4.22
11,M11-102,Civil,21,4,0,3.97,18.9,96.4,4.75
11,M11-103,Civil,32,4,0,3.84,10.3,82.0,4.0
11,M11-104,Sistemas,30,5,1,3.89,0.5,76.7,2.98
11,M11-105,Sistemas,31,1,1,2.92,4.5,71.8,2.32
11,M11-106,Industrial,29,3,1,3.86,6.6,79.9,3.2
11,M11-107,Sistemas,27,3,1,2.51,6.1,86.7,2.34
11,M11-108,Sistemas,30,3,0,3.83,19.0,97.5,3.96
11,M11-109,Industrial,27,2,0,4.31,8.6,81.2,4.18
11,M11-110,Industrial,34,3,0,4.63,6.8,87.8,4.75
11,M11-111,Industrial,30,3,0,3.62,5.5,81.3,3.51
11,M11-112,Electrica,25,3,0,3.55,19.2,100.0,4.41
11,M11-113,Sistemas,22,4,0,3.01,2.4,72.8,2.98
11,M11-114,Electrica,26,2,0,4.43,4.6,70.8,3.62
11,M11-115,Sistemas,22,3,1,2.84,6.3,89.2,2.45
11,M11-116,Industrial,29,3,1,3.36,2.7,86.6,3.03
11,M11-117,Industrial,27,2,1,3.5,8.7,86.1,3.36
11,M11-118,Sistemas,21,2,1,3.28,4.9,71.9,2.23
11,M11-119,Civil,32,2,1,3.83,8.0,75.8,3.64
11,M11-120,Electrica,24,3,0,3.82,12.0,90.5,3.59
11,M11-121,Sistemas,21,6,0,3.72,17.7,81.9,4.35
11,M11-122,Civil,33,5,0,4.3,7.5,80.4,3.86
11,M11-123,Sistemas,26,3,1,3.97,6.5,75.0,3.1
11,M11-124,Sistemas,25,5,0,3.41,8.9,100.0,3.24
11,M11-125,Industrial,25,3,0,3.31,15.6,64.6,3.16
11,M11-126,Sistemas,27,5,1,4.69,9.7,82.0,3.31
11,M11-127,Electrica,27,2,1,3.01,21.0,73.2,3.12
11,M11-128,Sistemas,21,4,0,3.47,6.5,78.9,3.27
11,M11-129,Industrial,27,3,0,3.69,4.3,88.7,2.87
11,M11-130,Civil,27,2,1,2.94,0.5,87.8,2.3
11,M11-131,Sistemas,29,2,1,3.89,9.5,75.9,3.54
11,M11-132,Sistemas,21,4,1,3.23,22.6,100.0,3.13
11,M11-133,Industrial,25,3,0,4.6,2.4,67.7,3.18
11,M11-134,Industrial,21,6,1,3.47,14.5,82.6,3.85
11,M11-135,Sistemas,24,1,1,4.02,11.6,84.8,3.46
11,M11-136,Sistemas,22,3,1,3.81,0.5,74.6,2.71
11,M11-137,Sistemas,29,4,1,3.61,3.0,77.9,3.19
11,M11-138,Industrial,26,1,0,3.44,4.5,81.3,2.71
11,M11-139,Electrica,26,3,1,3.42,6.6,77.9,2.03
11,M11-140,Civil,28,3,0,4.17,4.0,86.2,3.83
11,M11-141,Industrial,23,4,0,4.02,11.6,87.4,4.04
11,M11-142,Industrial,21,6,1,3.53,11.7,56.9,2.72
11,M11-143,Sistemas,21,4,1,3.76,4.4,79.7,2.23
11,M11-144,Sistemas,32,1,0,3.29,3.7,84.5,3.52
11,M11-145,Electrica,26,2,0,3.57,16.9,61.9,3.63
11,M11-146,Sistemas,38,2,0,3.36,17.8,93.0,3.95
11,M11-147,Sistemas,31,5,1,3.42,3.0,79.7,3.0
11,M11-148,Sistemas,27,4,1,4.78,3.1,87.7,4.14
11,M11-149,Industrial,31,2,1,3.76,21.8,70.3,3.79
11,M11-150,Electrica,24,4,0,2.89,3.4,94.9,2.86
11,M11-151,Industrial,28,2,0,4.66,13.4,88.1,5.0
11,M11-152,Sistemas,27,2,1,3.44,0.6,99.6,2.87
11,M11-153,Electrica,31,3,1,4.11,3.2,51.2,2.94
11,M11-154,Electrica,21,6,0,3.34,10.6,75.2,3.66
11,M11-155,Industrial,23,5,0,3.67,16.3,59.4,2.79
11,M11-156,Sistemas,29,5,0,3.36,6.3,99.7,3.47
11,M11-157,Electrica,31,1,0,3.68,9.4,89.1,3.29
11,M11-158,Sistemas,34,3,1,4.34,9.9,99.1,3.98
11,M11-159,Industrial,27,5,0,4.45,10.0,94.1,4.09
11,M11-160,Industrial,28,2,0,4.63,5.4,80.5,3.73
11,M11-161,Industrial,21,4,0,3.5,11.2,100.0,3.97
11,M11-162,Electrica,29,2,0,3.88,11.1,82.5,3.59
11,M11-163,Civil,30,3,0,3.49,5.1,87.3,2.44
11,M11-164,Sistemas,26,3,0,3.58,4.1,100.0,3.96
11,M11-165,Industrial,29,1,0,4.53,3.7,79.0,3.5
11,M11-166,Electrica,28,4,0,3.91,2.2,95.2,3.36
11,M11-167,Sistemas,29,2,1,2.54,4.0,77.8,2.62
11,M11-168,Electrica,27,2,1,3.59,3.6,86.9,3.19
11,M11-169,Sistemas,34,3,0,3.89,17.2,87.7,3.97
11,M11-170,Civil,36,1,0,4.02,11.2,84.8,3.77
11,M11-171,Sistemas,26,3,0,3.42,7.0,97.6,3.67
11,M11-172,Industrial,27,5,1,3.2,6.0,93.5,2.77
11,M11-173,Industrial,21,4,1,2.81,1.8,61.8,2.32
11,M11-174,Industrial,27,2,1,4.05,7.9,63.5,4.19
11,M11-175,Sistemas,33,4,0,3.73,10.2,77.6,3.45
11,M11-176,Sistemas,23,3,0,3.06,5.0,92.8,2.19
11,M11-177,Sistemas,23,5,1,4.03,13.7,78.8,3.28
11,M11-178,Sistemas,35,4,1,4.37,6.3,66.2,3.63
11,M11-179,Sistemas,21,5,0,3.35,10.4,89.1,3.04
11,M11-180,Sistemas,32,6,0,4.27,5.4,81.1,3.88
11,M11-181,Industrial,30,2,0,3.1,7.9,77.4,3.29
11,M11-182,Industrial,27,6,0,3.87,7.3,75.0,4.02
11,M11-183,Sistemas,24,1,0,3.55,5.9,83.4,2.91
11,M11-184,Industrial,28,1,0,4.14,9.7,82.6,4.47
11,M11-185,Sistemas,33,3,0,3.72,6.5,96.6,3.04
11,M11-186,Sistemas,21,2,0,4.39,11.7,74.5,4.25
11,M11-187,Industrial,34,4,1,3.67,4.9,78.8,3.49
11,M11-188,Civil,31,2,1,3.04,12.3,82.0,3.38
11,M11-189,Electrica,25,5,0,3.82,3.5,80.4,3.4
11,M11-190,Sistemas,27,4,1,3.69,8.0,83.9,3.37
11,M11-191,Industrial,31,5,0,4.14,6.4,97.1,3.75
11,M11-192,Sistemas,21,2,1,3.18,7.8,81.2,2.87
11,M11-193,Industrial,21,4,0,4.11,7.5,84.2,3.92
11,M11-194,Electrica,22,4,0,3.16,12.3,74.3,3.51
11,M11-195,Sistemas,22,3,1,2.68,5.2,73.9,2.43
11,M11-196,Sistemas,28,2,0,3.43,4.7,84.9,3.05
11,M11-197,Sistemas,31,5,0,3.68,12.2,94.9,3.64
11,M11-198,Industrial,23,2,1,4.56,3.0,80.9,3.51
11,M11-199,Electrica,21,2,1,3.71,9.4,74.4,3.39
11,M11-200,Sistemas,27,1,0,3.27,13.6,87.2,3.92
11,M11-201,Sistemas,24,3,0,4.33,9.6,91.0,3.76
11,M11-202,Sistemas,26,4,0,4.38,19.4,85.1,4.58
11,M11-203,Electrica,28,3,0,4.25,5.0,81.9,3.29
11,M11-204,Sistemas,30,6,0,2.97,15.5,88.5,3.86
11,M11-205,Industrial,28,6,0,3.42,1.8,88.4,3.17
11,M11-206,Electrica,29,4,0,4.11,3.9,67.4,3.01
11,M11-207,Industrial,27,3,1,2.85,4.4,71.0,1.75
11,M11-208,Civil,33,2,0,3.68,5.2,71.5,3.52
11,M11-209,Electrica,23,2,0,3.67,14.6,100.0,3.71
11,M11-210,Industrial,40,2,0,3.66,30.0,86.1,4.49
11,M11-211,Electrica,27,6,0,3.68,8.5,82.6,4.11
11,M11-212,Civil,30,4,0,3.83,6.4,81.8,3.28
11,M11-213,Sistemas,29,4,1,3.45,6.4,78.6,2.83
11,M11-214,Sistemas,22,3,0,4.31,11.1,87.1,4.45
11,M11-215,Civil,28,2,0,3.72,9.2,75.9,3.6
11,M11-216,Sistemas,31,3,0,4.02,12.4,91.9,4.43
11,M11-217,Sistemas,32,4,0,4.28,23.4,78.0,4.42
11,M11-218,Sistemas,30,1,0,4.32,6.3,73.1,3.46
11,M11-219,Industrial,26,2,0,4.02,7.5,100.0,3.59
11,M11-220,Sistemas,24,2,1,4.49,11.9,68.5,4.48
11,M11-221,Civil,22,5,1,3.57,12.8,83.6,3.15
11,M11-222,Industrial,33,4,0,3.76,5.9,87.6,3.31
11,M11-223,Electrica,34,3,0,3.61,7.3,87.6,3.46
11,M11-224,Civil,25,5,1,3.47,2.3,74.3,3.6
11,M11-225,Electrica,29,4,0,3.86,7.9,84.0,3.7
11,M11-226,Electrica,26,5,0,3.56,4.5,94.6,3.43
11,M11-227,Industrial,27,1,0,3.72,4.9,81.2,2.71
11,M11-228,Civil,26,5,1,3.52,3.5,78.2,2.97
11,M11-229,Sistemas,33,2,1,3.08,2.3,82.1,2.42
11,M11-230,Electrica,28,3,1,4.05,1.4,79.4,2.85
11,M11-231,Sistemas,25,2,1,4.15,13.8,68.8,3.63
11,M11-232,Sistemas,33,2,1,3.83,2.3,92.9,3.82
11,M11-233,Sistemas,21,4,1,3.74,2.0,90.0,2.66
11,M11-234,Industrial,29,3,0,3.84,17.1,90.8,4.2
11,M11-235,Electrica,28,4,1,3.72,16.5,78.7,4.15
11,M11-236,Electrica,23,1,0,4.16,10.5,81.9,3.66
11,M11-237,Industrial,21,2,1,3.39,7.4,80.1,2.34
11,M11-238,Industrial,21,2,0,3.6,5.2,72.9,3.39
11,M11-239,Civil,25,6,0,3.3,8.0,77.5,3.02
11,M11-240,Electrica,24,1,0,3.05,1.9,82.5,2.5
11,M11-241,Industrial,21,4,1,3.33,4.5,79.0,3.34
11,M11-242,Industrial,26,4,1,3.81,1.9,78.5,2.99
11,M11-243,Civil,24,3,1,3.43,12.4,74.1,3.65
11,M11-244,Sistemas,26,5,0,2.96,1.9,90.5,2.63
11,M11-245,Industrial,25,4,1,3.6,3.5,75.9,2.56
11,M11-246,Sistemas,25,1,0,4.03,14.0,82.6,4.59
11,M11-247,Sistemas,23,3,0,4.43,9.6,100.0,4.75
11,M11-248,Sistemas,28,4,0,4.12,10.5,74.0,3.44
11,M11-249,Civil,26,1,0,3.27,3.2,86.4,2.72
11,M11-250,Industrial,33,3,0,4.15,9.9,100.0,4.2
11,M11-251,Civil,27,4,1,2.62,11.1,73.2,2.46
11,M11-252,Civil,22,2,0,3.77,11.0,71.1,4.03
11,M11-253,Electrica,37,2,1,3.99,2.3,67.1,2.67
11,M11-254,Civil,28,3,0,4.2,5.9,89.4,3.42
11,M11-255,Sistemas,31,3,0,3.76,13.9,83.5,3.24
11,M11-256,Industrial,27,2,0,3.27,14.5,97.0,3.54
11,M11-257,Sistemas,21,2,0,4.2,10.2,89.7,3.72
11,M11-258,Industrial,30,4,0,4.25,7.1,92.6,3.9
11,M11-259,Electrica,29,3,0,3.78,5.6,83.5,3.7
11,M11-260,Sistemas,21,5,1,2.89,1.0,78.9,2.31
11,M11-261,Sistemas,22,3,0,3.33,2.6,89.1,3.87
11,M11-262,Sistemas,30,1,0,3.4,11.7,89.7,3.3
11,M11-263,Sistemas,24,4,0,3.02,9.3,77.2,2.93
11,M11-264,Civil,25,3,0,3.08,4.9,78.7,3.0
11,M11-265,Electrica,30,3,0,3.15,2.5,100.0,3.13
11,M11-266,Civil,37,4,1,3.6,10.8,81.5,3.88
11,M11-267,Civil,28,3,0,3.76,10.4,65.1,3.84
11,M11-268,Sistemas,35,3,0,4.09,18.6,78.9,4.71
11,M11-269,Sistemas,22,6,0,3.78,11.5,89.6,3.68
11,M11-270,Industrial,31,5,0,4.39,10.0,80.1,4.19
11,M11-271,Sistemas,27,4,0,4.34,9.6,96.9,4.27
11,M11-272,Industrial,21,3,1,3.51,3.9,62.8,2.66
11,M11-273,Sistemas,27,5,0,3.88,10.4,88.0,3.34
11,M11-274,Industrial,24,3,0,3.88,4.4,79.7,3.39
11,M11-275,Civil,24,2,0,3.63,6.2,98.5,3.89
11,M11-276,Industrial,40,3,0,3.78,8.9,95.7,3.47
11,M11-277,Sistemas,21,3,0,3.92,10.0,91.8,3.78
11,M11-278,Electrica,28,1,0,3.51,8.7,89.3,3.57
11,M11-279,Industrial,21,4,0,3.67,5.0,100.0,3.38
11,M11-280,Industrial,29,5,1,3.86,6.9,61.2,3.38
11,M11-281,Sistemas,26,3,1,3.41,9.0,81.4,3.66
11,M11-282,Sistemas,31,2,0,4.34,10.4,90.6,3.87
11,M11-283,Industrial,29,4,1,3.0,1.1,96.4,2.39
11,M11-284,Electrica,27,3,0,4.17,2.4,89.2,2.69
11,M11-285,Industrial,24,3,0,3.52,5.9,95.7,3.06
11,M11-286,Sistemas,25,3,1,2.73,1.0,85.8,2.31
11,M11-287,Electrica,33,3,1,3.5,19.3,84.0,3.47
11,M11-288,Electrica,31,3,0,3.67,10.4,80.8,3.91
11,M11-289,Industrial,22,3,0,3.02,6.7,94.0,2.93
11,M11-290,Electrica,26,1,0,3.54,10.6,71.7,3.27
11,M11-291,Electrica,32,4,1,3.72,11.4,81.0,3.47
11,M11-292,Industrial,31,2,0,3.24,3.8,83.2,3.53
11,M11-293,Electrica,36,3,1,3.95,9.4,60.8,3.67
11,M11-294,Industrial,23,5,0,3.94,3.0,86.5,3.44
11,M11-295,Sistemas,30,2,1,3.35,0.5,90.5,2.74
11,M11-296,Civil,26,3,1,3.42,0.5,86.6,3.09
11,M11-297,Industrial,29,4,0,4.02,3.4,90.9,3.86
11,M11-298,Industrial,27,2,1,3.69,15.5,79.8,3.65
11,M11-299,Sistemas,31,4,1,3.94,11.7,73.5,3.6
11,M11-300,Industrial,33,4,1,3.37,8.7,74.9,2.59
12,M12-001,Sistemas,28,2,1,3.57,3.2,83.4,2.62
12,M12-002,Industrial,23,2,0,3.33,6.7,77.8,2.96
12,M12-003,Sistemas,26,1,0,3.72,6.7,63.6,2.85
12,M12-004,Industrial,26,3,0,3.38,13.4,93.1,3.17
12,M12-005,Sistemas,27,2,0,3.62,8.0,92.2,3.58
12,M12-006,Industrial,25,2,0,4.15,6.2,86.2,3.95
12,M12-007,Electrica,28,3,0,3.81,4.0,82.6,3.41
12,M12-008,Sistemas,22,4,0,4.67,9.2,93.8,4.55
12,M12-009,Civil,24,2,0,3.61,10.5,71.4,3.4
12,M12-010,Civil,26,3,0,3.51,3.7,88.5,3.31
12,M12-011,Industrial,30,4,0,4.23,6.9,83.3,3.73
12,M12-012,Electrica,32,4,0,3.36,8.1,96.5,3.28
12,M12-013,Sistemas,27,5,0,3.62,8.7,91.0,3.64
12,M12-014,Sistemas,24,3,0,3.9,9.6,85.8,3.32
12,M12-015,Electrica,27,3,0,4.38,13.5,80.1,4.51
12,M12-016,Sistemas,28,3,0,3.53,3.4,100.0,2.94
12,M12-017,Electrica,37,3,0,2.96,6.0,78.6,3.13
12,M12-018,Civil,30,4,0,4.55,8.6,75.5,4.23
12,M12-019,Sistemas,33,2,0,3.17,8.0,82.5,3.57
12,M12-020,Electrica,28,4,1,3.0,4.1,81.1,2.89
12,M12-021,Electrica,27,3,0,3.86,9.2,93.0,4.08
12,M12-022,Electrica,27,2,0,3.49,6.5,73.7,2.34
12,M12-023,Sistemas,31,3,0,3.23,11.6,83.4,3.01
12,M12-024,Sistemas,28,6,0,3.4,6.0,79.7,3.89
12,M12-025,Sistemas,26,4,0,3.74,16.0,66.1,3.38
12,M12-026,Industrial,30,2,0,4.31,6.9,86.7,3.66
12,M12-027,Civil,29,4,0,4.06,7.9,99.2,4.2
12,M12-028,Civil,29,2,0,4.29,13.7,72.3,4.4
12,M12-029,Sistemas,38,1,1,4.22,4.1,78.6,3.44
12,M12-030,Sistemas,22,6,1,3.43,7.6,69.6,3.19
12,M12-031,Sistemas,28,3,0,3.32,5.9,71.5,2.82
12,M12-032,Industrial,24,3,1,3.57,1.6,81.9,3.23
12,M12-033,Industrial,30,3,0,3.53,2.6,100.0,2.72
12,M12-034,Sistemas,28,6,0,4.02,5.3,92.7,3.44
12,M12-035,Sistemas,23,5,0,3.36,3.9,75.2,2.6
12,M12-036,Sistemas,25,3,0,4.12,20.3,76.9,4.0
12,M12-037,Sistemas,26,4,0,3.06,6.5,100.0,3.16
12,M12-038,Industrial,21,1,0,4.3,4.2,100.0,3.66
12,M12-039,Civil,25,1,0,4.3,11.7,70.0,4.02
12,M12-040,Sistemas,21,3,1,3.54,8.1,91.4,3.34
12,M12-041,Sistemas,21,3,1,3.31,2.0,83.2,2.32
12,M12-042,Electrica,33,3,0,3.37,3.9,80.1,3.73
12,M12-043,Electrica,21,2,1,4.04,6.2,70.3,3.15
12,M12-044,Sistemas,36,2,0,3.32,12.0,80.8,3.48
12,M12-045,Electrica,26,3,1,3.29,7.2,68.3,2.73
12,M12-046,Electrica,23,4,0,3.0,9.9,79.3,3.1
12,M12-047,Sistemas,31,3,1,3.12,1.2,71.9,2.51
12,M12-048,Sistemas,35,3,0,4.4,12.0,71.8,4.31
12,M12-049,Sistemas,26,1,1,4.03,9.6,76.4,3.98
12,M12-050,Industrial,29,3,0,4.08,5.7,74.5,3.54
12,M12-051,Sistemas,25,3,1,3.26,3.7,85.9,2.59
12,M12-052,Civil,31,1,0,3.66,13.1,99.4,3.6
12,M12-053,Civil,26,6,0,3.58,19.1,93.9,4.05
12,M12-054,Sistemas,24,2,0,3.83,6.5,98.0,3.45
12,M12-055,Sistemas,25,2,1,3.14,0.5,62.1,2.23
12,M12-056,Industrial,28,3,1,4.06,7.3,56.3,3.02
12,M12-057,Electrica,21,2,0,3.51,9.1,79.8,3.32
12,M12-058,Sistemas,26,4,1,3.71,1.2,64.4,1.56
12,M12-059,Electrica,32,1,0,3.58,11.8,97.6,3.8
12,M12-060,Electrica,38,3,1,3.96,3.8,86.4,3.08
12,M12-061,Electrica,21,3,0,4.15,17.1,100.0,4.34
12,M12-062,Sistemas,27,3,0,3.32,7.8,76.9,2.92
12,M12-063,Sistemas,25,2,0,3.49,18.4,69.7,3.95
12,M12-064,Civil,21,2,0,3.38,5.7,80.7,3.12
12,M12-065,Electrica,26,3,1,3.98,3.5,78.6,3.26
12,M12-066,Electrica,24,4,1,3.66,6.5,83.1,3.15
12,M12-067,Sistemas,27,3,0,3.4,11.1,98.9,4.14
12,M12-068,Industrial,24,4,0,3.71,6.5,77.3,3.35
12,M12-069,Sistemas,33,6,1,3.75,3.8,94.5,2.86
12,M12-070,Civil,28,1,1,3.24,11.2,92.6,3.37
12,M12-071,Sistemas,22,5,1,3.41,0.7,80.7,2.95
12,M12-072,Electrica,25,3,1,4.11,0.5,83.7,3.2
12,M12-073,Sistemas,28,4,0,3.1,7.3,97.0,3.29
12,M12-074,Sistemas,29,3,0,2.7,21.9,69.9,3.17
12,M12-075,Sistemas,36,3,0,2.87,4.2,74.7,3.11
12,M12-076,Sistemas,25,5,1,3.69,5.1,73.0,2.68
12,M12-077,Civil,21,4,0,3.85,18.3,79.0,3.96
12,M12-078,Electrica,32,1,1,3.32,7.9,73.3,2.68
12,M12-079,Sistemas,31,3,0,3.15,8.9,88.5,3.51
12,M12-080,Civil,32,3,0,3.77,8.6,71.0,3.5
12,M12-081,Industrial,22,5,1,4.11,2.5,90.8,3.61
12,M12-082,Sistemas,28,3,0,3.75,7.3,97.2,3.65
12,M12-083,Industrial,29,1,0,3.18,3.3,91.3,3.2
12,M12-084,Industrial,26,3,0,4.09,9.1,79.3,3.45
12,M12-085,Civil,25,4,0,4.56,8.9,76.0,4.41
12,M12-086,Civil,34,5,0,3.97,9.4,66.8,4.07
12,M12-087,Industrial,33,2,1,3.72,10.3,85.9,3.55
12,M12-088,Sistemas,22,3,0,3.97,4.8,88.4,3.46
12,M12-089,Electrica,30,3,0,3.94,12.1,90.8,4.12
12,M12-090,Sistemas,32,4,0,2.84,11.1,83.7,2.8
12,M12-091,Industrial,25,3,0,3.77,10.6,98.2,3.65
12,M12-092,Electrica,22,2,1,3.57,4.4,82.4,3.48
12,M12-093,Sistemas,26,1,1,3.62,14.3,73.4,3.58
12,M12-094,Industrial,30,6,0,3.35,3.8,71.7,2.12
12,M12-095,Sistemas,29,6,1,3.3,4.7,80.6,2.43
12,M12-096,Industrial,26,3,0,4.04,10.7,92.3,3.59
12,M12-097,Sistemas,28,1,1,3.68,0.5,69.7,2.89
12,M12-098,Sistemas,21,3,0,3.87,5.2,68.6,3.37
12,M12-099,Sistemas,28,4,0,4.07,16.1,78.6,4.28
12,M12-100,Sistemas,31,3,1,3.96,6.4,64.9,3.73
12,M12-101,Industrial,25,4,0,3.8,11.3,76.6,3.57
12,M12-102,Sistemas,28,2,0,3.59,4.1,86.2,3.15
12,M12-103,Sistemas,25,4,0,3.69,5.6,98.9,3.5
12,M12-104,Sistemas,23,3,1,3.28,10.8,73.5,3.11
12,M12-105,Industrial,29,3,0,4.37,3.7,96.0,3.64
12,M12-106,Industrial,23,2,1,3.37,16.0,74.8,3.75
12,M12-107,Industrial,26,6,0,3.34,7.3,91.7,3.22
12,M12-108,Sistemas,31,4,0,3.2,20.9,77.4,3.94
12,M12-109,Sistemas,23,5,1,3.65,7.1,88.6,3.46
12,M12-110,Electrica,32,4,0,3.54,13.9,100.0,4.46
12,M12-111,Industrial,35,3,1,3.86,12.8,72.9,3.76
12,M12-112,Sistemas,30,3,0,3.99,7.4,84.3,3.79
12,M12-113,Sistemas,28,3,0,3.06,9.9,77.4,3.47
12,M12-114,Electrica,30,2,1,3.78,0.5,74.7,2.81
12,M12-115,Sistemas,25,3,1,4.17,2.1,81.0,3.36
12,M12-116,Sistemas,26,5,1,4.52,8.3,88.7,4.4
12,M12-117,Sistemas,32,5,0,3.52,3.3,100.0,3.13
12,M12-118,Sistemas,30,3,0,3.6,6.8,76.3,3.47
12,M12-119,Industrial,23,3,0,3.94,3.8,100.0,3.45
12,M12-120,Electrica,24,3,0,2.89,8.0,72.1,3.39
12,M12-121,Sistemas,26,5,1,3.43,10.0,90.0,3.36
12,M12-122,Industrial,30,3,0,3.88,9.1,75.8,3.51
12,M12-123,Electrica,28,2,0,3.97,9.3,86.3,3.87
12,M12-124,Electrica,31,1,0,3.23,9.4,71.0,3.32
12,M12-125,Civil,29,4,0,3.44,5.6,85.4,3.33
12,M12-126,Civil,33,5,0,3.71,8.4,85.5,3.46
12,M12-127,Sistemas,21,1,0,4.17,8.0,91.6,4.23
12,M12-128,Electrica,28,4,0,4.02,6.0,66.3,3.63
12,M12-129,Sistemas,21,6,1,3.63,6.2,69.4,2.49
12,M12-130,Sistemas,35,4,1,4.45,8.7,73.0,3.63
12,M12-131,Industrial,29,3,1,3.94,10.9,74.2,3.14
12,M12-132,Industrial,27,3,0,3.53,10.5,83.0,3.92
12,M12-133,Electrica,22,3,0,4.33,12.7,83.0,4.22
12,M12-134,Industrial,23,3,0,3.93,7.5,93.0,3.79
12,M12-135,Electrica,23,2,0,3.65,7.0,76.8,3.66
12,M12-136,Sistemas,32,2,0,3.52,8.4,81.8,3.72
12,M12-137,Sistemas,23,2,0,3.4,1.8,97.4,3.46
12,M12-138,Electrica,33,3,1,3.89,4.2,89.8,3.38
12,M12-139,Electrica,22,5,1,4.05,9.8,77.3,3.72
12,M12-140,Civil,30,4,1,3.05,0.5,82.6,2.98
12,M12-141,Industrial,32,3,0,4.1,10.5,84.3,3.61
12,M12-142,Industrial,26,4,1,3.26,6.6,85.1,3.14
12,M12-143,Sistemas,30,1,0,3.49,6.6,84.1,3.1
12,M12-144,Sistemas,21,1,0,3.13,14.4,94.3,3.63
12,M12-145,Sistemas,35,3,0,3.08,4.8,97.7,2.77
12,M12-146,Industrial,22,3,0,3.73,22.8,75.5,3.75
12,M12-147,Sistemas,28,2,0,2.55,15.4,91.0,3.56
12,M12-148,Industrial,30,2,1,3.99,1.5,93.2,2.99
12,M12-149,Electrica,29,2,0,4.49,10.4,76.1,4.01
12,M12-150,Sistemas,28,4,1,3.81,24.8,72.8,3.61
12,M12-151,Industrial,27,2,1,3.51,10.7,72.1,2.77
12,M12-152,Sistemas,28,4,0,3.62,19.6,100.0,4.65
12,M12-153,Industrial,21,3,0,3.47,6.4,82.8,3.16
12,M12-154,Sistemas,23,1,0,4.74,3.5,88.0,3.97
12,M12-155,Sistemas,24,4,0,3.58,12.9,81.2,3.58
12,M12-156,Sistemas,21,3,0,4.47,9.3,89.3,4.43
12,M12-157,Civil,30,3,0,3.32,6.8,85.2,3.34
12,M12-158,Industrial,24,3,0,3.43,6.5,74.6,3.7
12,M12-159,Sistemas,32,4,1,3.8,10.7,80.1,3.27
12,M12-160,Industrial,27,2,0,3.49,2.7,69.4,2.7
12,M12-161,Sistemas,32,5,0,3.65,5.4,71.0,3.23
12,M12-162,Industrial,22,2,0,3.82,1.3,87.3,3.37
12,M12-163,Civil,22,1,1,3.73,5.1,91.6,2.62
12,M12-164,Industrial,29,4,0,3.48,7.8,78.5,3.26
12,M12-165,Electrica,21,4,1,3.37,3.1,84.7,2.85
12,M12-166,Civil,30,4,0,4.32,7.5,83.5,3.68
12,M12-167,Sistemas,30,2,1,3.33,10.0,60.3,2.6
12,M12-168,Electrica,27,5,0,4.1,10.1,85.4,3.91
12,M12-169,Industrial,28,3,0,3.95,6.0,69.1,3.51
12,M12-170,Sistemas,25,3,1,2.99,0.6,78.5,2.4
12,M12-171,Electrica,29,4,0,3.77,17.8,80.1,4.39
12,M12-172,Sistemas,27,3,0,3.71,4.4,83.0,3.58
12,M12-173,Sistemas,28,3,1,4.05,4.7,72.2,3.49
12,M12-174,Sistemas,23,5,1,3.99,2.3,91.6,2.98
12,M12-175,Civil,28,1,0,4.02,8.3,89.5,3.9
12,M12-176,Industrial,31,2,1,3.6,9.4,67.9,3.66
12,M12-177,Sistemas,26,3,0,4.02,8.3,93.0,2.88
12,M12-178,Sistemas,24,3,0,2.28,4.6,83.5,1.79
12,M12-179,Electrica,31,4,1,3.56,0.5,91.7,2.63
12,M12-180,Electrica,25,4,0,3.47,15.9,85.2,4.52
12,M12-181,Electrica,21,3,0,3.54,14.3,71.9,4.25
12,M12-182,Civil,24,2,0,3.82,12.7,82.2,3.93
12,M12-183,Sistemas,33,4,1,3.02,1.1,74.2,2.43
12,M12-184,Electrica,26,3,0,3.96,7.3,84.7,3.13
12,M12-185,Industrial,39,2,1,4.15,10.1,82.0,2.93
12,M12-186,Sistemas,30,4,1,3.49,11.3,84.2,3.3
12,M12-187,Civil,28,4,0,4.03,12.5,81.1,4.27
12,M12-188,Civil,26,3,0,4.03,9.7,89.2,3.43
12,M12-189,Sistemas,23,2,1,3.43,7.1,75.8,3.14
12,M12-190,Sistemas,36,3,0,3.18,5.8,71.5,3.18
12,M12-191,Civil,28,1,1,3.46,6.0,74.1,3.59
12,M12-192,Industrial,33,2,1,4.23,12.1,65.8,4.21
12,M12-193,Electrica,21,4,0,3.96,8.4,78.1,4.4
12,M12-194,Sistemas,25,5,0,3.82,12.1,79.5,3.92
12,M12-195,Industrial,34,5,1,3.68,2.2,82.7,3.19
12,M12-196,Sistemas,25,2,0,3.42,9.8,72.5,3.47
12,M12-197,Sistemas,28,3,1,3.25,3.0,78.7,2.91
12,M12-198,Industrial,29,1,0,3.61,19.3,85.1,3.83
12,M12-199,Sistemas,24,1,0,3.8,5.3,93.3,3.78
12,M12-200,Sistemas,27,4,0,3.75,7.4,77.2,2.64
12,M12-201,Electrica,23,2,0,3.15,6.8,96.7,2.46
12,M12-202,Industrial,25,4,1,2.93,5.5,86.7,2.48
12,M12-203,Civil,28,5,0,2.73,10.0,85.0,3.44
12,M12-204,Industrial,31,5,0,3.61,8.3,84.1,3.33
12,M12-205,Civil,24,2,0,3.75,10.8,85.3,3.7
12,M12-206,Civil,29,2,1,3.1,7.8,66.2,3.06
12,M12-207,Electrica,23,4,0,3.36,11.4,96.4,4.14
12,M12-208,Civil,26,4,0,3.17,9.5,85.8,2.89
12,M12-209,Civil,21,1,0,4.43,9.9,92.9,4.04
12,M12-210,Civil,25,2,0,3.07,9.8,90.8,3.32
12,M12-211,Industrial,26,2,0,4.23,6.4,98.4,3.6
12,M12-212,Sistemas,26,5,0,3.95,11.8,100.0,3.77
12,M12-213,Sistemas,23,4,0,3.83,11.8,95.6,4.64
12,M12-214,Industrial,38,4,0,3.65,11.1,71.4,3.82
12,M12-215,Electrica,27,2,0,3.89,4.3,92.8,3.47
12,M12-216,Industrial,29,4,0,4.3,7.2,79.4,3.66
12,M12-217,Civil,30,3,1,4.08,3.9,76.5,2.47
12,M12-218,Sistemas,28,2,0,3.45,18.1,87.1,3.61
12,M12-219,Electrica,31,3,0,3.71,6.5,82.0,3.42
12,M12-220,Industrial,24,2,0,3.93,13.3,83.9,3.74
12,M12-221,Industrial,24,2,1,3.44,0.5,87.2,2.73
12,M12-222,Civil,34,2,1,2.73,18.6,76.6,2.87
12,M12-223,Electrica,27,4,1,4.17,6.1,77.0,3.21
12,M12-224,Electrica,26,3,0,4.23,15.5,100.0,4.14
12,M12-225,Sistemas,34,2,1,2.76,6.0,80.8,2.36
12,M12-226,Sistemas,26,4,0,4.28,9.2,66.2,3.7
12,M12-227,Civil,21,4,0,2.89,9.1,100.0,2.77
12,M12-228,Sistemas,30,4,1,3.58,12.8,82.1,3.58
12,M12-229,Sistemas,25,3,0,2.7,7.9,65.8,2.78
12,M12-230,Sistemas,21,4,0,4.08,4.6,85.6,3.41
12,M12-231,Electrica,34,3,0,3.87,9.8,74.5,3.98
12,M12-232,Sistemas,33,6,0,3.15,8.5,90.5,3.65
12,M12-233,Civil,31,3,0,3.34,3.6,84.9,3.02
12,M12-234,Electrica,30,3,1,3.68,4.8,71.0,2.38
12,M12-235,Civil,36,6,0,3.77,7.0,100.0,3.56
12,M12-236,Sistemas,31,2,0,2.97,9.7,100.0,3.22
12,M12-237,Electrica,26,4,0,4.36,8.1,84.1,3.39
12,M12-238,Civil,26,2,1,4.01,6.7,84.8,3.06
12,M12-239,Industrial,21,3,0,3.12,8.3,95.9,2.5
12,M12-240,Sistemas,29,3,1,3.52,2.3,81.9,2.51
12,M12-241,Electrica,27,3,0,3.39,7.8,94.0,3.35
12,M12-242,Sistemas,29,2,1,3.55,7.4,76.8,3.12
12,M12-243,Civil,21,2,0,3.88,3.2,83.7,3.01
12,M12-244,Civil,29,1,1,4.12,3.2,78.3,3.6
12,M12-245,Industrial,25,4,1,2.77,7.4,70.0,2.45
12,M12-246,Sistemas,27,3,0,3.55,13.5,81.5,4.12
12,M12-247,Sistemas,25,3,0,2.6,5.2,89.1,2.94
12,M12-248,Sistemas,27,3,0,3.99,17.4,95.0,3.92
12,M12-249,Sistemas,21,4,0,3.54,7.8,82.0,3.77
12,M12-250,Sistemas,32,4,0,3.68,9.9,92.9,3.29
12,M12-251,Industrial,27,2,0,3.25,10.0,86.4,3.34
12,M12-252,Sistemas,25,2,0,3.86,20.1,91.4,4.05
12,M12-253,Electrica,32,5,1,3.18,11.5,89.1,2.79
12,M12-254,Sistemas,27,2,1,3.56,1.8,100.0,2.95
12,M12-255,Civil,27,2,1,3.33,8.6,60.4,2.13
12,M12-256,Civil,31,3,1,3.6,7.7,82.4,2.85
12,M12-257,Electrica,34,6,1,4.0,6.7,69.0,2.87
12,M12-258,Industrial,25,3,1,3.9,5.4,79.2,3.25
12,M12-259,Sistemas,27,4,0,3.24,8.3,78.1,3.32
12,M12-260,Sistemas,27,5,0,3.52,9.8,91.7,4.01
12,M12-261,Electrica,22,3,0,3.32,15.3,68.5,4.0
12,M12-262,Industrial,25,3,0,3.16,12.0,82.1,3.89
12,M12-263,Sistemas,24,5,1,4.33,2.7,93.9,3.1
12,M12-264,Sistemas,24,3,0,3.46,15.6,70.2,3.7
12,M12-265,Industrial,32,3,0,2.87,17.5,80.6,3.54
12,M12-266,Electrica,36,4,1,4.18,4.7,70.6,3.37
12,M12-267,Civil,29,3,0,4.78,12.0,88.4,4.58
12,M12-268,Industrial,24,3,0,4.15,7.8,78.3,3.39
12,M12-269,Sistemas,28,5,0,4.12,10.3,77.3,3.26
12,M12-270,Electrica,31,1,0,3.38,15.1,93.2,4.02
12,M12-271,Electrica,29,3,0,4.34,8.7,59.0,3.45
12,M12-272,Sistemas,25,4,1,4.19,5.5,71.1,3.26
12,M12-273,Sistemas,32,6,1,3.25,9.6,85.9,3.07
12,M12-274,Industrial,31,2,0,3.57,4.5,92.3,3.46
12,M12-275,Sistemas,24,4,1,3.64,3.6,66.1,2.55
12,M12-276,Civil,29,4,0,2.0,12.9,79.3,2.6
12,M12-277,Sistemas,21,4,1,3.59,2.2,83.3,2.86
12,M12-278,Sistemas,27,3,1,2.89,11.8,80.2,2.75
12,M12-279,Sistemas,29,2,0,3.2,14.5,72.3,3.33
12,M12-280,Electrica,29,3,0,4.49,6.6,94.0,4.17
12,M12-281,Electrica,35,3,1,3.63,2.1,64.5,2.93
12,M12-282,Sistemas,27,3,0,2.88,13.9,77.0,2.96
12,M12-283,Industrial,25,3,0,4.39,19.5,85.5,4.45
12,M12-284,Sistemas,32,3,1,3.05,7.2,78.2,3.14
12,M12-285,Sistemas,21,4,1,3.71,2.8,91.0,2.83
12,M12-286,Industrial,29,1,1,3.72,11.5,64.5,3.52
12,M12-287,Electrica,26,3,1,3.05,11.3,73.1,3.58
12,M12-288,Industrial,26,4,1,3.25,0.5,91.9,3.05
12,M12-289,Civil,26,2,1,4.14,6.2,86.8,3.48
12,M12-290,Sistemas,25,4,1,2.76,15.6,90.9,2.88
12,M12-291,Sistemas,24,4,0,3.36,9.7,94.0,3.29
12,M12-292,Industrial,29,3,0,2.81,20.5,79.9,3.65
12,M12-293,Industrial,34,3,1,3.93,1.6,83.5,2.77
12,M12-294,Civil,25,3,0,3.31,7.9,86.3,3.27
12,M12-295,Industrial,30,3,1,3.11,6.9,70.0,3.14
12,M12-296,Electrica,37,3,0,3.34,2.5,75.3,3.46
12,M12-297,Sistemas,24,6,0,4.39,7.5,73.9,4.21
12,M12-298,Electrica,25,4,1,3.87,9.4,82.4,4.05
12,M12-299,Sistemas,23,4,0,4.41,1.8,86.2,3.48
12,M12-300,Industrial,29,3,0,3.47,9.0,67.7,3.7
13,M13-001,Electrica,32,4,0,3.51,13.4,82.0,4.29
13,M13-002,Civil,21,2,1,3.84,11.5,74.4,3.12
13,M13-003,Sistemas,26,4,1,2.72,10.2,71.2,2.39
13,M13-004,Sistemas,33,6,1,3.24,8.0,76.7,2.65
13,M13-005,Industrial,29,4,1,3.41,10.2,72.9,2.67
13,M13-006,Electrica,23,6,0,3.3,11.5,86.5,3.59
13,M13-007,Electrica,33,4,0,3.51,9.0,82.9,3.04
13,M13-008,Civil,27,5,1,3.49,6.4,95.0,4.14
13,M13-009,Sistemas,27,3,0,4.3,11.2,91.9,4.02
13,M13-010,Industrial,27,4,1,3.29,3.7,67.2,2.48
13,M13-011,Sistemas,25,3,1,2.7,4.2,78.3,2.91
13,M13-012,Industrial,31,5,1,2.83,11.8,82.8,3.73
13,M13-013,Sistemas,32,4,1,2.97,6.0,86.8,2.95
13,M13-014,Sistemas,28,4,1,3.53,0.5,68.3,2.13
13,M13-015,Sistemas,30,5,1,3.92,3.7,68.3,2.92
13,M13-016,Civil,27,6,1,3.71,0.5,75.5,3.15
13,M13-017,Industrial,26,1,0,3.06,11.3,92.9,3.27
13,M13-018,Industrial,28,6,1,3.75,6.1,84.1,3.15
13,M13-019,Civil,26,4,1,4.36,6.1,83.6,3.91
13,M13-020,Sistemas,27,4,1,3.33,0.7,59.4,2.56
13,M13-021,Industrial,27,5,1,3.4,4.3,53.7,3.28
13,M13-022,Industrial,34,1,0,3.89,10.6,79.1,3.95
13,M13-023,Sistemas,21,2,0,3.74,6.3,84.0,3.33
13,M13-024,Sistemas,25,1,1,2.97,0.5,77.1,2.67
13,M13-025,Sistemas,30,3,1,2.19,7.4,80.5,2.14
13,M13-026,Industrial,24,4,1,2.77,0.5,67.4,2.06
13,M13-027,Industrial,26,3,1,4.1,8.4,98.6,4.03
13,M13-028,Sistemas,27,3,0,2.79,12.0,72.6,3.52
13,M13-029,Sistemas,26,5,1,3.52,13.1,86.5,3.44
13,M13-030,Electrica,28,3,1,3.43,20.2,90.5,4.12
13,M13-031,Sistemas,23,3,0,3.16,6.9,71.4,2.83
13,M13-032,Industrial,25,2,0,2.84,19.3,81.1,3.61
13,M13-033,Sistemas,22,3,1,3.24,0.5,79.5,2.74
13,M13-034,Electrica,25,2,1,3.19,3.8,74.3,2.43
13,M13-035,Sistemas,23,4,1,4.09,13.0,66.0,4.02
13,M13-036,Industrial,21,3,1,3.55,5.9,79.7,2.76
13,M13-037,Sistemas,26,5,1,4.74,10.5,75.6,3.52
13,M13-038,Electrica,27,6,0,4.06,5.2,79.0,3.66
13,M13-039,Industrial,28,4,1,3.67,7.9,81.0,3.38
13,M13-040,Sistemas,27,3,1,2.74,4.7,82.1,2.66
13,M13-041,Electrica,30,4,0,3.44,11.7,82.1,3.13
13,M13-042,Civil,28,4,1,3.16,1.1,73.5,3.02
13,M13-043,Electrica,27,2,1,3.55,21.7,79.6,3.83
13,M13-044,Sistemas,32,3,1,3.15,1.9,64.3,2.69
13,M13-045,Industrial,27,5,1,3.18,11.4,69.4,2.45
13,M13-046,Civil,23,3,1,4.37,4.7,82.2,3.62
13,M13-047,Electrica,30,2,1,3.44,5.4,81.0,2.97
13,M13-048,Electrica,27,2,1,3.57,12.7,82.8,3.75
13,M13-049,Sistemas,21,4,1,3.26,2.8,68.9,2.69
13,M13-050,Sistemas,25,5,0,3.57,8.5,84.9,3.11
13,M13-051,Electrica,22,4,0,4.36,3.6,74.6,3.35
13,M13-052,Sistemas,28,4,1,2.92,6.6,76.4,2.8
13,M13-053,Sistemas,26,4,0,3.51,20.1,86.9,4.3
13,M13-054,Industrial,21,5,0,3.29,14.4,69.3,4.42
13,M13-055,Civil,22,5,1,3.84,7.9,75.9,3.12
13,M13-056,Sistemas,32,3,1,2.81,2.3,71.6,2.18
13,M13-057,Civil,27,3,1,4.2,6.4,78.1,2.96
13,M13-058,Electrica,27,4,1,3.78,9.4,92.8,3.1
13,M13-059,Electrica,25,2,1,3.63,3.6,74.6,2.8
13,M13-060,Sistemas,27,6,1,3.01,3.7,81.6,2.35
13,M13-061,Electrica,32,4,1,3.55,18.5,87.6,4.2
13,M13-062,Industrial,28,4,0,4.35,8.2,76.1,4.05
13,M13-063,Sistemas,25,4,1,3.83,1.1,74.5,2.77
13,M13-064,Industrial,27,4,0,3.1,13.9,87.1,3.08
13,M13-065,Civil,33,3,0,3.04,14.9,83.0,3.49
13,M13-066,Industrial,29,2,1,2.87,1.4,80.2,2.11
13,M13-067,Industrial,26,6,1,4.1,1.1,80.9,3.38
13,M13-068,Sistemas,34,3,1,3.09,4.6,75.0,2.73
13,M13-069,Sistemas,22,3,1,3.21,5.0,65.5,2.18
13,M13-070,Industrial,21,3,1,3.62,10.2,64.7,3.21
13,M13-071,Sistemas,25,4,1,2.58,0.6,71.9,2.68
13,M13-072,Sistemas,27,5,0,3.42,8.9,88.5,2.8
13,M13-073,Industrial,28,4,0,3.95,7.2,93.7,3.65
13,M13-074,Industrial,21,3,1,4.21,2.6,75.1,3.23
13,M13-075,Sistemas,26,6,1,3.78,8.2,68.7,3.4
13,M13-076,Civil,25,5,1,3.16,1.4,68.1,2.27
13,M13-077,Electrica,32,3,0,3.76,19.8,82.8,3.97
13,M13-078,Sistemas,31,5,0,3.46,7.7,76.0,3.43
13,M13-079,Sistemas,27,2,1,3.5,1.3,74.6,2.83
13,M13-080,Sistemas,23,2,0,3.83,3.5,83.9,3.69
13,M13-081,Electrica,29,1,1,2.76,5.8,90.0,2.62
13,M13-082,Electrica,27,1,0,2.88,15.5,93.9,4.03
13,M13-083,Industrial,27,1,1,4.44,2.2,63.0,3.08
13,M13-084,Industrial,28,5,1,2.98,0.5,77.4,2.27
13,M13-085,Civil,32,3,1,3.5,8.8,66.2,2.99
13,M13-086,Industrial,23,2,0,2.68,19.8,92.5,3.54
13,M13-087,Sistemas,21,2,0,3.55,13.8,91.1,3.6
13,M13-088,Electrica,28,5,1,3.7,14.7,63.3,2.95
13,M13-089,Electrica,29,5,1,2.76,2.6,84.3,3.01
13,M13-090,Industrial,27,3,1,4.15,4.2,80.5,3.05
13,M13-091,Sistemas,21,4,0,3.38,5.3,90.3,3.24
13,M13-092,Industrial,26,4,1,4.49,7.8,96.1,4.11
13,M13-093,Industrial,24,2,0,3.03,6.7,92.1,3.57
13,M13-094,Sistemas,27,5,0,3.68,5.9,88.8,3.82
13,M13-095,Electrica,27,3,1,4.25,12.7,71.6,3.71
13,M13-096,Electrica,22,4,1,4.12,3.3,75.4,3.09
13,M13-097,Industrial,24,3,1,4.21,9.0,80.2,3.75
13,M13-098,Electrica,23,2,0,3.96,9.9,94.7,4.41
13,M13-099,Industrial,25,4,1,3.57,4.6,70.6,2.4
13,M13-100,Civil,31,3,1,3.93,3.2,63.4,2.77
13,M13-101,Electrica,22,2,0,3.74,7.8,96.7,3.5
13,M13-102,Electrica,28,4,1,3.24,4.6,90.4,2.75
13,M13-103,Industrial,28,3,0,3.81,5.9,76.2,2.78
13,M13-104,Electrica,22,3,1,4.03,1.9,96.5,3.04
13,M13-105,Civil,30,3,0,3.91,7.9,88.7,4.02
13,M13-106,Sistemas,21,2,1,2.22,0.5,85.2,2.44
13,M13-107,Civil,35,1,1,3.51,10.2,70.9,3.99
13,M13-108,Sistemas,32,4,0,3.51,20.1,95.5,4.21
13,M13-109,Sistemas,25,1,1,3.65,3.0,73.8,2.28
13,M13-110,Electrica,22,2,0,3.88,9.6,73.5,3.83
13,M13-111,Sistemas,23,3,1,4.03,10.3,76.4,3.46
13,M13-112,Sistemas,21,3,1,4.03,11.9,89.4,3.89
13,M13-113,Sistemas,35,3,0,3.68,15.0,95.0,3.39
13,M13-114,Electrica,21,5,1,4.16,3.0,87.7,3.44
13,M13-115,Sistemas,28,6,0,3.15,10.4,80.6,3.31
13,M13-116,Civil,21,3,1,3.69,12.0,85.0,2.99
13,M13-117,Industrial,27,6,1,4.38,10.9,74.6,3.77
13,M13-118,Electrica,29,2,1,3.77,0.6,85.4,3.52
13,M13-119,Sistemas,25,1,1,3.12,7.4,74.7,2.68
13,M13-120,Sistemas,32,4,1,3.58,2.9,71.5,2.77
13,M13-121,Sistemas,27,1,1,3.47,2.7,74.6,2.67
13,M13-122,Sistemas,30,2,1,3.01,4.7,77.1,2.63
13,M13-123,Electrica,26,2,1,3.54,6.8,73.2,3.34
13,M13-124,Sistemas,22,5,0,3.81,10.7,86.0,3.89
13,M13-125,Sistemas,26,3,0,3.01,17.3,82.3,3.68
13,M13-126,Sistemas,29,3,1,3.82,8.7,70.7,2.72
13,M13-127,Sistemas,31,2,1,2.34,5.8,84.8,2.72
13,M13-128,Industrial,24,2,1,3.18,5.5,77.0,2.96
13,M13-129,Sistemas,22,3,0,3.67,5.3,81.7,3.14
13,M13-130,Sistemas,26,5,1,3.69,10.3,70.7,3.09
13,M13-131,Sistemas,24,4,1,3.94,0.8,89.4,3.11
13,M13-132,Sistemas,26,3,0,3.39,9.9,86.9,3.75
13,M13-133,Sistemas,25,4,1,3.23,7.6,67.9,2.26
13,M13-134,Industrial,28,4,1,2.45,25.7,83.2,3.53
13,M13-135,Industrial,29,3,1,3.18,16.6,86.0,3.44
13,M13-136,Sistemas,22,3,0,3.01,10.2,78.7,3.69
13,M13-137,Sistemas,28,3,1,4.0,4.8,76.0,3.27
13,M13-138,Sistemas,24,5,1,3.84,1.9,76.5,3.03
13,M13-139,Industrial,31,3,1,3.61,12.7,89.0,3.24
13,M13-140,Industrial,23,3,0,4.04,7.7,87.7,3.12
13,M13-141,Electrica,22,1,0,4.27,8.1,95.4,3.96
13,M13-142,Industrial,21,4,0,3.93,8.0,92.8,3.93
13,M13-143,Sistemas,25,4,1,3.32,6.4,76.9,3.48
13,M13-144,Industrial,26,4,1,3.16,1.4,75.0,2.94
13,M13-145,Civil,23,3,1,3.96,6.8,81.2,3.61
13,M13-146,Industrial,26,6,1,4.61,4.2,69.5,3.41
13,M13-147,Civil,21,3,1,3.83,0.5,83.8,3.02
13,M13-148,Industrial,27,2,1,3.26,5.4,80.1,3.04
13,M13-149,Industrial,26,4,1,3.8,17.0,90.2,3.9
13,M13-150,Electrica,21,3,1,3.13,12.3,81.7,3.53
13,M13-151,Electrica,33,2,1,2.71,4.8,75.6,2.64
13,M13-152,Electrica,29,2,1,3.68,2.3,95.3,2.81
13,M13-153,Sistemas,29,1,0,3.25,6.4,95.1,3.15
13,M13-154,Sistemas,31,3,1,4.22,12.1,89.3,4.49
13,M13-155,Sistemas,24,2,1,2.13,7.6,97.2,2.29
13,M13-156,Electrica,21,1,0,3.25,15.4,91.5,3.53
13,M13-157,Sistemas,35,1,1,3.59,2.6,74.4,2.52
13,M13-158,Industrial,24,5,1,3.33,6.3,94.9,3.1
13,M13-159,Industrial,21,4,0,3.48,4.8,82.5,3.44
13,M13-160,Electrica,21,3,1,4.13,16.5,77.8,3.65
13,M13-161,Sistemas,36,6,0,2.83,7.6,78.4,3.11
13,M13-162,Civil,27,3,0,2.92,10.4,88.6,2.67
13,M13-163,Electrica,28,4,1,2.91,12.8,85.4,2.99
13,M13-164,Sistemas,28,2,1,4.01,10.9,90.7,3.78
13,M13-165,Industrial,29,1,0,3.29,8.1,83.5,3.21
13,M13-166,Electrica,36,3,0,3.55,4.7,84.8,3.87
13,M13-167,Electrica,25,4,1,2.77,6.8,70.4,2.45
13,M13-168,Industrial,31,4,1,2.92,1.1,70.4,2.46
13,M13-169,Industrial,28,4,0,3.39,4.8,88.3,2.76
13,M13-170,Sistemas,24,2,0,4.92,5.3,75.4,4.41
13,M13-171,Industrial,23,3,1,3.16,0.5,80.9,2.6
13,M13-172,Civil,26,2,0,2.99,4.6,90.1,3.01
13,M13-173,Sistemas,24,5,1,3.91,14.6,78.6,3.7
13,M13-174,Civil,31,2,1,3.71,0.5,90.9,3.16
13,M13-175,Civil,35,2,0,2.22,3.1,87.3,2.24
13,M13-176,Industrial,29,4,1,3.67,8.1,80.7,3.18
13,M13-177,Electrica,24,2,1,3.12,0.5,80.3,2.77
13,M13-178,Sistemas,21,5,0,3.65,8.2,76.4,3.17
13,M13-179,Sistemas,22,4,0,3.45,1.7,92.0,3.0
13,M13-180,Sistemas,31,4,0,4.19,11.7,84.7,3.84
13,M13-181,Industrial,30,3,0,3.53,7.3,84.3,4.15
13,M13-182,Electrica,33,5,1,3.12,11.2,80.0,3.33
13,M13-183,Sistemas,23,5,1,3.78,2.1,81.5,3.13
13,M13-184,Industrial,27,2,1,2.81,6.3,86.2,3.33
13,M13-185,Electrica,33,5,1,2.65,9.9,69.7,2.36
13,M13-186,Sistemas,28,2,0,3.6,12.5,92.6,3.61
13,M13-187,Industrial,22,1,1,2.89,2.5,68.6,2.58
13,M13-188,Sistemas,23,3,1,3.79,3.9,81.4,3.43
13,M13-189,Sistemas,21,2,1,3.64,4.2,82.3,3.14
13,M13-190,Electrica,21,5,1,3.52,9.0,80.3,3.36
13,M13-191,Civil,33,5,0,4.0,9.3,99.5,4.38
13,M13-192,Sistemas,22,3,1,3.9,10.3,69.4,3.6
13,M13-193,Industrial,33,4,0,3.72,4.1,92.1,3.44
13,M13-194,Civil,32,3,1,3.81,4.3,71.0,2.93
13,M13-195,Sistemas,29,3,1,3.76,6.7,60.8,3.07
13,M13-196,Sistemas,23,1,1,3.68,2.7,62.7,3.03
13,M13-197,Industrial,37,2,1,2.93,5.0,79.0,2.26
13,M13-198,Sistemas,31,2,1,2.14,3.4,75.6,1.33
13,M13-199,Industrial,32,4,1,2.63,5.6,94.2,2.48
13,M13-200,Sistemas,27,2,1,3.05,3.1,89.7,2.66
13,M13-201,Civil,21,2,0,3.78,9.0,75.4,3.33
13,M13-202,Industrial,29,2,0,2.69,7.8,90.0,3.21
13,M13-203,Sistemas,30,1,1,3.34,10.6,75.1,3.07
13,M13-204,Civil,21,2,1,3.4,23.2,82.9,4.02
13,M13-205,Sistemas,27,2,0,3.61,16.9,100.0,3.93
13,M13-206,Electrica,28,2,1,3.82,2.3,81.4,3.11
13,M13-207,Civil,21,1,0,3.47,7.6,81.1,3.23
13,M13-208,Sistemas,28,4,0,3.54,9.3,83.8,3.69
13,M13-209,Industrial,27,5,1,2.63,3.7,81.4,2.17
13,M13-210,Sistemas,29,4,0,3.27,20.0,82.1,4.18
13,M13-211,Sistemas,27,5,0,3.27,8.1,91.9,3.58
13,M13-212,Industrial,25,3,0,4.32,3.0,88.9,3.54
13,M13-213,Sistemas,26,3,1,4.2,4.6,99.5,4.08
13,M13-214,Industrial,25,4,1,4.14,13.6,66.2,3.76
13,M13-215,Industrial,34,5,0,3.57,16.9,81.0,3.78
13,M13-216,Industrial,29,3,1,3.42,2.0,76.7,2.89
13,M13-217,Industrial,24,2,1,3.1,11.3,82.2,3.05
13,M13-218,Electrica,26,1,1,3.33,20.5,80.3,3.98
13,M13-219,Civil,31,4,1,2.68,12.1,79.1,2.53
13,M13-220,Sistemas,33,2,1,3.15,9.8,85.2,3.43
13,M13-221,Industrial,23,2,0,3.07,5.5,99.7,3.37
13,M13-222,Civil,31,4,0,3.38,10.9,87.0,3.48
13,M13-223,Sistemas,30,4,1,5.0,18.1,82.0,4.89
13,M13-224,Electrica,30,2,0,4.24,15.3,70.1,4.44
13,M13-225,Sistemas,23,2,0,3.03,11.9,71.9,3.61
13,M13-226,Electrica,33,3,1,4.19,3.6,65.8,3.0
13,M13-227,Industrial,25,5,1,3.15,0.6,80.6,1.9
13,M13-228,Civil,22,3,1,2.91,11.0,65.7,2.6
13,M13-229,Sistemas,37,6,1,3.49,7.7,82.9,3.01
13,M13-230,Electrica,29,2,1,3.2,0.5,81.8,2.18
13,M13-231,Civil,29,2,1,2.92,10.6,90.6,2.81
13,M13-232,Sistemas,38,3,1,3.24,4.8,68.8,2.58
13,M13-233,Sistemas,21,2,1,3.41,10.1,82.3,2.63
13,M13-234,Industrial,24,5,1,4.51,6.0,84.2,4.26
13,M13-235,Industrial,21,4,1,3.0,2.1,60.3,3.08
13,M13-236,Electrica,25,3,1,3.27,27.5,76.1,3.88
13,M13-237,Electrica,35,3,0,4.12,10.2,89.3,4.3
13,M13-238,Sistemas,29,1,0,3.13,6.9,78.3,3.09
13,M13-239,Electrica,31,6,1,3.27,6.1,86.4,2.64
13,M13-240,Electrica,24,2,1,2.97,6.8,81.4,2.74
13,M13-241,Electrica,23,2,0,3.36,13.4,100.0,3.35
13,M13-242,Civil,23,3,1,3.58,11.8,69.1,4.19
13,M13-243,Industrial,36,4,1,3.06,1.8,81.7,2.25
13,M13-244,Industrial,28,4,1,4.18,11.4,80.9,3.38
13,M13-245,Sistemas,30,2,0,2.78,17.6,72.8,3.27
13,M13-246,Electrica,21,3,0,3.24,10.0,84.7,3.27
13,M13-247,Sistemas,30,2,0,3.2,7.3,99.6,3.51
13,M13-248,Sistemas,21,3,0,3.34,5.3,74.8,3.43
13,M13-249,Industrial,26,5,1,2.7,2.4,93.6,2.53
13,M13-250,Industrial,30,1,1,3.01,6.8,74.2,2.63
13,M13-251,Industrial,29,4,0,3.32,13.9,75.6,3.12
13,M13-252,Electrica,30,3,0,3.84,14.1,77.2,4.14
13,M13-253,Sistemas,24,3,0,3.67,2.2,78.7,2.58
13,M13-254,Sistemas,23,3,1,3.37,7.3,77.8,2.55
13,M13-255,Sistemas,29,4,1,3.34,11.1,74.0,2.94
13,M13-256,Sistemas,33,1,0,4.26,5.8,89.4,4.26
13,M13-257,Sistemas,27,2,1,3.38,14.7,81.2,3.14
13,M13-258,Civil,27,5,0,3.54,4.0,91.5,3.46
13,M13-259,Electrica,28,2,1,3.51,18.0,83.9,3.67
13,M13-260,Civil,26,3,0,3.6,3.2,93.9,3.41
13,M13-261,Industrial,28,3,1,3.66,5.6,78.4,3.87
13,M13-262,Industrial,24,6,1,3.41,9.2,65.9,2.53
13,M13-263,Electrica,26,3,0,3.97,13.6,82.1,3.55
13,M13-264,Electrica,30,1,1,3.86,1.3,86.2,3.33
13,M13-265,Civil,22,2,0,3.61,4.5,100.0,3.4
13,M13-266,Electrica,26,3,0,4.39,13.3,69.0,4.31
13,M13-267,Sistemas,27,1,1,2.92,10.0,85.3,3.41
13,M13-268,Sistemas,27,4,1,3.55,2.3,94.2,2.54
13,M13-269,Industrial,24,4,0,3.85,14.3,94.5,4.07
13,M13-270,Civil,27,2,1,3.11,0.5,74.9,2.29
13,M13-271,Sistemas,30,3,1,3.74,6.6,82.9,2.94
13,M13-272,Sistemas,31,3,0,3.38,5.8,79.5,2.48
13,M13-273,Industrial,21,1,0,2.94,2.8,82.2,3.03
13,M13-274,Sistemas,28,5,1,3.82,7.9,87.0,3.57
13,M13-275,Industrial,25,3,0,3.03,8.8,91.8,3.28
13,M13-276,Civil,33,2,0,3.19,9.1,87.9,3.58
13,M13-277,Sistemas,22,2,0,3.36,7.2,83.5,3.29
13,M13-278,Industrial,25,4,1,3.18,0.8,78.4,2.7
13,M13-279,Sistemas,28,3,1,3.16,0.5,72.8,2.79
13,M13-280,Industrial,21,2,1,3.32,11.7,70.6,3.16
13,M13-281,Sistemas,35,3,1,3.23,12.2,76.1,3.32
13,M13-282,Sistemas,31,3,0,4.01,2.8,94.9,3.37
13,M13-283,Industrial,25,3,1,3.43,7.6,92.5,3.17
13,M13-284,Sistemas,21,3,1,4.18,10.8,83.7,3.33
13,M13-285,Electrica,28,4,1,3.32,12.8,78.8,2.76
13,M13-286,Sistemas,30,3,1,3.99,7.9,87.6,3.46
13,M13-287,Electrica,30,4,1,3.15,0.5,82.3,2.96
13,M13-288,Electrica,30,1,1,2.75,16.5,84.6,2.52
13,M13-289,Industrial,32,5,1,3.42,4.5,69.5,2.36
13,M13-290,Sistemas,31,6,1,2.56,1.0,87.6,1.58
13,M13-291,Industrial,21,4,1,4.02,4.1,91.3,3.07
13,M13-292,Industrial,35,1,1,3.73,11.1,71.0,3.81
13,M13-293,Electrica,32,3,1,3.62,5.8,73.1,3.33
13,M13-294,Sistemas,24,2,1,3.3,0.5,96.3,3.06
13,M13-295,Sistemas,27,2,0,3.5,7.3,96.5,3.47
13,M13-296,Sistemas,31,3,0,3.32,7.3,87.9,3.45
13,M13-297,Civil,21,4,1,4.29,2.1,87.6,3.54
13,M13-298,Civil,36,5,1,3.69,10.6,73.9,3.34
13,M13-299,Industrial,25,4,1,3.2,5.4,84.1,3.34
13,M13-300,Industrial,27,3,1,3.11,3.8,70.3,2.13
14,M14-001,Electrica,30,3,0,3.46,14.6,74.4,3.36
14,M14-002,Sistemas,30,4,1,4.32,1.8,67.8,3.23
14,M14-003,Civil,21,3,1,3.57,0.5,77.7,3.01
14,M14-004,Electrica,27,2,1,3.09,4.9,70.3,2.45
14,M14-005,Industrial,32,1,1,3.2,0.5,86.5,3.14
14,M14-006,Sistemas,30,3,0,4.1,13.9,63.1,3.93
14,M14-007,Industrial,30,2,1,4.74,9.7,61.4,3.6
14,M14-008,Sistemas,36,1,1,3.74,2.6,77.8,3.38
14,M14-009,Industrial,27,1,0,3.76,4.1,87.8,3.71
14,M14-010,Sistemas,30,6,0,3.97,7.1,90.6,4.11
14,M14-011,Sistemas,30,3,0,4.01,7.8,93.3,3.71
14,M14-012,Industrial,30,3,0,3.16,20.2,74.1,4.12
14,M14-013,Civil,33,4,0,3.24,9.4,85.2,3.23
14,M14-014,Sistemas,36,4,0,3.78,27.2,84.4,3.72
14,M14-015,Civil,25,3,1,4.09,19.8,60.3,4.04
14,M14-016,Civil,30,2,0,3.01,12.7,98.3,3.31
14,M14-017,Sistemas,28,4,0,3.5,11.4,82.5,3.24
14,M14-018,Sistemas,30,4,1,3.43,8.6,69.6,2.84
14,M14-019,Sistemas,27,3,1,4.26,23.7,88.7,3.97
14,M14-020,Electrica,25,4,1,3.83,3.8,95.4,3.46
14,M14-021,Sistemas,29,6,1,3.43,2.5,79.8,2.94
14,M14-022,Industrial,21,2,1,3.58,5.2,62.6,2.65
14,M14-023,Industrial,25,2,1,3.34,3.9,80.0,2.84
14,M14-024,Sistemas,23,2,0,4.27,19.1,89.8,4.45
14,M14-025,Industrial,29,4,0,3.32,16.5,89.5,3.55
14,M14-026,Electrica,21,3,1,3.68,5.5,74.0,3.42
14,M14-027,Industrial,26,2,0,2.97,14.9,100.0,3.85
14,M14-028,Electrica,30,3,0,3.46,14.1,87.5,3.82
14,M14-029,Electrica,25,4,1,2.89,3.2,66.0,2.11
14,M14-030,Electrica,21,3,1,3.48,6.8,100.0,3.35
14,M14-031,Civil,29,2,1,4.21,5.3,80.2,3.32
14,M14-032,Industrial,29,3,1,2.7,12.1,86.4,2.89
14,M14-033,Industrial,21,5,0,4.74,11.6,92.8,4.43
14,M14-034,Civil,30,4,1,2.22,5.0,82.1,2.12
14,M14-035,Sistemas,27,2,1,4.32,8.1,99.3,3.97
14,M14-036,Industrial,30,6,1,3.93,0.5,100.0,3.36
14,M14-037,Electrica,21,2,1,3.04,7.7,68.5,2.7
14,M14-038,Sistemas,28,5,0,3.33,11.2,83.3,3.54
14,M14-039,Industrial,29,1,0,4.41,9.1,86.8,3.51
14,M14-040,Industrial,39,2,1,3.29,14.5,75.9,3.03
14,M14-041,Industrial,31,6,1,2.91,2.8,77.0,2.83
14,M14-042,Sistemas,33,6,1,3.82,3.6,66.3,3.51
14,M14-043,Sistemas,26,3,1,4.39,6.4,82.1,3.73
14,M14-044,Electrica,33,3,0,3.62,8.8,93.0,3.02
14,M14-045,Industrial,30,4,1,2.85,15.8,84.8,3.34
14,M14-046,Industrial,35,3,1,3.1,1.1,85.3,2.44
14,M14-047,Electrica,28,4,0,3.82,11.6,90.0,4.05
14,M14-048,Industrial,28,1,1,3.46,11.1,86.7,3.16
14,M14-049,Industrial,30,6,1,3.22,5.8,76.3,2.55
14,M14-050,Industrial,23,3,1,3.52,1.2,82.5,2.69
14,M14-051,Industrial,27,5,1,3.7,10.4,88.6,4.09
14,M14-052,Civil,38,3,1,2.72,8.2,84.7,2.99
14,M14-053,Sistemas,22,5,1,3.02,0.5,88.6,2.88
14,M14-054,Sistemas,27,5,1,4.04,17.5,89.0,3.62
14,M14-055,Industrial,23,3,1,3.27,0.7,98.5,3.07
14,M14-056,Sistemas,28,2,0,2.85,6.2,78.4,2.57
14,M14-057,Electrica,30,5,0,2.97,7.2,89.6,3.02
14,M14-058,Electrica,29,4,1,3.89,13.9,83.0,3.76
14,M14-059,Industrial,33,3,1,3.75,3.6,77.7,2.89
14,M14-060,Electrica,29,3,1,4.32,6.7,67.7,3.71
14,M14-061,Civil,21,3,1,4.07,17.4,75.9,4.1
14,M14-062,Industrial,21,2,0,3.83,13.8,84.7,3.66
14,M14-063,Electrica,27,2,1,4.2,9.2,89.5,3.32
14,M14-064,Industrial,28,3,1,3.33,12.2,88.6,3.63
14,M14-065,Electrica,32,4,0,3.77,18.0,85.9,4.1
14,M14-066,Civil,27,4,0,3.02,3.0,100.0,2.98
14,M14-067,Industrial,22,4,1,3.54,4.0,90.0,3.43
14,M14-068,Industrial,25,5,1,2.74,2.3,87.2,3.03
14,M14-069,Civil,26,4,1,4.06,3.1,62.6,3.03
14,M14-070,Electrica,24,4,1,4.13,9.4,84.6,4.13
14,M14-071,Industrial,26,4,1,3.9,9.4,61.0,3.45
14,M14-072,Sistemas,25,4,1,3.32,1.7,88.7,3.04
14,M14-073,Sistemas,28,1,1,4.26,2.0,73.4,3.55
14,M14-074,Sistemas,29,3,0,3.33,6.8,81.8,3.53
14,M14-075,Civil,33,3,1,3.66,3.6,91.8,3.21
14,M14-076,Industrial,28,5,1,3.58,17.9,79.1,3.84
14,M14-077,Electrica,31,4,1,4.49,2.4,92.1,3.53
14,M14-078,Sistemas,31,4,1,3.67,3.6,95.3,2.83
14,M14-079,Sistemas,27,4,0,4.06,6.0,82.1,3.42
14,M14-080,Sistemas,26,5,1,3.13,10.2,80.7,3.21
14,M14-081,Civil,21,3,0,3.46,6.1,100.0,3.38
14,M14-082,Electrica,37,3,1,4.35,15.6,85.0,4.06
14,M14-083,Industrial,21,4,0,4.0,5.0,96.2,3.5
14,M14-084,Electrica,25,3,0,3.37,15.5,83.2,3.27
14,M14-085,Sistemas,24,4,1,3.28,12.4,74.4,3.13
14,M14-086,Electrica,26,2,1,3.83,0.9,90.8,3.81
14,M14-087,Electrica,31,5,1,4.6,2.8,81.1,3.24
14,M14-088,Sistemas,25,4,0,3.49,4.3,95.3,3.15
14,M14-089,Industrial,21,4,0,2.98,5.9,73.1,2.78
14,M14-090,Sistemas,29,4,0,2.96,9.3,84.3,2.4
14,M14-091,Sistemas,31,3,0,2.86,8.3,85.6,3.39
14,M14-092,Electrica,32,2,1,3.94,15.3,59.5,4.14
14,M14-093,Industrial,25,3,1,3.15,1.3,79.7,2.0
14,M14-094,Industrial,32,5,0,3.67,12.6,80.0,3.67
14,M14-095,Sistemas,24,3,1,4.55,9.7,59.0,3.87
14,M14-096,Civil,21,4,0,4.24,5.8,100.0,4.19
14,M14-097,Industrial,29,4,1,3.44,7.1,61.4,3.04
14,M14-098,Civil,32,3,0,4.01,7.2,78.4,3.47
14,M14-099,Sistemas,27,2,1,3.88,1.6,80.1,3.68
14,M14-100,Industrial,24,2,1,3.08,5.8,69.9,3.27
14,M14-101,Sistemas,27,2,1,3.32,4.8,82.7,3.24
14,M14-102,Industrial,27,4,0,4.22,8.5,97.6,3.85
14,M14-103,Sistemas,30,4,1,3.74,4.5,87.7,2.96
14,M14-104,Industrial,22,3,1,4.58,0.5,71.5,2.66
14,M14-105,Sistemas,29,3,1,3.38,8.6,74.2,3.69
14,M14-106,Electrica,27,3,1,2.81,5.6,71.6,1.99
14,M14-107,Electrica,31,6,0,2.43,8.9,95.3,3.49
14,M14-108,Electrica,27,2,1,3.65,0.5,71.1,2.81
14,M14-109,Electrica,23,2,1,3.72,6.2,88.1,3.09
14,M14-110,Sistemas,28,2,1,3.43,2.4,67.3,2.03
14,M14-111,Civil,28,3,0,3.59,10.1,91.6,4.05
14,M14-112,Sistemas,29,4,0,3.3,6.4,96.3,2.81
14,M14-113,Industrial,22,2,0,2.94,8.2,75.9,3.21
14,M14-114,Sistemas,42,3,1,3.58,5.8,86.5,3.11
14,M14-115,Civil,27,3,0,4.4,10.4,86.8,4.24
14,M14-116,Sistemas,26,4,1,4.38,11.7,76.0,3.82
14,M14-117,Civil,32,6,1,2.66,13.5,85.0,3.2
14,M14-118,Industrial,24,5,0,2.9,9.3,99.9,3.1
14,M14-119,Electrica,31,5,1,3.36,6.0,79.9,2.57
14,M14-120,Civil,21,6,1,3.8,2.2,93.4,3.06
14,M14-121,Industrial,25,2,0,3.57,8.2,83.7,2.93
14,M14-122,Civil,28,2,1,3.1,2.0,92.4,2.48
14,M14-123,Industrial,22,6,1,3.24,8.1,68.1,2.54
14,M14-124,Industrial,21,2,1,4.35,2.9,74.2,2.86
14,M14-125,Industrial,23,4,0,3.8,5.1,80.8,3.0
14,M14-126,Industrial,30,2,1,2.89,6.7,88.2,2.81
14,M14-127,Civil,22,2,1,4.28,9.4,82.9,4.18
14,M14-128,Industrial,25,4,1,3.75,7.9,83.5,3.6
14,M14-129,Sistemas,29,2,0,3.81,4.0,86.9,3.3
14,M14-130,Electrica,25,4,0,3.43,12.0,80.5,4.0
14,M14-131,Industrial,27,6,0,3.62,16.4,87.7,4.61
14,M14-132,Civil,32,1,1,2.84,9.0,68.4,2.48
14,M14-133,Electrica,22,4,1,3.28,1.8,71.0,2.71
14,M14-134,Industrial,30,2,1,3.85,17.0,83.2,3.55
14,M14-135,Sistemas,27,2,1,3.07,4.9,74.5,2.41
14,M14-136,Electrica,24,3,0,3.3,4.6,80.6,3.11
14,M14-137,Sistemas,24,2,1,3.63,3.1,68.5,2.12
14,M14-138,Industrial,29,4,0,3.29,8.5,82.9,3.38
14,M14-139,Industrial,24,1,1,3.59,2.9,74.2,2.9
14,M14-140,Sistemas,21,4,1,2.61,8.4,79.7,2.44
14,M14-141,Sistemas,28,2,1,4.02,7.0,81.8,2.88
14,M14-142,Sistemas,21,3,1,4.07,7.4,72.9,3.51
14,M14-143,Industrial,26,4,0,4.47,12.1,75.5,4.38
14,M14-144,Sistemas,21,2,1,3.14,4.6,87.6,2.66
14,M14-145,Industrial,32,5,1,3.7,4.8,97.2,3.19
14,M14-146,Industrial,27,2,1,3.62,10.1,71.8,3.64
14,M14-147,Industrial,21,3,0,3.27,3.4,85.6,3.61
14,M14-148,Civil,25,4,1,3.44,2.5,82.1,2.57
14,M14-149,Sistemas,28,5,1,2.84,3.9,84.2,2.21
14,M14-150,Industrial,25,3,1,2.85,9.8,75.6,2.92
14,M14-151,Industrial,21,1,1,3.49,3.9,68.0,2.29
14,M14-152,Electrica,24,3,1,4.01,6.6,87.7,4.07
14,M14-153,Sistemas,30,3,1,3.23,12.6,69.4,2.93
14,M14-154,Sistemas,32,2,0,2.56,5.7,69.4,2.69
14,M14-155,Sistemas,28,4,0,3.74,9.2,87.0,3.88
14,M14-156,Sistemas,23,2,1,3.16,3.9,80.9,2.56
14,M14-157,Sistemas,32,4,1,2.53,9.4,86.1,2.95
14,M14-158,Electrica,23,5,1,3.9,10.7,88.6,3.95
14,M14-159,Sistemas,22,2,1,3.15,21.8,84.4,4.06
14,M14-160,Industrial,24,5,0,4.13,16.9,69.8,3.75
14,M14-161,Industrial,23,1,1,3.56,2.3,84.7,2.82
14,M14-162,Sistemas,34,4,1,3.99,9.0,85.1,3.41
14,M14-163,Civil,27,2,1,2.92,9.0,84.9,2.75
14,M14-164,Sistemas,29,5,1,3.48,3.9,86.8,2.78
14,M14-165,Industrial,27,2,1,3.81,12.0,85.2,3.99
14,M14-166,Civil,30,3,0,3.55,11.4,80.7,3.12
14,M14-167,Electrica,25,3,1,3.56,0.5,75.4,2.74
14,M14-168,Sistemas,22,3,0,2.55,23.4,87.0,2.85
14,M14-169,Electrica,21,2,0,3.01,11.3,86.9,2.64
14,M14-170,Electrica,22,2,1,3.71,5.5,91.1,4.26
14,M14-171,Sistemas,28,4,0,3.4,6.3,79.9,3.48
14,M14-172,Electrica,25,3,0,3.36,4.4,88.6,3.28
14,M14-173,Sistemas,31,3,0,4.2,4.0,90.1,3.23
14,M14-174,Electrica,31,2,1,3.09,6.2,78.3,2.75
14,M14-175,Sistemas,30,3,0,3.61,6.6,85.2,2.93
14,M14-176,Industrial,30,3,1,3.34,4.3,69.7,3.51
14,M14-177,Electrica,29,4,0,4.21,6.4,84.3,3.92
14,M14-178,Industrial,34,2,0,4.08,11.5,82.4,3.98
14,M14-179,Electrica,31,2,1,3.32,6.6,99.8,3.17
14,M14-180,Sistemas,29,4,1,3.38,3.1,100.0,3.01
14,M14-181,Civil,21,6,0,3.56,12.7,88.8,3.77
14,M14-182,Sistemas,30,3,0,3.81,14.9,84.3,3.69
14,M14-183,Civil,26,6,1,2.71,8.4,76.4,3.08
14,M14-184,Sistemas,25,6,1,4.41,3.4,74.2,3.36
14,M14-185,Sistemas,30,6,1,3.85,9.4,71.9,3.71
14,M14-186,Industrial,25,3,0,3.85,4.1,84.5,2.95
14,M14-187,Electrica,24,2,1,3.61,6.2,71.6,3.17
14,M14-188,Civil,24,4,1,3.83,9.9,93.8,4.16
14,M14-189,Sistemas,23,4,0,3.12,8.3,100.0,3.37
14,M14-190,Industrial,25,4,1,3.04,0.5,84.0,2.96
14,M14-191,Civil,23,3,1,3.62,6.2,94.7,3.54
14,M14-192,Sistemas,26,3,1,3.45,18.6,64.7,3.52
14,M14-193,Sistemas,28,1,1,4.6,5.8,94.6,3.86
14,M14-194,Sistemas,30,2,1,2.97,5.1,66.4,2.99
14,M14-195,Sistemas,23,3,1,3.57,7.5,86.5,3.5
14,M14-196,Industrial,22,2,1,3.99,8.7,73.9,3.69
14,M14-197,Sistemas,26,4,1,4.11,7.5,72.6,3.7
14,M14-198,Industrial,35,1,0,4.05,5.1,72.3,3.63
14,M14-199,Sistemas,23,1,1,4.02,10.8,74.9,3.64
14,M14-200,Sistemas,21,5,0,3.16,15.1,72.0,3.4
14,M14-201,Sistemas,21,3,0,2.88,23.9,100.0,4.23
14,M14-202,Sistemas,33,4,1,3.32,7.4,88.6,3.39
14,M14-203,Industrial,28,3,1,3.72,0.8,58.5,2.45
14,M14-204,Civil,38,4,1,3.18,2.5,83.9,3.07
14,M14-205,Industrial,29,5,0,3.38,9.8,75.2,3.59
14,M14-206,Sistemas,23,3,1,2.71,14.0,85.8,2.91
14,M14-207,Civil,28,3,1,3.85,6.0,80.2,2.77
14,M14-208,Civil,26,4,1,2.56,4.7,85.3,1.78
14,M14-209,Industrial,30,2,0,3.2,1.2,74.0,2.58
14,M14-210,Sistemas,30,6,1,3.54,4.7,84.9,3.24
14,M14-211,Sistemas,30,2,0,3.41,11.7,84.8,3.21
14,M14-212,Industrial,22,1,0,4.22,8.3,84.4,3.55
14,M14-213,Sistemas,37,3,1,3.75,0.5,94.2,2.46
14,M14-214,Sistemas,25,2,1,3.06,7.8,77.0,2.98
14,M14-215,Industrial,24,3,1,3.56,2.9,78.4,2.8
14,M14-216,Sistemas,29,3,0,4.41,16.1,84.1,4.99
14,M14-217,Sistemas,31,3,0,4.11,6.8,91.9,3.41
14,M14-218,Industrial,33,5,0,3.44,14.5,69.8,3.45
14,M14-219,Electrica,28,6,1,3.79,21.3,67.2,3.86
14,M14-220,Electrica,28,4,1,3.73,4.8,58.5,3.9
14,M14-221,Sistemas,29,4,1,4.06,9.6,76.4,3.46
14,M14-222,Civil,36,4,1,3.95,0.5,76.1,2.44
14,M14-223,Sistemas,32,3,1,4.25,4.7,87.6,3.39
14,M14-224,Industrial,21,4,1,3.19,6.8,82.0,3.19
14,M14-225,Sistemas,29,3,1,3.42,4.7,100.0,3.09
14,M14-226,Sistemas,22,2,0,3.95,16.3,82.5,4.56
14,M14-227,Civil,27,4,1,3.44,17.5,66.8,3.68
14,M14-228,Industrial,25,5,0,3.09,9.9,72.5,3.04
14,M14-229,Electrica,21,3,1,3.45,5.9,87.4,2.52
14,M14-230,Sistemas,27,2,1,3.63,7.8,79.8,3.41
14,M14-231,Sistemas,28,3,0,2.81,7.5,85.7,3.49
14,M14-232,Sistemas,26,3,0,4.31,9.1,86.7,4.02
14,M14-233,Sistemas,34,2,1,3.84,1.0,88.8,3.01
14,M14-234,Industrial,28,2,1,4.15,5.2,64.1,2.41
14,M14-235,Sistemas,21,5,1,3.17,7.3,78.4,2.59
14,M14-236,Sistemas,30,4,0,2.64,14.1,86.4,2.34
14,M14-237,Electrica,31,4,1,3.29,16.8,68.8,2.93
14,M14-238,Sistemas,23,5,1,3.79,5.5,81.4,3.43
14,M14-239,Sistemas,30,5,1,4.26,8.2,64.2,3.47
14,M14-240,Sistemas,26,4,1,3.74,11.1,79.7,3.0
14,M14-241,Sistemas,31,5,0,3.52,15.2,91.4,4.06
14,M14-242,Sistemas,24,2,1,3.43,8.1,65.7,3.15
14,M14-243,Sistemas,27,4,1,3.7,8.3,77.4,3.45
14,M14-244,Sistemas,30,1,1,3.41,8.3,74.6,3.29
14,M14-245,Sistemas,28,2,0,3.97,12.6,91.5,4.23
14,M14-246,Industrial,35,5,1,3.29,11.4,76.6,2.21
14,M14-247,Industrial,26,2,1,3.61,3.4,77.7,2.64
14,M14-248,Sistemas,28,4,1,3.25,8.7,79.2,2.36
14,M14-249,Electrica,29,3,1,3.07,5.4,72.5,2.35
14,M14-250,Civil,29,3,0,3.09,10.0,58.6,3.3
14,M14-251,Civil,32,3,1,2.77,0.8,69.2,2.11
14,M14-252,Civil,32,1,1,3.9,1.5,82.8,3.18
14,M14-253,Sistemas,21,4,0,4.15,10.5,99.5,4.48
14,M14-254,Electrica,30,1,1,2.86,7.4,90.9,2.54
14,M14-255,Industrial,30,6,0,3.27,10.0,92.7,3.36
14,M14-256,Sistemas,30,4,1,3.82,6.9,76.1,3.01
14,M14-257,Electrica,27,3,1,2.98,4.8,81.7,2.87
14,M14-258,Industrial,26,3,1,3.31,12.6,85.3,3.48
14,M14-259,Sistemas,23,3,0,3.78,9.9,79.1,3.77
14,M14-260,Sistemas,21,4,1,3.66,1.4,77.3,3.04
14,M14-261,Industrial,29,2,1,2.78,11.5,81.9,3.01
14,M14-262,Electrica,23,3,1,4.32,6.3,79.0,3.7
14,M14-263,Sistemas,29,2,0,3.96,30.0,87.4,5.0
14,M14-264,Industrial,28,6,0,3.91,7.4,85.8,3.81
14,M14-265,Sistemas,26,3,1,3.45,7.7,95.2,3.36
14,M14-266,Industrial,21,3,1,3.53,3.6,96.6,3.31
14,M14-267,Electrica,21,2,1,3.77,8.7,89.9,3.35
14,M14-268,Electrica,21,4,1,3.85,8.1,91.5,3.78
14,M14-269,Sistemas,31,2,1,3.65,3.8,78.0,2.29
14,M14-270,Electrica,37,2,1,3.84,3.4,62.8,2.96
14,M14-271,Sistemas,21,4,1,3.22,21.8,88.9,4.21
14,M14-272,Electrica,27,1,1,2.72,7.3,85.2,3.17
14,M14-273,Electrica,23,3,1,2.93,2.7,66.3,2.32
14,M14-274,Sistemas,33,2,1,3.86,9.1,87.3,3.69
14,M14-275,Sistemas,26,3,1,3.2,3.1,81.4,2.79
14,M14-276,Sistemas,33,2,1,3.52,8.5,85.4,2.64
14,M14-277,Industrial,22,4,0,3.08,6.0,95.0,3.32
14,M14-278,Sistemas,30,4,0,4.23,8.8,93.1,3.56
14,M14-279,Sistemas,26,3,1,3.51,6.7,92.1,3.06
14,M14-280,Electrica,23,1,1,3.5,0.5,86.2,2.56
14,M14-281,Electrica,33,6,1,4.28,7.3,88.1,3.41
14,M14-282,Civil,30,4,0,3.81,15.6,72.1,3.36
14,M14-283,Civil,28,3,1,3.1,10.3,67.4,2.72
14,M14-284,Industrial,29,1,1,3.43,15.2,72.6,3.21
14,M14-285,Sistemas,25,4,1,3.76,3.9,83.1,2.73
14,M14-286,Sistemas,29,1,1,3.04,2.3,73.2,2.97
14,M14-287,Sistemas,33,4,1,3.25,6.3,89.1,2.58
14,M14-288,Civil,28,4,1,3.51,0.5,67.1,3.34
14,M14-289,Sistemas,21,3,0,3.86,9.4,83.2,3.79
14,M14-290,Sistemas,22,4,0,3.32,4.5,79.6,3.73
14,M14-291,Sistemas,22,3,0,3.01,3.2,74.0,1.95
14,M14-292,Electrica,34,2,1,3.22,8.1,67.7,2.87
14,M14-293,Electrica,26,2,1,3.16,12.4,83.6,3.3
14,M14-294,Civil,22,3,1,3.53,0.7,81.3,3.28
14,M14-295,Industrial,27,2,1,2.46,2.2,62.7,2.37
14,M14-296,Sistemas,27,4,1,4.23,2.1,82.9,3.14
14,M14-297,Industrial,24,4,1,3.23,13.5,77.8,2.85
14,M14-298,Civil,30,4,1,3.68,5.4,79.2,2.77
14,M14-299,Electrica,24,4,0,2.75,6.6,75.6,2.98
14,M14-300,Industrial,21,2,1,3.17,1.9,74.8,2.31
15,M15-001,Electrica,22,2,0,3.59,9.8,100.0,3.82
15,M15-002,Industrial,25,5,1,3.24,0.5,71.7,2.8
15,M15-003,Electrica,26,4,1,3.06,5.5,76.3,2.72
15,M15-004,Sistemas,33,2,1,3.97,3.9,80.6,3.13
15,M15-005,Sistemas,31,3,0,3.55,6.2,94.4,3.64
15,M15-006,Sistemas,33,2,1,3.54,7.9,87.8,2.96
15,M15-007,Industrial,31,3,1,3.27,8.3,91.3,2.68
15,M15-008,Electrica,31,2,1,3.91,11.1,90.8,3.72
15,M15-009,Sistemas,26,2,0,2.83,11.6,84.8,3.47
15,M15-010,Sistemas,34,5,1,3.18,0.7,90.5,3.56
15,M15-011,Sistemas,26,4,0,3.73,9.1,81.3,3.54
15,M15-012,Industrial,30,2,1,3.98,5.5,88.2,4.01
15,M15-013,Civil,32,3,1,4.37,6.9,84.5,3.52
15,M15-014,Civil,28,5,1,4.34,10.4,84.4,3.89
15,M15-015,Industrial,33,6,1,4.25,5.8,95.9,3.69
15,M15-016,Industrial,27,4,1,3.37,2.7,62.8,2.6
15,M15-017,Sistemas,25,4,1,4.03,1.3,83.6,3.09
15,M15-018,Sistemas,21,4,1,3.37,7.8,71.6,2.83
15,M15-019,Industrial,33,2,0,3.42,9.0,70.5,2.89
15,M15-020,Industrial,28,4,1,3.84,8.0,85.3,3.47
15,M15-021,Sistemas,24,5,0,2.86,8.4,77.7,2.88
15,M15-022,Electrica,28,3,1,3.63,2.8,87.1,2.89
15,M15-023,Civil,25,3,1,3.65,12.5,74.3,3.03
15,M15-024,Industrial,26,4,0,4.43,13.9,93.7,4.53
15,M15-025,Industrial,27,3,0,3.63,8.1,82.2,3.4
15,M15-026,Electrica,29,3,1,3.15,18.8,80.1,4.1
15,M15-027,Sistemas,23,1,1,4.11,10.1,82.4,4.25
15,M15-028,Civil,27,2,1,3.82,4.7,78.4,3.03
15,M15-029,Civil,30,3,1,3.4,1.1,78.4,2.76
15,M15-030,Electrica,28,2,1,3.22,5.3,92.0,2.26
15,M15-031,Sistemas,22,3,1,3.18,1.0,96.9,2.76
15,M15-032,Electrica,26,4,1,4.52,3.3,71.6,3.74
15,M15-033,Civil,30,4,1,5.0,2.8,72.0,3.56
15,M15-034,Industrial,30,3,0,3.65,7.6,66.8,3.35
15,M15-035,Sistemas,33,3,1,3.91,6.0,80.8,3.58
15,M15-036,Electrica,28,3,1,3.24,0.5,94.3,2.78
15,M15-037,Industrial,26,1,1,3.65,8.4,95.4,3.46
15,M15-038,Sistemas,25,6,1,4.51,6.1,67.4,3.25
15,M15-039,Civil,29,5,0,3.69,6.9,75.6,3.95
15,M15-040,Industrial,24,2,0,3.33,8.0,100.0,2.98
15,M15-041,Sistemas,24,3,1,3.86,0.5,83.9,2.82
15,M15-042,Sistemas,32,3,0,3.56,15.3,86.6,4.32
15,M15-043,Electrica,28,5,1,3.94,4.9,64.8,2.78
15,M15-044,Sistemas,31,1,1,3.89,3.6,98.9,3.13
15,M15-045,Electrica,21,3,1,2.6,9.2,83.9,2.71
15,M15-046,Sistemas,31,1,1,4.04,2.6,86.8,3.82
15,M15-047,Industrial,26,4,1,3.27,0.6,76.6,1.89
15,M15-048,Sistemas,38,3,0,3.92,12.8,75.7,3.49
15,M15-049,Sistemas,21,3,0,3.26,11.1,87.6,2.82
15,M15-050,Industrial,31,4,1,3.88,4.7,77.2,3.57
15,M15-051,Industrial,37,3,1,3.37,10.6,82.3,3.61
15,M15-052,Electrica,33,1,1,3.61,2.5,80.2,2.82
15,M15-053,Industrial,26,3,0,3.4,13.4,75.2,3.8
15,M15-054,Sistemas,27,3,1,3.06,6.9,77.4,3.13
15,M15-055,Civil,26,3,0,4.31,11.6,68.0,4.01
15,M15-056,Sistemas,26,4,0,3.97,15.9,81.6,4.1
15,M15-057,Industrial,34,4,1,3.79,8.4,86.6,3.42
15,M15-058,Sistemas,24,3,1,4.44,2.1,88.6,3.88
15,M15-059,Sistemas,33,2,0,3.44,13.0,70.4,3.67
15,M15-060,Electrica,32,5,1,4.74,12.3,81.7,4.47
15,M15-061,Industrial,32,5,1,3.79,7.7,70.3,2.92
15,M15-062,Sistemas,32,3,1,3.49,1.9,90.9,3.22
15,M15-063,Industrial,25,5,1,3.28,12.3,78.1,3.43
15,M15-064,Electrica,33,4,0,4.09,12.3,97.6,3.45
15,M15-065,Sistemas,22,4,1,3.19,7.3,80.2,2.62
15,M15-066,Electrica,30,3,0,3.39,2.9,85.0,2.88
15,M15-067,Electrica,27,3,1,3.54,17.6,74.7,3.7
15,M15-068,Sistemas,31,5,0,3.97,11.5,81.9,3.3
15,M15-069,Electrica,33,6,1,4.07,3.5,79.4,3.49
15,M15-070,Electrica,21,1,1,3.9,3.1,84.7,3.12
15,M15-071,Civil,26,2,1,4.02,7.1,63.5,3.6
15,M15-072,Electrica,28,5,0,2.66,8.2,72.2,3.62
15,M15-073,Sistemas,26,3,1,3.55,0.8,86.7,2.99
15,M15-074,Electrica,25,3,1,3.62,3.1,65.6,2.61
15,M15-075,Electrica,22,3,0,4.09,7.9,85.5,3.38
15,M15-076,Electrica,22,3,0,3.33,8.2,73.8,3.64
15,M15-077,Sistemas,30,4,1,3.36,7.5,74.1,2.69
15,M15-078,Sistemas,31,1,1,2.66,7.7,91.4,2.91
15,M15-079,Sistemas,21,2,0,3.3,8.9,97.2,3.29
15,M15-080,Electrica,36,4,1,3.77,14.1,93.4,3.44
15,M15-081,Electrica,31,1,0,4.02,6.9,83.1,3.62
15,M15-082,Electrica,35,4,0,3.06,3.4,78.6,3.06
15,M15-083,Civil,25,2,1,2.7,11.1,63.6,2.7
15,M15-084,Sistemas,27,3,1,3.7,8.5,93.2,3.31
15,M15-085,Sistemas,33,3,1,3.51,0.5,86.8,2.61
15,M15-086,Industrial,22,4,1,3.49,10.5,70.8,3.35
15,M15-087,Civil,26,4,1,2.66,6.5,73.4,2.22
15,M15-088,Electrica,21,2,1,4.4,7.3,92.4,3.59
15,M15-089,Electrica,29,2,1,3.1,5.0,66.5,2.27
15,M15-090,Electrica,33,2,1,2.99,8.5,74.0,2.61
15,M15-091,Sistemas,34,4,1,4.06,10.4,74.9,2.9
15,M15-092,Electrica,33,5,1,3.47,5.3,80.7,2.33
15,M15-093,Industrial,28,3,1,3.89,7.4,78.8,3.72
15,M15-094,Civil,31,4,1,3.87,4.2,71.7,3.41
15,M15-095,Sistemas,22,5,0,4.13,8.8,77.5,3.53
15,M15-096,Sistemas,31,4,0,3.08,8.9,96.9,3.03
15,M15-097,Electrica,25,5,0,3.23,18.4,89.7,4.41
15,M15-098,Sistemas,26,2,1,2.91,8.6,76.9,3.05
15,M15-099,Industrial,35,3,1,3.69,10.5,79.3,3.64
15,M15-100,Sistemas,21,5,1,3.56,22.7,92.3,3.95
15,M15-101,Civil,29,3,0,4.05,6.7,77.1,4.08
15,M15-102,Electrica,21,2,1,3.82,0.7,70.2,2.56
15,M15-103,Sistemas,38,5,1,2.81,9.3,79.3,3.07
15,M15-104,Sistemas,25,2,0,3.21,10.6,83.2,3.41
15,M15-105,Sistemas,25,1,1,2.83,6.0,92.5,2.21
15,M15-106,Industrial,30,3,1,3.95,13.6,85.4,3.79
15,M15-107,Industrial,23,6,0,3.98,7.9,62.4,3.71
15,M15-108,Sistemas,30,1,1,2.72,4.1,79.4,2.24
15,M15-109,Electrica,27,4,0,3.02,20.3,84.0,3.8
15,M15-110,Industrial,23,1,1,3.35,8.8,72.9,3.09
15,M15-111,Sistemas,22,3,0,2.8,9.3,87.5,2.97
15,M15-112,Sistemas,26,1,0,3.15,1.3,86.6,1.98
15,M15-113,Civil,27,2,1,3.39,3.1,84.2,3.46
15,M15-114,Sistemas,27,1,0,2.91,7.2,83.2,2.86
15,M15-115,Sistemas,23,3,1,2.56,10.8,89.3,3.3
15,M15-116,Industrial,30,4,0,4.09,7.5,76.4,4.09
15,M15-117,Sistemas,32,5,1,3.86,0.5,83.9,2.56
15,M15-118,Sistemas,32,4,1,3.74,8.4,75.5,2.91
15,M15-119,Industrial,26,3,1,2.15,14.9,72.3,2.13
15,M15-120,Sistemas,30,5,0,3.33,8.1,81.3,3.58
15,M15-121,Industrial,21,3,1,2.69,6.6,59.4,2.77
15,M15-122,Civil,23,5,1,3.76,3.5,88.7,4.12
15,M15-123,Sistemas,21,5,0,3.91,11.5,78.6,3.34
15,M15-124,Sistemas,21,2,0,4.42,3.2,93.5,3.45
15,M15-125,Industrial,27,4,0,3.05,13.0,80.6,3.28
15,M15-126,Civil,23,4,1,3.68,4.7,84.6,3.27
15,M15-127,Sistemas,24,2,1,3.96,4.2,75.9,2.87
15,M15-128,Industrial,21,3,0,3.38,5.6,78.5,3.18
15,M15-129,Electrica,31,3,0,2.99,7.7,100.0,3.04
15,M15-130,Sistemas,22,3,1,3.3,10.7,83.5,3.34
15,M15-131,Electrica,24,3,1,3.38,3.4,75.2,2.56
15,M15-132,Civil,23,5,1,3.97,6.8,72.7,3.17
15,M15-133,Civil,27,4,1,2.96,3.0,78.4,2.51
15,M15-134,Civil,32,4,0,2.8,7.3,100.0,3.45
15,M15-135,Sistemas,23,3,1,3.59,5.6,77.7,2.65
15,M15-136,Sistemas,22,3,1,4.2,2.1,90.0,2.86
15,M15-137,Industrial,24,6,0,3.49,7.1,74.6,3.93
15,M15-138,Sistemas,28,6,1,2.82,11.4,85.6,3.04
15,M15-139,Industrial,29,3,0,3.64,8.8,82.0,3.6
15,M15-140,Industrial,26,3,0,4.24,12.0,90.0,4.04
15,M15-141,Sistemas,30,4,1,3.37,11.3,86.8,3.39
15,M15-142,Sistemas,30,2,0,2.92,10.5,81.5,3.14
15,M15-143,Electrica,29,6,1,3.46,4.7,89.6,2.91
15,M15-144,Civil,24,1,0,3.22,3.8,77.3,2.48
15,M15-145,Electrica,29,3,0,3.25,8.4,87.5,3.7
15,M15-146,Civil,25,2,0,3.61,7.1,97.1,2.99
15,M15-147,Civil,24,3,0,3.06,9.0,96.7,3.01
15,M15-148,Sistemas,25,3,1,3.88,3.6,80.4,3.01
15,M15-149,Sistemas,25,4,0,3.95,3.7,91.6,3.41
15,M15-150,Electrica,23,3,1,3.64,2.7,69.6,3.22
15,M15-151,Sistemas,26,3,0,3.85,8.2,68.5,3.96
15,M15-152,Civil,22,3,1,3.65,3.0,68.1,3.11
15,M15-153,Sistemas,23,3,1,4.69,0.7,67.8,2.95
15,M15-154,Electrica,27,4,1,3.71,9.6,78.2,4.54
15,M15-155,Sistemas,29,4,1,3.11,7.0,85.0,2.66
15,M15-156,Sistemas,27,4,0,3.72,9.0,100.0,3.62
15,M15-157,Civil,25,2,1,4.01,5.2,75.3,3.09
15,M15-158,Sistemas,32,3,0,3.31,9.7,82.7,3.45
15,M15-159,Sistemas,21,2,0,4.16,9.0,87.4,3.62
15,M15-160,Electrica,29,3,0,3.51,16.1,78.2,3.76
15,M15-161,Sistemas,32,1,1,3.52,4.2,75.5,2.38
15,M15-162,Industrial,26,3,1,2.86,7.8,94.9,2.61
15,M15-163,Sistemas,33,3,1,3.36,11.9,76.4,3.3
15,M15-164,Civil,30,3,0,4.51,7.1,92.8,3.49
15,M15-165,Sistemas,25,2,0,3.95,16.3,92.9,4.15
15,M15-166,Industrial,27,2,1,3.09,1.5,77.4,2.53
15,M15-167,Sistemas,25,2,1,3.89,1.6,69.9,2.24
15,M15-168,Civil,24,3,1,3.47,9.5,57.3,3.07
15,M15-169,Industrial,29,2,1,3.7,8.5,69.9,3.5
15,M15-170,Civil,25,3,1,3.66,9.6,88.3,3.89
15,M15-171,Civil,25,2,1,3.5,7.7,65.1,3.53
15,M15-172,Sistemas,26,4,1,3.46,4.1,90.8,3.06
15,M15-173,Sistemas,22,6,1,4.55,0.5,86.7,3.02
15,M15-174,Sistemas,21,3,1,3.34,5.3,79.9,3.46
15,M15-175,Sistemas,27,4,1,3.28,3.8,70.7,2.7
15,M15-176,Electrica,29,5,1,3.38,5.0,69.4,2.64
15,M15-177,Industrial,26,5,1,3.46,8.6,87.8,3.13
15,M15-178,Industrial,25,2,0,3.24,5.5,58.6,2.52
15,M15-179,Industrial,33,2,1,3.46,0.5,90.3,3.29
15,M15-180,Electrica,23,1,0,3.23,4.5,90.0,2.77
15,M15-181,Sistemas,26,4,0,3.27,10.4,87.0,3.41
15,M15-182,Sistemas,28,1,1,4.32,3.2,88.4,3.11
15,M15-183,Electrica,33,5,1,3.59,9.2,84.3,2.74
15,M15-184,Industrial,23,3,1,3.55,3.7,70.6,2.01
15,M15-185,Sistemas,29,4,1,3.07,0.5,70.8,2.06
15,M15-186,Sistemas,32,2,1,3.4,5.3,75.6,2.78
15,M15-187,Sistemas,33,3,1,2.87,8.3,74.9,2.93
15,M15-188,Sistemas,24,4,0,3.8,8.1,62.6,2.74
15,M15-189,Industrial,27,3,1,3.7,0.8,65.5,2.15
15,M15-190,Sistemas,24,1,0,3.08,5.2,75.0,2.83
15,M15-191,Sistemas,32,6,1,3.27,2.4,75.2,2.79
15,M15-192,Industrial,30,2,0,3.39,16.8,94.9,3.58
15,M15-193,Electrica,25,3,1,3.25,5.5,76.9,2.68
15,M15-194,Sistemas,29,2,0,3.09,11.1,85.0,2.91
15,M15-195,Industrial,30,6,1,3.36,2.0,69.1,2.44
15,M15-196,Sistemas,21,4,1,3.75,7.6,86.7,3.57
15,M15-197,Electrica,27,3,0,3.39,4.8,80.4,3.4
15,M15-198,Electrica,33,4,1,3.52,5.1,86.7,3.09
15,M15-199,Sistemas,26,5,1,3.72,5.5,68.6,2.83
15,M15-200,Sistemas,28,4,1,3.96,8.2,85.5,3.46
15,M15-201,Sistemas,24,2,0,4.11,3.6,87.0,3.35
15,M15-202,Sistemas,29,3,0,3.07,13.9,100.0,2.78
15,M15-203,Industrial,25,2,0,3.69,9.9,90.7,3.84
15,M15-204,Sistemas,21,5,0,3.03,3.6,88.4,3.14
15,M15-205,Electrica,21,5,1,3.47,0.6,74.8,2.41
15,M15-206,Industrial,25,2,1,3.32,14.5,87.4,3.64
15,M15-207,Industrial,21,1,1,3.75,9.5,100.0,3.25
15,M15-208,Sistemas,21,5,0,2.96,6.1,91.2,2.86
15,M15-209,Sistemas,30,3,1,3.77,3.8,86.7,3.03
15,M15-210,Sistemas,22,4,1,3.53,11.4,89.9,3.63
15,M15-211,Industrial,30,2,0,4.68,16.4,87.0,4.89
15,M15-212,Sistemas,21,4,1,3.38,1.8,73.1,2.82
15,M15-213,Industrial,29,4,0,3.17,5.3,73.4,2.81
15,M15-214,Civil,24,4,1,3.16,1.1,82.8,2.75
15,M15-215,Civil,21,4,0,3.36,9.5,76.1,3.18
15,M15-216,Sistemas,25,3,1,3.92,2.3,80.8,2.71
15,M15-217,Civil,31,3,0,3.56,6.1,69.4,3.27
15,M15-218,Sistemas,26,3,0,3.68,20.1,86.2,4.01
15,M15-219,Sistemas,28,3,1,2.26,4.2,68.6,2.31
15,M15-220,Industrial,30,6,1,3.37,11.4,85.8,3.53
15,M15-221,Industrial,24,3,1,2.99,4.5,81.4,3.18
15,M15-222,Sistemas,26,4,1,3.43,3.8,92.1,2.76
15,M15-223,Sistemas,27,5,1,3.32,0.5,70.9,2.68
15,M15-224,Electrica,21,6,1,3.87,1.6,82.9,2.86
15,M15-225,Civil,21,3,0,4.17,21.6,93.5,4.91
15,M15-226,Electrica,31,5,1,3.76,3.4,97.3,2.92
15,M15-227,Sistemas,31,3,1,2.95,5.9,86.8,2.93
15,M15-228,Sistemas,26,4,0,4.29,5.9,85.8,3.6
15,M15-229,Industrial,30,5,1,3.13,17.4,83.5,3.46
15,M15-230,Industrial,25,2,1,4.24,7.0,71.7,3.55
15,M15-231,Electrica,30,4,1,3.48,4.6,61.2,2.86
15,M15-232,Sistemas,27,2,0,3.08,5.3,89.1,2.9
15,M15-233,Sistemas,31,3,1,2.99,0.5,74.1,2.11
15,M15-234,Sistemas,31,1,0,3.67,5.9,99.7,3.48
15,M15-235,Electrica,26,4,1,2.97,6.5,90.3,2.77
15,M15-236,Industrial,21,6,0,2.79,6.5,84.3,2.58
15,M15-237,Electrica,24,4,0,3.24,5.9,69.5,2.71
15,M15-238,Civil,26,3,0,3.46,7.2,86.0,3.39
15,M15-239,Civil,22,3,1,3.42,0.5,84.3,2.67
15,M15-240,Sistemas,25,2,1,2.94,7.6,64.2,2.27
15,M15-241,Industrial,30,3,1,2.9,13.0,84.1,2.57
15,M15-242,Industrial,32,4,1,2.93,0.8,58.5,2.48
15,M15-243,Electrica,26,1,1,2.97,3.5,83.7,2.54
15,M15-244,Civil,21,4,1,3.49,3.9,91.4,3.05
15,M15-245,Civil,31,2,1,3.01,10.9,79.0,2.86
15,M15-246,Sistemas,33,2,0,3.96,2.5,83.3,3.76
15,M15-247,Sistemas,25,4,1,3.64,3.6,66.2,3.38
15,M15-248,Industrial,25,1,1,3.6,11.9,77.0,3.68
15,M15-249,Sistemas,22,4,1,3.27,12.5,79.8,3.59
15,M15-250,Sistemas,25,2,0,3.83,3.1,77.8,3.5
15,M15-251,Industrial,23,3,1,3.17,6.7,71.6,2.66
15,M15-252,Civil,27,5,0,3.19,13.9,94.8,3.54
15,M15-253,Sistemas,27,3,1,2.86,13.7,84.2,3.08
15,M15-254,Electrica,28,4,0,2.46,6.9,96.6,2.82
15,M15-255,Electrica,30,4,1,2.35,8.2,67.7,2.61
15,M15-256,Industrial,24,6,0,4.3,11.9,74.7,3.48
15,M15-257,Sistemas,25,3,0,3.94,9.4,76.6,3.63
15,M15-258,Sistemas,23,4,1,3.71,12.8,89.7,4.35
15,M15-259,Sistemas,23,4,0,3.65,16.0,82.4,4.32
15,M15-260,Sistemas,31,6,0,4.2,16.9,74.5,4.11
15,M15-261,Industrial,30,2,1,3.95,1.8,75.4,3.21
15,M15-262,Civil,32,4,1,2.97,1.9,80.8,2.65
15,M15-263,Sistemas,25,4,1,4.18,0.5,80.2,3.15
15,M15-264,Sistemas,29,1,1,3.08,6.3,86.0,3.08
15,M15-265,Industrial,33,2,1,3.95,4.3,100.0,3.02
15,M15-266,Sistemas,27,6,1,3.74,4.4,65.6,3.64
15,M15-267,Industrial,30,2,1,4.13,7.0,60.0,2.69
15,M15-268,Industrial,28,1,0,3.45,10.1,82.5,3.26
15,M15-269,Industrial,29,2,1,3.19,0.5,84.3,2.69
15,M15-270,Industrial,27,4,0,2.85,15.7,79.0,3.22
15,M15-271,Electrica,25,4,1,3.35,0.5,88.3,2.62
15,M15-272,Sistemas,37,3,0,3.12,14.4,90.6,3.86
15,M15-273,Industrial,21,5,1,4.03,5.6,78.2,3.19
15,M15-274,Electrica,21,2,1,4.01,3.3,80.0,3.1
15,M15-275,Industrial,33,1,1,3.39,2.3,73.9,3.04
15,M15-276,Industrial,30,3,1,3.37,8.4,79.6,3.54
15,M15-277,Industrial,24,4,1,3.43,2.1,85.7,2.74
15,M15-278,Industrial,26,4,0,4.43,5.5,82.5,3.34
15,M15-279,Sistemas,24,3,0,3.38,12.3,80.5,3.82
15,M15-280,Industrial,37,3,1,3.51,3.1,75.3,2.53
15,M15-281,Sistemas,25,4,1,2.97,1.9,88.0,2.89
15,M15-282,Sistemas,29,4,1,3.1,1.2,83.8,2.23
15,M15-283,Sistemas,21,3,1,3.5,4.8,80.8,2.6
15,M15-284,Industrial,26,4,1,4.57,8.1,77.6,3.71
15,M15-285,Sistemas,26,6,0,3.64,17.5,97.3,4.63
15,M15-286,Industrial,26,3,0,3.98,10.2,88.4,3.63
15,M15-287,Sistemas,28,2,1,3.52,4.1,58.9,2.87
15,M15-288,Sistemas,35,3,0,3.22,8.8,84.2,3.8
15,M15-289,Industrial,26,5,0,2.91,11.9,95.8,3.6
15,M15-290,Industrial,22,2,0,3.47,8.4,93.9,3.81
15,M15-291,Sistemas,28,2,1,3.27,12.1,77.8,3.03
15,M15-292,Sistemas,30,4,1,3.84,0.6,86.2,2.98
15,M15-293,Sistemas,29,6,0,3.23,18.2,93.6,3.69
15,M15-294,Sistemas,30,5,1,3.81,4.7,80.4,3.58
15,M15-295,Industrial,21,1,1,3.75,3.5,66.4,3.06
15,M15-296,Sistemas,21,1,0,3.99,16.5,87.0,4.49
15,M15-297,Sistemas,25,1,1,3.88,3.3,74.4,2.99
15,M15-298,Sistemas,34,2,1,3.47,4.1,74.6,2.39
15,M15-299,Sistemas,28,3,0,3.22,9.3,84.0,3.44
15,M15-300,Civil,21,6,1,3.88,6.3,93.0,3.84
16,M16-001,Sistemas,28,3,1,3.18,4.5,71.7,2.14
16,M16-002,Civil,30,5,0,3.51,15.1,70.3,3.88
16,M16-003,Sistemas,28,4,0,3.1,15.7,82.6,3.51
16,M16-004,Sistemas,25,4,0,4.05,9.2,84.6,4.38
16,M16-005,Electrica,29,5,1,4.2,2.1,96.5,3.54
16,M16-006,Sistemas,27,4,1,3.05,16.6,79.1,2.67
16,M16-007,Sistemas,28,3,0,3.52,12.3,81.8,3.83
16,M16-008,Sistemas,32,2,1,4.08,15.8,66.0,3.56
16,M16-009,Industrial,28,4,1,3.68,12.7,75.6,3.16
16,M16-010,Civil,25,4,1,3.06,2.6,83.2,2.47
16,M16-011,Industrial,34,1,0,2.87,2.3,79.5,3.29
16,M16-012,Sistemas,32,3,1,4.3,4.6,73.6,2.79
16,M16-013,Civil,26,2,1,3.16,2.7,82.6,2.41
16,M16-014,Industrial,37,5,1,4.54,7.1,79.9,3.5
16,M16-015,Sistemas,21,4,0,4.66,14.4,100.0,4.9
16,M16-016,Industrial,24,4,1,3.57,0.5,88.3,2.68
16,M16-017,Civil,29,5,1,3.51,7.2,83.6,3.78
16,M16-018,Civil,27,3,1,3.61,2.9,72.7,2.09
16,M16-019,Industrial,23,3,1,3.82,3.2,80.0,2.87
16,M16-020,Sistemas,25,3,1,3.65,2.3,76.8,3.0
16,M16-021,Industrial,23,4,1,3.35,9.3,79.6,3.07
16,M16-022,Sistemas,34,5,0,3.98,9.7,80.9,3.17
16,M16-023,Electrica,21,2,0,3.23,4.8,89.2,2.93
16,M16-024,Sistemas,24,3,1,4.55,0.7,80.0,3.69
16,M16-025,Sistemas,23,3,1,3.4,6.8,71.7,3.01
16,M16-026,Electrica,25,2,0,3.99,6.0,100.0,4.07
16,M16-027,Sistemas,25,4,0,3.87,4.4,86.7,3.53
16,M16-028,Industrial,36,3,1,3.71,2.3,67.6,2.88
16,M16-029,Sistemas,29,4,1,4.16,0.7,63.7,2.01
16,M16-030,Sistemas,27,3,0,3.68,12.7,90.1,3.82
16,M16-031,Sistemas,21,2,0,3.4,6.3,79.4,2.92
16,M16-032,Sistemas,22,3,1,3.22,8.2,74.3,3.38
16,M16-033,Sistemas,33,2,1,3.6,0.5,78.3,2.87
16,M16-034,Industrial,28,4,1,3.59,10.0,62.8,3.47
16,M16-035,Civil,28,4,1,3.93,2.2,78.5,3.0
16,M16-036,Civil,21,3,1,2.65,8.9,86.6,2.97
16,M16-037,Electrica,29,3,1,3.19,6.5,83.3,3.14
16,M16-038,Sistemas,34,3,0,4.12,2.5,57.5,3.46
16,M16-039,Industrial,36,6,1,3.6,13.1,66.6,3.44
16,M16-040,Industrial,30,3,1,4.36,9.4,99.1,4.17
16,M16-041,Sistemas,22,1,1,3.89,5.3,75.7,2.22
16,M16-042,Industrial,33,2,1,3.88,9.5,78.7,4.25
16,M16-043,Industrial,29,3,1,3.35,5.8,97.6,2.35
16,M16-044,Civil,21,3,0,3.29,1.9,95.8,3.1
16,M16-045,Industrial,28,3,1,3.01,1.4,81.7,3.08
16,M16-046,Electrica,29,4,0,3.57,3.8,89.9,3.1
16,M16-047,Electrica,32,5,1,3.37,7.7,94.7,3.36
16,M16-048,Civil,21,1,1,3.55,9.8,69.3,3.84
16,M16-049,Electrica,29,2,0,3.79,3.0,98.8,3.34
16,M16-050,Sistemas,30,4,1,2.83,9.8,73.4,2.06
16,M16-051,Civil,34,3,1,3.75,5.3,80.6,3.35
16,M16-052,Civil,22,5,0,3.88,5.7,88.2,4.4
16,M16-053,Electrica,22,4,1,3.34,9.2,74.5,3.3
16,M16-054,Sistemas,31,4,0,3.04,16.4,81.1,2.68
16,M16-055,Sistemas,26,4,1,3.65,3.5,91.2,3.56
16,M16-056,Civil,27,2,1,3.84,6.3,89.6,3.96
16,M16-057,Electrica,24,3,1,3.25,2.7,78.7,2.18
16,M16-058,Sistemas,26,4,0,3.28,7.4,96.0,3.43
16,M16-059,Electrica,33,4,1,3.09,3.9,90.2,2.72
16,M16-060,Electrica,28,3,1,3.91,0.6,90.6,3.37
16,M16-061,Sistemas,30,2,1,3.69,9.7,80.3,3.47
16,M16-062,Sistemas,36,3,1,4.33,8.7,78.0,3.75
16,M16-063,Industrial,30,3,0,2.65,4.4,99.4,2.08
16,M16-064,Civil,22,4,1,3.75,2.0,83.4,2.79
16,M16-065,Sistemas,32,3,1,3.1,21.8,76.5,3.18
16,M16-066,Sistemas,24,3,0,3.7,15.6,96.9,4.54
16,M16-067,Electrica,32,3,1,3.66,1.1,86.2,2.1
16,M16-068,Sistemas,36,3,0,2.95,8.0,77.7,1.95
16,M16-069,Civil,27,1,0,3.44,4.3,83.0,2.66
16,M16-070,Civil,24,3,0,4.23,15.5,85.4,4.49
16,M16-071,Civil,29,3,0,2.64,5.0,69.7,2.99
16,M16-072,Sistemas,24,2,1,3.82,11.8,96.0,3.32
16,M16-073,Sistemas,25,3,0,4.32,7.8,100.0,3.56
16,M16-074,Electrica,26,2,0,2.81,9.3,100.0,2.61
16,M16-075,Sistemas,30,2,1,3.61,12.1,83.6,4.2
16,M16-076,Electrica,23,3,1,3.24,8.3,76.6,2.85
16,M16-077,Sistemas,21,3,0,4.15,5.6,97.7,4.12
16,M16-078,Sistemas,26,3,1,3.03,9.0,80.4,2.57
16,M16-079,Sistemas,38,6,1,3.7,2.6,84.5,2.82
16,M16-080,Electrica,31,3,1,3.74,6.2,74.3,3.22
16,M16-081,Civil,28,5,0,3.58,11.0,79.8,3.53
16,M16-082,Electrica,27,3,0,3.87,11.3,94.1,3.92
16,M16-083,Industrial,26,2,1,4.31,2.8,84.5,3.74
16,M16-084,Sistemas,25,4,0,3.85,6.7,89.7,3.64
16,M16-085,Electrica,35,2,0,3.06,6.9,78.2,2.58
16,M16-086,Sistemas,35,3,1,4.27,14.4,71.2,3.8
16,M16-087,Sistemas,27,4,0,3.25,5.3,92.1,3.21
16,M16-088,Civil,27,4,0,3.61,10.3,83.2,3.2
16,M16-089,Sistemas,25,3,1,3.52,0.5,93.5,2.68
16,M16-090,Electrica,31,5,0,3.09,17.4,98.7,3.87
16,M16-091,Sistemas,25,4,1,2.91,9.6,88.2,2.69
16,M16-092,Industrial,28,4,1,3.09,7.0,72.2,2.51
16,M16-093,Sistemas,26,3,1,4.38,12.3,74.4,3.82
16,M16-094,Sistemas,22,4,1,3.76,3.6,76.7,2.65
16,M16-095,Electrica,28,2,0,3.74,9.2,86.3,3.61
16,M16-096,Sistemas,29,4,0,3.08,11.8,85.0,3.82
16,M16-097,Sistemas,30,3,0,2.92,13.0,85.4,3.43
16,M16-098,Sistemas,26,5,0,2.41,4.4,74.1,2.4
16,M16-099,Sistemas,37,5,0,3.19,9.1,91.7,2.78
16,M16-100,Electrica,21,3,0,3.56,5.1,90.2,3.4
16,M16-101,Industrial,21,2,1,3.3,13.8,73.9,3.62
16,M16-102,Industrial,28,3,1,3.6,4.2,81.4,2.99
16,M16-103,Industrial,21,1,0,3.37,9.2,88.3,3.32
16,M16-104,Civil,23,6,1,2.93,3.3,80.8,1.69
16,M16-105,Industrial,27,3,0,3.39,7.9,94.7,3.35
16,M16-106,Sistemas,27,5,1,4.3,13.1,73.6,3.74
16,M16-107,Sistemas,35,3,1,3.95,6.4,85.3,3.43
16,M16-108,Sistemas,31,4,1,3.53,9.0,74.2,3.5
16,M16-109,Sistemas,24,4,0,3.04,7.5,85.9,3.0
16,M16-110,Industrial,29,3,1,4.54,3.5,95.3,3.93
16,M16-111,Industrial,25,3,1,3.71,7.3,72.3,3.54
16,M16-112,Sistemas,27,3,1,3.81,3.6,76.4,3.21
16,M16-113,Sistemas,38,3,1,3.83,4.6,67.7,3.45
16,M16-114,Civil,25,3,1,2.79,3.2,86.9,2.42
16,M16-115,Electrica,23,2,1,2.64,6.2,82.0,2.48
16,M16-116,Electrica,21,6,1,3.32,3.4,71.7,2.01
16,M16-117,Industrial,35,3,0,3.36,2.4,79.5,2.51
16,M16-118,Sistemas,30,2,0,4.64,10.2,86.5,3.93
16,M16-119,Sistemas,26,5,1,3.09,2.0,76.5,2.65
16,M16-120,Sistemas,29,3,1,4.3,11.9,85.3,3.23
16,M16-121,Industrial,29,3,0,2.32,15.4,82.7,3.41
16,M16-122,Civil,30,6,1,3.44,3.2,81.9,2.96
16,M16-123,Electrica,28,4,1,4.08,6.1,78.9,3.48
16,M16-124,Sistemas,32,4,1,3.48,0.6,86.1,3.02
16,M16-125,Sistemas,25,4,0,2.45,4.3,99.3,2.52
16,M16-126,Electrica,34,5,1,3.03,6.9,76.2,2.9
16,M16-127,Industrial,26,3,0,3.35,16.4,80.2,3.49
16,M16-128,Electrica,26,4,1,3.68,2.9,82.2,2.8
16,M16-129,Electrica,22,6,0,3.25,7.3,90.5,3.12
16,M16-130,Electrica,28,5,0,4.07,17.0,85.0,3.94
16,M16-131,Industrial,24,3,0,3.88,20.3,85.4,3.7
16,M16-132,Industrial,28,4,1,3.66,11.5,77.7,3.54
16,M16-133,Electrica,27,3,1,4.02,5.5,93.8,3.42
16,M16-134,Sistemas,24,3,1,2.31,5.4,71.0,2.43
16,M16-135,Sistemas,34,6,0,3.82,8.3,78.4,3.48
16,M16-136,Electrica,31,2,1,4.14,4.6,73.5,3.41
16,M16-137,Sistemas,29,1,1,3.53,0.5,59.7,2.55
16,M16-138,Civil,30,3,1,3.18,4.7,88.6,1.97
16,M16-139,Industrial,21,4,1,3.33,3.6,79.6,2.62
16,M16-140,Industrial,26,6,0,2.82,9.4,81.8,2.93
16,M16-141,Sistemas,33,2,1,4.0,1.4,81.7,3.13
16,M16-142,Electrica,26,4,1,4.06,7.4,82.2,3.68
16,M16-143,Sistemas,21,2,0,3.87,9.7,78.0,3.49
16,M16-144,Industrial,23,4,0,3.09,14.7,95.6,3.98
16,M16-145,Electrica,23,4,1,4.07,6.9,99.6,3.93
16,M16-146,Industrial,22,2,1,3.21,6.7,68.5,2.62
16,M16-147,Sistemas,27,2,1,2.9,12.8,83.8,2.48
16,M16-148,Sistemas,25,5,1,3.1,4.2,89.4,2.73
16,M16-149,Industrial,25,2,1,3.69,10.8,75.0,3.52
16,M16-150,Sistemas,21,3,1,3.44,7.4,54.0,3.76
16,M16-151,Sistemas,37,3,1,4.05,1.7,79.8,3.43
16,M16-152,Sistemas,33,6,1,3.54,6.8,83.4,3.22
16,M16-153,Industrial,21,4,1,3.76,19.0,85.2,3.77
16,M16-154,Electrica,21,3,1,3.21,4.0,73.7,2.87
16,M16-155,Sistemas,30,2,1,3.58,4.3,83.9,3.13
16,M16-156,Civil,28,3,1,2.77,3.3,79.1,2.13
16,M16-157,Industrial,32,5,1,2.78,0.5,87.6,2.37
16,M16-158,Electrica,35,3,1,3.52,12.8,84.8,2.89
16,M16-159,Civil,30,2,1,2.89,4.2,82.8,2.29
16,M16-160,Civil,26,3,0,3.6,11.0,85.5,3.5
16,M16-161,Industrial,30,2,1,3.52,7.3,82.3,3.75
16,M16-162,Sistemas,31,3,0,3.03,8.6,100.0,3.11
16,M16-163,Industrial,25,3,1,3.63,4.6,89.7,3.17
16,M16-164,Sistemas,21,2,0,3.01,10.7,89.8,3.51
16,M16-165,Sistemas,29,3,1,3.68,1.1,82.2,2.78
16,M16-166,Sistemas,29,5,1,4.36,3.5,94.0,3.34
16,M16-167,Sistemas,33,3,1,3.03,6.2,70.5,2.39
16,M16-168,Sistemas,25,3,0,2.78,14.1,95.8,3.53
16,M16-169,Electrica,24,4,1,3.3,4.4,70.0,2.91
16,M16-170,Civil,30,2,0,3.83,10.7,85.9,4.04
16,M16-171,Sistemas,25,3,1,3.61,2.2,75.1,3.36
16,M16-172,Civil,29,3,1,3.78,3.5,71.6,2.22
16,M16-173,Industrial,27,3,1,3.27,10.3,83.0,2.74
16,M16-174,Sistemas,21,2,1,3.89,7.0,85.8,3.06
16,M16-175,Sistemas,35,4,1,3.24,9.0,68.7,2.9
16,M16-176,Industrial,32,4,0,2.34,7.9,71.9,2.95
16,M16-177,Civil,23,5,0,2.6,14.5,100.0,3.47
16,M16-178,Civil,38,5,1,3.89,0.5,76.8,1.85
16,M16-179,Civil,25,2,0,3.08,9.3,86.1,3.65
16,M16-180,Sistemas,21,4,0,3.5,5.8,81.4,2.73
16,M16-181,Industrial,26,1,1,4.05,2.6,94.1,3.44
16,M16-182,Electrica,27,2,1,3.57,1.7,89.0,1.98
16,M16-183,Industrial,28,6,0,4.06,4.7,81.9,2.64
16,M16-184,Industrial,35,3,1,3.4,1.4,71.1,2.13
16,M16-185,Sistemas,26,3,1,3.15,6.5,86.1,2.73
16,M16-186,Industrial,29,4,1,4.41,8.9,71.5,3.66
16,M16-187,Sistemas,26,2,0,3.65,4.5,84.0,3.72
16,M16-188,Sistemas,33,3,0,3.84,4.1,95.9,4.04
16,M16-189,Industrial,32,1,1,3.55,6.1,85.7,3.14
16,M16-190,Industrial,30,3,0,3.88,11.8,88.7,3.13
16,M16-191,Sistemas,27,4,0,4.23,8.7,93.8,4.09
16,M16-192,Electrica,28,4,0,3.3,12.6,85.5,3.3
16,M16-193,Sistemas,28,3,1,3.19,3.7,78.1,1.95
16,M16-194,Sistemas,28,4,1,4.34,6.7,85.6,3.42
16,M16-195,Electrica,38,4,1,3.88,9.6,81.7,3.92
16,M16-196,Civil,27,3,0,3.69,14.0,96.1,3.9
16,M16-197,Civil,30,3,0,3.87,5.2,94.1,3.16
16,M16-198,Sistemas,25,2,0,3.89,10.5,89.5,3.91
16,M16-199,Sistemas,27,1,0,4.28,6.5,74.0,4.95
16,M16-200,Electrica,21,2,1,3.42,4.9,79.8,3.36
16,M16-201,Industrial,27,4,1,3.03,8.5,83.1,3.3
16,M16-202,Electrica,25,1,1,3.11,3.4,85.0,2.32
16,M16-203,Electrica,30,2,1,3.49,2.5,100.0,3.1
16,M16-204,Sistemas,27,2,0,3.43,14.2,85.8,4.22
16,M16-205,Industrial,29,4,1,3.51,0.9,71.9,2.33
16,M16-206,Electrica,21,1,1,3.24,8.6,78.2,2.93
16,M16-207,Sistemas,31,2,1,2.97,15.2,92.7,3.5
16,M16-208,Sistemas,21,3,1,2.63,20.3,71.9,3.22
16,M16-209,Industrial,24,3,1,3.08,18.6,77.4,3.53
16,M16-210,Sistemas,24,4,1,3.88,6.0,81.7,3.59
16,M16-211,Sistemas,26,4,1,3.52,7.9,85.4,3.09
16,M16-212,Civil,28,4,1,2.98,2.9,88.5,2.03
16,M16-213,Industrial,35,6,1,3.93,4.3,92.9,3.55
16,M16-214,Industrial,23,6,0,4.09,5.6,97.8,3.39
16,M16-215,Sistemas,39,4,0,3.63,2.0,71.4,2.94
16,M16-216,Electrica,29,1,1,3.69,14.7,88.5,3.67
16,M16-217,Sistemas,25,3,0,3.64,5.0,78.5,3.4
16,M16-218,Civil,21,3,0,4.11,11.0,100.0,4.14
16,M16-219,Industrial,30,2,1,2.86,8.8,72.7,2.77
16,M16-220,Sistemas,23,2,0,3.56,5.9,82.2,3.67
16,M16-221,Industrial,23,4,0,3.98,2.9,85.9,3.35
16,M16-222,Industrial,26,2,0,3.44,6.5,74.6,2.62
16,M16-223,Sistemas,25,2,0,3.62,14.1,90.1,4.15
16,M16-224,Sistemas,30,3,1,3.65,25.2,74.7,4.58
16,M16-225,Sistemas,24,3,1,3.53,10.2,81.6,3.68
16,M16-226,Electrica,21,4,1,2.98,3.7,76.8,2.57
16,M16-227,Electrica,27,3,0,3.25,4.1,96.1,3.46
16,M16-228,Civil,31,6,0,3.46,3.6,85.9,3.13
16,M16-229,Civil,32,4,1,3.84,4.3,77.0,3.27
16,M16-230,Civil,21,4,0,3.75,7.0,75.4,3.32
16,M16-231,Civil,21,4,1,3.64,10.4,66.8,3.16
16,M16-232,Sistemas,32,3,1,4.11,5.3,69.7,2.98
16,M16-233,Industrial,21,3,0,3.97,7.4,80.4,3.11
16,M16-234,Civil,26,3,0,4.52,5.6,80.4,3.79
16,M16-235,Industrial,24,3,0,3.09,3.7,81.5,3.4
16,M16-236,Civil,33,3,0,3.01,9.3,86.0,3.3
16,M16-237,Electrica,22,2,1,3.38,0.5,88.3,2.57
16,M16-238,Sistemas,21,3,1,3.59,5.0,86.9,3.38
16,M16-239,Electrica,23,4,1,3.46,1.9,61.5,2.56
16,M16-240,Civil,26,2,1,3.32,7.7,82.5,2.97
16,M16-241,Sistemas,31,1,0,3.42,14.1,91.8,3.93
16,M16-242,Industrial,21,1,0,3.79,8.1,96.4,3.46
16,M16-243,Sistemas,28,6,1,3.26,20.9,80.6,3.24
16,M16-244,Sistemas,27,2,1,3.3,4.0,80.4,3.57
16,M16-245,Sistemas,26,2,1,3.88,8.8,73.2,3.05
16,M16-246,Civil,23,2,0,4.0,19.0,79.3,4.09
16,M16-247,Civil,29,2,1,4.09,2.5,98.4,3.32
16,M16-248,Electrica,28,2,1,3.72,5.1,81.6,2.54
16,M16-249,Sistemas,21,3,1,3.63,0.5,73.3,2.66
16,M16-250,Civil,21,5,1,4.21,2.0,79.3,3.41
16,M16-251,Civil,29,3,0,3.88,2.7,87.0,2.96
16,M16-252,Sistemas,34,2,0,4.7,2.9,93.3,3.78
16,M16-253,Sistemas,25,3,1,3.64,26.9,90.8,5.0
16,M16-254,Sistemas,36,4,1,3.68,4.3,91.7,3.09
16,M16-255,Sistemas,23,2,1,3.41,8.6,71.5,2.75
16,M16-256,Sistemas,27,6,1,3.15,6.1,86.3,2.88
16,M16-257,Civil,24,4,0,3.06,19.8,81.0,3.94
16,M16-258,Civil,27,3,0,3.69,7.0,92.5,3.28
16,M16-259,Electrica,27,3,1,3.34,6.3,81.8,2.62
16,M16-260,Sistemas,27,4,1,3.49,1.8,85.5,2.71
16,M16-261,Sistemas,21,3,1,3.13,7.8,71.9,2.71
16,M16-262,Industrial,27,2,1,4.16,0.5,81.3,2.93
16,M16-263,Electrica,26,4,1,3.58,5.9,83.4,3.02
16,M16-264,Industrial,29,3,0,4.1,4.5,80.4,3.39
16,M16-265,Electrica,29,2,1,4.66,0.5,80.6,3.58
16,M16-266,Civil,27,1,0,3.38,9.2,74.0,3.45
16,M16-267,Industrial,21,2,0,3.2,7.5,94.0,3.26
16,M16-268,Sistemas,34,3,1,3.75,13.2,68.5,3.2
16,M16-269,Electrica,28,6,1,3.44,2.5,87.8,2.58
16,M16-270,Sistemas,28,4,1,3.07,12.0,85.6,3.34
16,M16-271,Sistemas,30,6,0,4.0,13.1,87.7,3.84
16,M16-272,Industrial,28,4,1,4.24,0.5,79.1,3.37
16,M16-273,Sistemas,28,3,0,2.95,17.8,83.1,3.52
16,M16-274,Sistemas,31,1,1,4.15,18.1,73.1,3.84
16,M16-275,Sistemas,25,1,1,3.73,2.5,70.0,2.91
16,M16-276,Sistemas,32,2,1,3.02,1.5,87.9,2.02
16,M16-277,Electrica,25,2,1,2.81,8.1,76.6,2.95
16,M16-278,Industrial,30,3,0,3.84,5.2,75.4,3.26
16,M16-279,Sistemas,21,2,0,3.09,9.6,100.0,3.36
16,M16-280,Industrial,26,3,1,2.83,2.3,57.6,2.02
16,M16-281,Civil,33,1,1,2.72,7.9,77.8,2.48
16,M16-282,Sistemas,21,1,0,3.63,11.6,85.2,3.93
16,M16-283,Civil,30,2,0,3.69,5.6,87.7,3.49
16,M16-284,Sistemas,32,2,1,3.67,3.8,83.5,3.19
16,M16-285,Electrica,21,4,1,3.34,2.0,91.3,3.1
16,M16-286,Industrial,24,3,1,3.86,7.0,70.3,3.4
16,M16-287,Civil,26,4,0,4.03,8.9,89.2,3.26
16,M16-288,Electrica,30,6,0,3.54,8.0,92.6,2.79
16,M16-289,Civil,28,2,1,2.59,9.7,80.6,2.52
16,M16-290,Industrial,28,6,1,3.34,7.1,76.6,3.06
16,M16-291,Industrial,31,5,1,3.55,1.9,87.3,2.86
16,M16-292,Sistemas,26,5,1,3.53,1.8,73.6,2.56
16,M16-293,Civil,32,1,1,3.5,8.7,83.7,3.18
16,M16-294,Industrial,27,4,0,3.91,12.0,100.0,4.24
16,M16-295,Electrica,27,4,0,2.92,10.9,89.6,3.57
16,M16-296,Sistemas,28,3,1,3.57,8.7,74.9,2.39
16,M16-297,Industrial,21,2,0,4.2,12.9,83.9,4.39
16,M16-298,Electrica,28,2,1,2.92,12.2,93.6,2.81
16,M16-299,Electrica,31,4,0,3.67,17.4,100.0,4.69
16,M16-300,Civil,26,4,0,3.56,25.2,89.9,4.5
17,M17-001,Industrial,22,3,0,3.56,5.9,90.6,3.3
17,M17-002,Electrica,33,4,0,2.0,11.4,83.1,2.32
17,M17-003,Sistemas,25,4,1,3.54,6.2,94.3,3.04
17,M17-004,Sistemas,27,4,0,3.45,9.7,77.8,2.62
17,M17-005,Sistemas,30,3,0,4.45,12.4,80.4,4.23
17,M17-006,Sistemas,23,2,1,2.72,6.7,88.8,2.98
17,M17-007,Sistemas,27,3,1,3.17,2.7,86.9,3.14
17,M17-008,Civil,27,2,1,3.03,18.0,70.3,3.32
17,M17-009,Sistemas,21,3,1,3.22,4.7,83.4,2.78
17,M17-010,Civil,30,2,0,3.04,12.7,83.0,2.71
17,M17-011,Industrial,28,4,1,2.85,11.9,74.1,2.92
17,M17-012,Electrica,26,3,1,2.52,11.5,83.8,2.79
17,M17-013,Sistemas,29,2,1,3.39,8.9,80.7,3.32
17,M17-014,Industrial,23,4,0,3.45,2.5,94.2,3.15
17,M17-015,Electrica,27,4,1,3.43,5.2,78.1,3.66
17,M17-016,Sistemas,24,3,1,3.37,0.5,90.3,2.01
17,M17-017,Sistemas,27,2,1,2.23,11.5,64.3,2.15
17,M17-018,Sistemas,34,3,1,4.19,8.4,81.0,4.31
17,M17-019,Sistemas,32,3,1,3.61,7.8,87.9,3.19
17,M17-020,Sistemas,23,3,1,3.26,3.0,84.2,2.5
17,M17-021,Sistemas,21,1,1,3.18,0.5,75.6,2.94
17,M17-022,Sistemas,32,3,1,3.27,6.6,70.9,3.29
17,M17-023,Civil,28,5,1,2.69,16.8,72.5,2.92
17,M17-024,Electrica,27,3,1,2.77,3.7,64.5,2.23
17,M17-025,Electrica,28,1,0,4.05,12.2,78.2,3.68
17,M17-026,Sistemas,30,4,0,3.61,16.0,81.9,3.48
17,M17-027,Sistemas,31,5,1,3.16,4.3,76.6,3.46
17,M17-028,Industrial,29,2,1,3.58,5.4,85.6,2.47
17,M17-029,Civil,32,1,1,3.65,4.5,66.4,3.1
17,M17-030,Civil,28,2,0,2.48,4.0,87.5,2.96
17,M17-031,Electrica,29,2,0,3.75,4.4,80.6,3.44
17,M17-032,Civil,33,2,0,3.6,5.7,100.0,3.5
17,M17-033,Sistemas,25,3,0,3.49,3.4,97.1,3.13
17,M17-034,Sistemas,30,5,1,3.24,8.1,83.4,2.71
17,M17-035,Civil,27,4,1,2.98,4.8,83.8,3.15
17,M17-036,Sistemas,29,2,0,3.37,17.5,95.1,4.45
17,M17-037,Industrial,31,1,1,3.05,8.3,66.5,3.0
17,M17-038,Civil,30,1,1,3.82,9.4,69.9,3.84
17,M17-039,Industrial,22,5,0,3.54,5.3,95.6,3.3
17,M17-040,Industrial,33,4,1,3.34,1.1,92.3,2.81
17,M17-041,Sistemas,27,3,1,3.79,9.8,75.6,3.27
17,M17-042,Sistemas,24,1,1,3.82,15.4,58.8,3.56
17,M17-043,Sistemas,28,5,1,3.14,2.0,69.3,2.21
17,M17-044,Sistemas,24,4,1,3.51,2.1,73.1,2.79
17,M17-045,Sistemas,37,1,1,4.0,18.8,86.2,3.83
17,M17-046,Industrial,23,3,0,3.38,14.0,83.5,3.94
17,M17-047,Electrica,28,4,0,4.1,10.5,88.0,3.97
17,M17-048,Electrica,25,6,1,4.29,11.6,81.4,4.09
17,M17-049,Industrial,28,1,0,3.96,10.8,83.9,3.57
17,M17-050,Sistemas,23,2,1,3.39,8.2,96.4,3.18
17,M17-051,Sistemas,32,4,1,3.82,1.5,88.6,2.69
17,M17-052,Sistemas,27,3,1,2.05,0.8,82.2,2.31
17,M17-053,Industrial,24,2,1,3.86,7.3,80.8,3.82
17,M17-054,Sistemas,35,3,0,3.39,6.5,66.7,3.21
17,M17-055,Industrial,25,2,0,3.08,13.3,77.2,3.95
17,M17-056,Industrial,28,2,0,3.15,17.4,78.9,3.54
17,M17-057,Electrica,25,2,1,3.73,8.6,65.7,2.81
17,M17-058,Sistemas,32,5,1,2.8,14.2,79.3,3.54
17,M17-059,Sistemas,27,3,1,3.26,0.5,81.2,2.95
17,M17-060,Industrial,27,2,1,3.08,5.6,87.6,2.56
17,M17-061,Electrica,21,3,1,3.47,14.2,76.4,3.35
17,M17-062,Sistemas,27,4,0,3.16,3.2,66.1,2.79
17,M17-063,Industrial,29,5,0,2.86,4.3,92.1,2.22
17,M17-064,Civil,21,3,1,2.78,6.5,88.5,3.17
17,M17-065,Sistemas,28,1,0,3.5,4.4,85.1,2.97
17,M17-066,Sistemas,25,4,0,3.58,14.0,84.7,3.23
17,M17-067,Industrial,24,4,1,3.71,4.4,82.9,3.33
17,M17-068,Industrial,24,3,0,3.83,12.4,83.4,4.26
17,M17-069,Industrial,28,4,0,3.83,6.4,88.1,3.63
17,M17-070,Industrial,27,4,1,2.65,7.9,60.5,2.48
17,M17-071,Electrica,32,4,0,3.84,5.1,79.3,2.88
17,M17-072,Electrica,25,4,1,3.67,4.5,79.0,3.14
17,M17-073,Sistemas,23,2,0,3.25,7.0,77.1,2.85
17,M17-074,Industrial,29,1,1,3.47,7.3,98.4,3.2
17,M17-075,Sistemas,29,3,1,3.15,0.6,60.9,2.32
17,M17-076,Civil,29,6,1,4.28,4.4,75.6,3.43
17,M17-077,Industrial,31,5,0,3.95,11.1,84.4,3.4
17,M17-078,Sistemas,25,3,1,4.03,4.7,86.7,2.58
17,M17-079,Sistemas,30,4,0,4.02,8.7,85.8,3.59
17,M17-080,Electrica,26,2,0,2.0,7.3,84.3,2.46
17,M17-081,Sistemas,24,3,0,3.4,19.5,67.3,3.56
17,M17-082,Civil,29,1,0,3.66,11.4,90.0,4.02
17,M17-083,Industrial,31,2,0,3.61,2.3,88.3,3.1
17,M17-084,Sistemas,27,3,0,4.04,10.6,79.1,3.38
17,M17-085,Sistemas,29,2,1,3.96,10.2,73.6,3.18
17,M17-086,Sistemas,25,5,1,3.12,13.9,80.5,3.69
17,M17-087,Sistemas,32,5,0,3.91,6.8,77.9,3.39
17,M17-088,Civil,28,2,1,3.7,2.8,85.4,3.1
17,M17-089,Sistemas,37,3,0,2.71,6.2,91.7,2.83
17,M17-090,Civil,26,2,1,3.53,8.4,92.3,3.21
17,M17-091,Industrial,30,4,1,3.51,6.9,85.5,2.84
17,M17-092,Civil,31,2,1,3.56,3.8,76.3,2.79
17,M17-093,Industrial,23,1,0,3.8,13.2,92.8,3.52
17,M17-094,Sistemas,23,3,1,3.34,9.3,83.0,3.09
17,M17-095,Civil,21,4,0,3.94,6.2,98.4,3.92
17,M17-096,Sistemas,23,5,0,3.74,4.0,70.3,3.68
17,M17-097,Sistemas,31,3,0,3.61,15.3,85.0,3.78
17,M17-098,Sistemas,27,3,1,3.67,17.9,62.3,3.56
17,M17-099,Industrial,30,5,0,3.87,15.2,100.0,4.11
17,M17-100,Industrial,31,5,1,3.42,1.3,84.1,3.15
17,M17-101,Industrial,36,2,1,3.18,8.5,71.2,2.5
17,M17-102,Industrial,29,1,1,3.44,7.3,91.8,3.28
17,M17-103,Civil,35,3,1,3.99,1.4,56.6,2.45
17,M17-104,Industrial,26,4,1,3.63,9.5,67.4,2.82
17,M17-105,Civil,29,1,1,3.89,2.1,76.8,2.4
17,M17-106,Sistemas,28,2,0,4.78,10.0,77.3,4.7
17,M17-107,Sistemas,27,5,0,3.59,7.4,100.0,3.47
17,M17-108,Civil,23,4,1,3.09,1.2,80.7,2.79
17,M17-109,Sistemas,29,5,1,4.41,7.5,78.1,3.57
17,M17-110,Civil,21,3,1,4.05,3.3,67.8,3.37
17,M17-111,Electrica,30,3,1,3.89,7.4,85.0,3.55
17,M17-112,Electrica,21,3,1,4.06,5.9,83.5,3.44
17,M17-113,Electrica,31,5,1,3.24,13.4,85.3,3.16
17,M17-114,Industrial,21,3,0,3.18,12.6,85.5,3.25
17,M17-115,Sistemas,23,3,1,2.99,8.1,75.2,3.02
17,M17-116,Industrial,21,4,0,3.52,4.8,78.3,3.56
17,M17-117,Sistemas,28,4,1,3.68,5.0,72.7,2.3
17,M17-118,Industrial,29,5,0,3.39,7.7,72.7,2.89
17,M17-119,Industrial,21,2,0,3.42,8.3,88.0,3.43
17,M17-120,Civil,34,4,1,2.67,4.7,72.0,2.12
17,M17-121,Sistemas,25,5,0,3.7,12.9,85.9,3.64
17,M17-122,Sistemas,31,5,1,3.08,8.6,70.3,2.4
17,M17-123,Sistemas,40,3,1,3.48,8.4,82.0,3.19
17,M17-124,Civil,30,1,1,3.85,5.7,72.1,3.23
17,M17-125,Industrial,21,2,0,3.74,8.6,88.6,3.2
17,M17-126,Civil,27,3,1,3.42,8.0,79.6,2.98
17,M17-127,Sistemas,32,3,1,3.86,6.6,88.6,3.15
17,M17-128,Electrica,27,3,1,3.38,25.7,76.8,4.72
17,M17-129,Sistemas,31,3,1,3.33,0.5,69.5,2.95
17,M17-130,Sistemas,28,2,1,2.94,5.2,67.1,2.24
17,M17-131,Electrica,32,2,0,2.86,14.4,100.0,3.75
17,M17-132,Civil,31,3,1,3.0,10.2,81.2,3.01
17,M17-133,Industrial,21,6,0,2.49,11.7,98.6,3.42
17,M17-134,Sistemas,31,3,0,4.02,8.4,82.6,3.63
17,M17-135,Sistemas,25,2,1,3.61,3.8,92.5,3.23
17,M17-136,Industrial,30,3,1,3.61,9.4,69.2,3.41
17,M17-137,Civil,23,5,1,4.15,7.8,81.3,3.27
17,M17-138,Sistemas,21,3,1,3.3,6.0,82.8,2.99
17,M17-139,Sistemas,24,2,0,3.92,13.6,83.2,4.35
17,M17-140,Civil,33,2,1,3.97,2.6,83.9,3.59
17,M17-141,Industrial,21,5,1,3.02,1.7,80.8,2.53
17,M17-142,Sistemas,21,2,1,3.93,11.0,76.3,3.58
17,M17-143,Industrial,23,4,0,2.83,12.1,81.6,3.5
17,M17-144,Civil,28,4,1,3.38,3.7,84.6,2.74
17,M17-145,Industrial,27,1,0,3.2,7.3,90.1,3.19
17,M17-146,Electrica,35,4,0,3.45,15.3,83.8,3.76
17,M17-147,Sistemas,26,4,1,2.98,3.6,85.5,2.45
17,M17-148,Sistemas,25,2,1,3.0,0.5,98.7,3.19
17,M17-149,Sistemas,24,4,0,3.75,20.6,91.7,4.04
17,M17-150,Sistemas,32,1,1,3.18,10.4,71.9,3.25
17,M17-151,Sistemas,21,4,1,3.71,0.5,73.2,2.52
17,M17-152,Sistemas,28,3,1,3.06,11.0,79.6,2.94
17,M17-153,Sistemas,31,4,0,3.81,8.4,87.3,3.0
17,M17-154,Electrica,26,2,1,3.13,9.5,74.9,3.15
17,M17-155,Civil,31,1,1,3.98,2.2,89.0,3.33
17,M17-156,Industrial,27,5,0,3.33,8.9,88.1,3.39
17,M17-157,Civil,32,4,1,4.11,1.0,64.7,3.35
17,M17-158,Industrial,25,1,1,4.18,15.4,84.1,4.11
17,M17-159,Sistemas,21,3,0,4.02,9.5,75.4,3.44
17,M17-160,Sistemas,26,3,0,3.64,3.9,86.3,3.05
17,M17-161,Industrial,25,2,1,2.9,3.7,59.6,2.18
17,M17-162,Electrica,25,2,0,3.99,8.1,76.4,3.89
17,M17-163,Sistemas,29,3,0,3.41,7.0,78.5,2.49
17,M17-164,Civil,21,3,1,3.53,8.9,81.2,3.92
17,M17-165,Industrial,30,3,0,4.18,3.6,86.3,3.47
17,M17-166,Industrial,25,2,1,3.44,8.7,70.5,2.94
17,M17-167,Civil,32,4,1,3.96,4.1,73.8,3.94
17,M17-168,Sistemas,31,3,1,3.47,11.7,80.0,3.03
17,M17-169,Sistemas,25,2,1,3.9,6.5,81.0,3.55
17,M17-170,Sistemas,26,1,1,3.14,4.3,87.6,3.06
17,M17-171,Industrial,27,3,0,2.98,8.0,95.2,3.1
17,M17-172,Industrial,26,4,1,3.97,6.5,92.6,3.0
17,M17-173,Electrica,22,2,1,2.36,7.9,85.7,2.48
17,M17-174,Sistemas,33,5,1,3.24,2.1,72.7,3.23
17,M17-175,Industrial,22,4,1,4.37,7.9,66.3,3.28
17,M17-176,Industrial,36,3,1,3.73,9.5,97.5,2.98
17,M17-177,Electrica,21,3,1,3.31,4.2,80.6,2.65
17,M17-178,Civil,32,1,1,4.3,5.9,77.0,3.27
17,M17-179,Electrica,32,3,1,2.99,4.0,63.6,2.59
17,M17-180,Electrica,27,5,0,3.58,8.1,88.7,3.61
17,M17-181,Sistemas,32,4,1,3.02,11.6,88.6,2.81
17,M17-182,Industrial,24,2,1,3.04,3.1,70.8,3.32
17,M17-183,Industrial,22,4,1,3.32,12.3,82.6,3.53
17,M17-184,Sistemas,30,2,1,3.87,12.3,79.0,3.35
17,M17-185,Electrica,24,3,0,3.64,11.6,95.9,3.65
17,M17-186,Sistemas,23,2,1,3.91,9.1,76.0,2.88
17,M17-187,Civil,24,3,1,3.79,5.1,80.9,3.2
17,M17-188,Sistemas,36,4,0,3.66,14.1,100.0,4.24
17,M17-189,Electrica,30,4,1,3.69,4.5,93.3,3.14
17,M17-190,Civil,26,3,0,3.39,7.7,81.2,2.78
17,M17-191,Sistemas,30,6,0,3.22,9.1,76.5,3.42
17,M17-192,Sistemas,22,3,0,3.7,9.2,85.0,4.23
17,M17-193,Sistemas,23,5,1,3.35,13.4,83.6,3.93
17,M17-194,Sistemas,27,1,1,3.33,0.5,65.2,2.28
17,M17-195,Industrial,32,1,0,3.81,10.4,78.4,4.53
17,M17-196,Industrial,38,3,0,3.25,16.4,91.4,4.23
17,M17-197,Sistemas,21,1,0,3.63,21.2,77.0,4.31
17,M17-198,Industrial,26,5,0,2.71,5.5,86.2,2.55
17,M17-199,Civil,24,2,1,3.26,1.3,83.1,1.95
17,M17-200,Industrial,21,2,1,3.35,0.5,75.6,2.89
17,M17-201,Sistemas,27,4,0,3.47,9.4,76.4,3.33
17,M17-202,Electrica,31,3,1,2.9,2.0,79.5,2.41
17,M17-203,Electrica,25,4,0,3.93,11.8,89.0,4.09
17,M17-204,Sistemas,29,4,1,3.37,7.9,84.2,3.29
17,M17-205,Sistemas,21,3,1,3.22,7.9,91.8,2.61
17,M17-206,Sistemas,30,4,0,4.6,8.6,82.7,4.09
17,M17-207,Industrial,21,2,0,3.77,7.5,100.0,4.53
17,M17-208,Industrial,23,3,1,3.47,5.5,100.0,3.36
17,M17-209,Sistemas,25,4,0,2.85,12.0,73.1,2.81
17,M17-210,Electrica,29,3,0,3.38,8.6,96.6,3.45
17,M17-211,Civil,21,4,1,2.4,4.0,72.0,2.28
17,M17-212,Sistemas,26,1,1,2.79,23.2,72.6,3.82
17,M17-213,Industrial,21,3,1,2.83,13.0,84.2,2.26
17,M17-214,Sistemas,25,2,0,3.24,10.6,90.9,3.79
17,M17-215,Sistemas,29,2,0,3.07,10.6,82.1,3.31
17,M17-216,Sistemas,25,4,1,2.87,3.3,95.1,2.53
17,M17-217,Sistemas,39,3,1,4.24,7.9,84.6,4.16
17,M17-218,Civil,23,4,1,4.02,10.4,76.0,3.34
17,M17-219,Sistemas,32,3,1,2.8,4.0,100.0,2.81
17,M17-220,Sistemas,25,2,1,4.04,2.6,86.2,3.16
17,M17-221,Industrial,34,4,1,3.29,6.4,82.9,2.57
17,M17-222,Industrial,32,4,0,3.49,9.2,91.2,3.66
17,M17-223,Sistemas,28,1,1,3.43,6.5,92.5,3.08
17,M17-224,Sistemas,22,3,1,3.46,0.5,60.7,2.52
17,M17-225,Industrial,32,5,1,3.84,0.5,76.4,2.58
17,M17-226,Sistemas,21,2,1,3.93,0.5,69.3,2.75
17,M17-227,Civil,29,3,1,4.07,5.3,62.1,2.98
17,M17-228,Civil,35,3,0,3.22,16.6,89.1,3.94
17,M17-229,Civil,33,3,1,2.98,13.9,86.8,2.96
17,M17-230,Sistemas,28,3,1,3.96,7.0,85.2,2.74
17,M17-231,Electrica,30,4,0,2.96,17.1,77.4,3.43
17,M17-232,Industrial,31,3,1,3.38,2.2,74.2,2.11
17,M17-233,Industrial,26,3,0,3.5,6.6,77.7,2.88
17,M17-234,Industrial,36,2,1,3.06,6.5,93.8,2.92
17,M17-235,Civil,28,2,0,2.96,8.2,93.9,2.96
17,M17-236,Civil,21,3,1,3.79,10.2,82.5,3.34
17,M17-237,Sistemas,33,3,1,4.02,5.1,77.9,3.22
17,M17-238,Electrica,37,3,1,3.39,4.8,80.9,2.98
17,M17-239,Sistemas,32,1,1,4.31,5.8,92.5,3.56
17,M17-240,Industrial,28,1,0,3.31,14.8,100.0,3.64
17,M17-241,Industrial,24,3,1,3.2,9.0,64.1,2.82
17,M17-242,Sistemas,29,5,1,3.51,6.3,71.7,3.47
17,M17-243,Sistemas,23,1,1,3.31,11.6,79.2,2.76
17,M17-244,Sistemas,28,5,0,4.09,9.6,73.4,4.07
17,M17-245,Sistemas,27,5,0,3.58,8.9,77.9,3.32
17,M17-246,Industrial,22,2,1,3.29,8.5,91.9,3.36
17,M17-247,Sistemas,24,5,0,4.01,11.7,85.7,3.88
17,M17-248,Electrica,22,2,1,3.45,1.2,91.4,2.78
17,M17-249,Electrica,23,4,1,3.96,1.8,78.6,3.38
17,M17-250,Sistemas,25,2,1,3.74,10.6,86.4,3.18
17,M17-251,Sistemas,26,4,1,3.53,9.2,74.1,3.16
17,M17-252,Electrica,21,3,1,3.16,7.1,88.3,2.84
17,M17-253,Industrial,27,4,0,3.8,30.0,94.7,5.0
17,M17-254,Sistemas,27,4,1,4.09,6.2,77.0,3.29
17,M17-255,Industrial,21,3,0,3.18,2.3,73.0,3.55
17,M17-256,Sistemas,23,3,1,4.1,7.0,92.5,3.81
17,M17-257,Electrica,27,4,1,3.71,1.7,72.6,2.85
17,M17-258,Sistemas,25,3,0,4.06,5.6,90.0,3.82
17,M17-259,Industrial,26,4,1,4.14,0.5,65.9,3.0
17,M17-260,Sistemas,36,4,1,3.48,4.0,69.5,2.95
17,M17-261,Sistemas,25,4,0,4.36,6.2,90.3,3.35
17,M17-262,Sistemas,21,4,0,3.58,11.9,83.6,3.83
17,M17-263,Industrial,28,2,0,2.69,5.2,80.1,2.96
17,M17-264,Sistemas,21,5,0,3.21,3.6,87.7,3.95
17,M17-265,Civil,26,6,1,3.11,5.6,67.2,2.75
17,M17-266,Industrial,26,2,0,3.78,6.2,78.8,3.42
17,M17-267,Industrial,27,1,1,3.48,2.0,83.2,3.16
17,M17-268,Civil,21,4,0,3.49,10.9,83.7,3.28
17,M17-269,Sistemas,25,3,1,3.27,10.1,86.8,3.25
17,M17-270,Industrial,21,2,1,3.81,17.9,91.0,4.21
17,M17-271,Sistemas,31,2,1,3.51,4.5,72.4,2.46
17,M17-272,Electrica,28,4,1,3.66,2.2,59.7,3.13
17,M17-273,Electrica,26,3,0,4.64,15.6,95.6,4.95
17,M17-274,Civil,22,3,1,3.44,10.8,66.7,2.92
17,M17-275,Industrial,21,1,1,4.11,10.5,84.9,3.26
17,M17-276,Sistemas,32,2,1,3.7,2.9,68.7,3.2
17,M17-277,Sistemas,21,2,0,2.99,8.7,99.9,3.61
17,M17-278,Sistemas,23,2,1,3.47,0.5,72.6,2.71
17,M17-279,Industrial,25,3,1,3.11,13.9,79.8,3.37
17,M17-280,Electrica,27,3,0,3.39,7.5,80.0,3.5
17,M17-281,Industrial,21,4,0,2.62,6.2,100.0,3.1
17,M17-282,Sistemas,28,5,1,3.31,5.9,61.7,2.92
17,M17-283,Electrica,29,2,1,4.3,7.5,63.7,3.12
17,M17-284,Industrial,21,4,0,4.04,1.3,69.8,3.76
17,M17-285,Sistemas,32,2,0,3.24,8.1,96.8,2.93
17,M17-286,Electrica,28,4,1,3.18,4.0,80.3,2.73
17,M17-287,Sistemas,31,1,1,3.08,6.3,93.7,3.17
17,M17-288,Electrica,21,5,0,3.3,7.7,84.7,3.37
17,M17-289,Industrial,25,3,0,3.73,8.1,78.4,3.8
17,M17-290,Sistemas,21,2,0,3.33,5.4,95.2,3.17
17,M17-291,Industrial,31,5,0,3.46,16.2,67.9,3.86
17,M17-292,Civil,21,3,1,3.65,2.0,73.9,2.83
17,M17-293,Sistemas,27,2,1,3.56,9.7,73.4,3.59
17,M17-294,Industrial,22,1,0,3.81,5.8,75.0,3.45
17,M17-295,Industrial,24,5,1,2.77,1.8,78.9,1.62
17,M17-296,Sistemas,27,2,0,2.9,8.1,79.8,2.76
17,M17-297,Industrial,35,5,0,3.27,7.7,76.9,3.57
17,M17-298,Sistemas,21,3,1,3.89,10.7,90.0,3.53
17,M17-299,Civil,26,6,0,3.78,5.2,93.5,3.18
17,M17-300,Industrial,29,4,1,3.56,0.5,85.4,3.01
18,M18-001,Sistemas,29,2,0,3.47,17.5,80.9,3.3
18,M18-002,Sistemas,22,6,1,3.42,20.6,68.0,4.1
18,M18-003,Sistemas,21,2,1,3.03,8.9,85.7,3.09
18,M18-004,Civil,28,5,1,3.17,2.1,82.7,2.64
18,M18-005,Civil,28,5,1,3.92,2.8,70.5,3.37
18,M18-006,Industrial,29,2,1,3.45,2.6,80.9,2.64
18,M18-007,Civil,25,6,1,3.19,3.3,63.1,2.87
18,M18-008,Civil,22,3,1,3.22,2.1,68.0,2.44
18,M18-009,Sistemas,30,3,1,3.33,2.1,72.1,3.31
18,M18-010,Sistemas,21,3,1,3.6,3.3,88.8,2.43
18,M18-011,Electrica,32,2,0,3.56,7.9,84.3,3.22
18,M18-012,Sistemas,25,3,1,3.51,5.1,89.3,3.39
18,M18-013,Industrial,24,2,1,3.3,11.0,74.5,3.1
18,M18-014,Electrica,21,2,1,3.87,2.7,85.4,3.39
18,M18-015,Industrial,30,6,1,4.7,3.5,86.0,3.89
18,M18-016,Industrial,22,3,1,3.82,8.9,68.6,3.34
18,M18-017,Industrial,30,4,0,3.18,14.9,96.1,3.16
18,M18-018,Sistemas,30,5,1,3.07,6.7,89.1,2.38
18,M18-019,Industrial,24,2,1,3.24,1.7,89.0,3.38
18,M18-020,Sistemas,24,4,1,3.5,6.5,91.0,2.82
18,M18-021,Sistemas,28,4,1,3.03,7.7,82.9,2.96
18,M18-022,Industrial,31,6,1,3.16,11.8,76.9,3.43
18,M18-023,Sistemas,22,5,0,3.4,24.8,84.1,4.29
18,M18-024,Industrial,21,4,1,3.67,1.9,78.1,3.15
18,M18-025,Civil,22,1,1,3.58,13.9,72.3,3.39
18,M18-026,Civil,28,1,0,4.21,10.1,78.9,3.65
18,M18-027,Civil,26,3,1,4.3,9.2,72.9,3.7
18,M18-028,Civil,30,3,1,2.97,0.5,83.8,2.62
18,M18-029,Industrial,29,3,0,3.06,18.1,94.7,3.81
18,M18-030,Industrial,31,3,1,2.9,1.8,90.7,3.04
18,M18-031,Sistemas,26,5,0,4.12,8.9,80.8,3.66
18,M18-032,Sistemas,26,1,1,3.76,8.0,64.4,3.15
18,M18-033,Sistemas,24,5,1,3.29,8.6,65.7,2.74
18,M18-034,Sistemas,28,2,1,3.91,10.7,81.2,3.57
18,M18-035,Sistemas,21,1,1,2.8,4.1,80.4,2.15
18,M18-036,Electrica,21,6,1,3.51,1.7,77.1,2.99
18,M18-037,Sistemas,25,6,1,3.87,0.5,77.6,2.24
18,M18-038,Industrial,34,3,1,3.19,1.1,92.2,2.82
18,M18-039,Sistemas,27,3,0,3.64,5.1,92.7,3.66
18,M18-040,Industrial,22,2,1,3.26,2.0,76.3,3.04
18,M18-041,Civil,29,2,0,4.09,13.5,98.1,4.43
18,M18-042,Sistemas,30,2,0,4.69,5.7,94.5,4.14
18,M18-043,Civil,30,2,1,3.26,9.8,80.6,3.24
18,M18-044,Industrial,26,3,1,4.0,2.5,81.7,3.18
18,M18-045,Civil,30,4,1,3.45,7.3,70.7,2.69
18,M18-046,Civil,34,1,0,3.65,3.1,80.9,2.47
18,M18-047,Industrial,28,5,1,3.45,3.7,80.5,2.83
18,M18-048,Industrial,34,2,0,3.32,4.5,73.3,3.27
18,M18-049,Sistemas,29,1,1,3.76,1.6,80.2,3.2
18,M18-050,Sistemas,27,2,1,3.95,17.6,82.7,3.46
18,M18-051,Industrial,26,2,0,3.47,7.9,76.4,3.16
18,M18-052,Sistemas,26,1,0,2.95,19.2,95.7,3.68
18,M18-053,Electrica,21,4,0,3.85,12.1,79.8,3.25
18,M18-054,Industrial,30,2,1,2.77,6.0,69.3,2.57
18,M18-055,Sistemas,28,3,1,3.77,1.2,67.4,3.03
18,M18-056,Sistemas,30,3,0,3.86,3.9,68.2,2.9
18,M18-057,Sistemas,26,4,0,3.44,9.4,77.8,3.59
18,M18-058,Sistemas,30,3,1,3.1,12.6,85.1,3.97
18,M18-059,Sistemas,26,5,1,3.23,10.0,69.7,2.82
18,M18-060,Industrial,29,4,0,3.65,4.6,83.4,3.64
18,M18-061,Sistemas,25,6,0,3.43,8.1,73.6,3.57
18,M18-062,Industrial,21,3,0,2.44,4.5,87.6,1.64
18,M18-063,Industrial,22,2,0,4.0,11.6,84.1,3.32
18,M18-064,Sistemas,22,5,0,3.19,3.5,70.2,2.82
18,M18-065,Industrial,26,2,1,3.5,3.2,86.8,3.35
18,M18-066,Industrial,31,6,0,3.72,6.5,64.0,3.26
18,M18-067,Electrica,21,4,1,2.52,6.9,81.7,3.4
18,M18-068,Civil,25,3,0,3.69,5.3,78.3,3.24
18,M18-069,Sistemas,27,2,1,3.22,1.9,64.2,1.82
18,M18-070,Electrica,25,4,1,3.47,4.6,81.4,2.42
18,M18-071,Sistemas,28,3,1,3.99,2.5,77.6,3.4
18,M18-072,Civil,28,2,1,3.28,11.8,79.0,3.09
18,M18-073,Sistemas,25,3,1,3.98,5.2,78.1,3.0
18,M18-074,Industrial,30,3,1,3.3,0.5,60.4,2.32
18,M18-075,Sistemas,22,2,0,3.6,4.1,94.9,2.82
18,M18-076,Sistemas,33,6,0,2.94,6.7,99.3,2.53
18,M18-077,Civil,26,2,0,3.19,4.6,77.9,3.12
18,M18-078,Sistemas,25,4,1,3.2,6.2,71.0,3.53
18,M18-079,Electrica,21,4,1,3.3,7.1,88.8,2.67
18,M18-080,Sistemas,29,3,0,3.52,2.7,76.9,2.81
18,M18-081,Sistemas,40,3,1,3.41,11.6,71.9,3.6
18,M18-082,Civil,23,4,1,4.17,14.3,74.6,4.25
18,M18-083,Industrial,29,2,0,3.54,8.0,86.7,3.32
18,M18-084,Civil,23,3,0,2.81,13.4,82.4,3.44
18,M18-085,Electrica,27,2,0,2.77,9.0,86.6,3.29
18,M18-086,Industrial,24,2,1,4.35,2.5,60.6,3.5
18,M18-087,Sistemas,30,4,1,2.79,10.2,82.4,2.82
18,M18-088,Electrica,33,3,1,3.45,12.9,82.0,3.33
18,M18-089,Industrial,26,5,1,3.79,9.5,59.2,3.08
18,M18-090,Electrica,34,4,0,3.56,19.1,94.8,4.07
18,M18-091,Civil,29,4,1,3.58,14.9,97.3,3.24
18,M18-092,Industrial,28,2,1,2.61,20.1,70.5,2.91
18,M18-093,Sistemas,21,2,0,3.17,2.3,88.1,3.29
18,M18-094,Sistemas,22,4,0,2.92,13.5,95.9,3.57
18,M18-095,Sistemas,26,1,0,3.2,4.2,99.8,3.27
18,M18-096,Civil,33,3,1,3.24,4.9,70.7,2.86
18,M18-097,Industrial,32,1,1,2.94,4.8,79.3,2.49
18,M18-098,Sistemas,27,3,1,3.39,4.9,80.4,2.85
18,M18-099,Electrica,26,4,1,3.65,5.0,80.8,3.13
18,M18-100,Sistemas,25,3,1,4.2,7.6,93.6,3.6
18,M18-101,Sistemas,27,3,0,4.53,11.2,88.1,4.68
18,M18-102,Sistemas,28,2,1,3.38,0.5,82.4,2.97
18,M18-103,Sistemas,26,6,0,3.42,11.9,94.1,3.87
18,M18-104,Industrial,32,3,0,3.37,5.5,81.2,3.14
18,M18-105,Electrica,21,1,1,3.64,6.6,70.3,3.06
18,M18-106,Sistemas,28,3,1,3.37,15.4,78.8,3.42
18,M18-107,Sistemas,28,6,0,3.5,5.9,99.6,3.51
18,M18-108,Industrial,27,4,1,3.84,14.6,82.2,3.71
18,M18-109,Sistemas,27,2,1,2.45,1.0,85.7,2.5
18,M18-110,Sistemas,29,3,1,3.57,2.3,90.8,3.0
18,M18-111,Sistemas,21,1,1,3.81,0.5,94.5,2.78
18,M18-112,Sistemas,26,2,0,4.35,18.8,72.7,4.23
18,M18-113,Electrica,25,3,1,3.74,6.1,70.2,2.58
18,M18-114,Sistemas,27,1,1,3.83,8.2,71.4,3.32
18,M18-115,Civil,23,4,1,3.62,5.2,76.3,3.37
18,M18-116,Industrial,21,2,1,3.26,3.9,80.0,2.77
18,M18-117,Electrica,27,2,0,3.55,6.8,90.2,3.28
18,M18-118,Sistemas,27,4,1,2.98,12.6,82.0,3.87
18,M18-119,Electrica,21,3,1,3.63,0.5,74.6,2.42
18,M18-120,Industrial,25,3,1,4.82,4.5,55.8,3.82
18,M18-121,Civil,27,2,1,3.88,6.3,63.8,3.22
18,M18-122,Electrica,26,2,0,3.44,7.1,83.2,3.77
18,M18-123,Industrial,26,4,0,3.3,5.5,86.7,3.3
18,M18-124,Industrial,22,3,1,3.48,2.8,79.8,1.95
18,M18-125,Electrica,27,6,1,3.34,11.7,75.3,3.19
18,M18-126,Sistemas,28,1,0,3.77,6.6,89.0,3.43
18,M18-127,Sistemas,31,3,0,3.85,2.7,90.1,3.59
18,M18-128,Sistemas,26,3,1,3.49,0.8,73.4,2.55
18,M18-129,Civil,31,2,0,3.17,11.7,82.9,3.58
18,M18-130,Sistemas,29,3,0,3.13,18.2,91.6,4.06
18,M18-131,Industrial,29,2,0,3.87,6.9,89.8,3.66
18,M18-132,Civil,32,4,1,3.05,16.4,87.2,3.95
18,M18-133,Industrial,25,4,0,3.47,11.2,74.6,3.41
18,M18-134,Sistemas,26,3,0,3.04,6.8,94.5,3.12
18,M18-135,Electrica,25,3,1,3.03,5.1,77.4,2.23
18,M18-136,Industrial,21,3,1,3.47,13.7,93.4,3.71
18,M18-137,Sistemas,29,4,1,4.2,5.2,77.6,3.3
18,M18-138,Civil,25,2,1,3.61,13.3,83.8,3.32
18,M18-139,Electrica,30,2,1,3.89,9.8,73.7,3.48
18,M18-140,Industrial,24,2,1,3.47,0.9,88.8,2.73
18,M18-141,Industrial,21,2,0,3.94,8.9,86.4,3.76
18,M18-142,Industrial,23,3,1,3.37,3.9,100.0,3.15
18,M18-143,Civil,25,2,0,4.19,11.4,84.4,3.77
18,M18-144,Civil,30,2,1,3.14,8.0,83.2,3.02
18,M18-145,Civil,28,5,1,2.95,14.4,81.1,2.96
18,M18-146,Sistemas,29,4,0,4.0,17.2,87.7,3.96
18,M18-147,Electrica,34,1,1,2.93,0.5,74.2,2.86
18,M18-148,Industrial,31,2,1,4.12,9.6,73.6,3.78
18,M18-149,Sistemas,22,3,0,3.9,12.2,90.4,3.98
18,M18-150,Civil,28,3,1,3.36,4.3,80.2,2.44
18,M18-151,Civil,34,2,1,3.41,8.9,77.4,3.76
18,M18-152,Electrica,29,4,1,3.82,12.4,92.9,3.3
18,M18-153,Industrial,24,4,1,3.79,7.6,84.5,3.69
18,M18-154,Industrial,29,2,1,3.9,1.9,83.1,3.52
18,M18-155,Civil,30,4,0,3.32,13.9,100.0,4.31
18,M18-156,Industrial,22,3,1,2.8,0.5,95.8,2.11
18,M18-157,Electrica,35,4,1,3.67,1.4,79.5,2.39
18,M18-158,Electrica,29,4,0,3.29,11.3,75.5,3.27
18,M18-159,Sistemas,28,5,1,2.9,12.4,69.7,2.63
18,M18-160,Sistemas,27,3,1,2.77,3.2,70.0,2.26
18,M18-161,Sistemas,22,5,1,3.85,9.5,84.6,3.46
18,M18-162,Civil,27,6,0,3.31,2.3,70.3,3.3
18,M18-163,Sistemas,27,3,0,3.77,13.7,92.7,4.08
18,M18-164,Electrica,26,6,1,3.5,5.8,88.5,3.35
18,M18-165,Civil,22,3,1,3.37,5.0,82.3,2.83
18,M18-166,Sistemas,30,6,0,4.22,3.5,80.9,3.55
18,M18-167,Electrica,25,3,1,4.3,20.6,90.8,4.12
18,M18-168,Civil,26,4,1,3.55,7.5,72.7,3.43
18,M18-169,Industrial,27,2,1,3.42,3.2,91.2,2.21
18,M18-170,Sistemas,23,6,1,3.23,9.2,69.8,3.16
18,M18-171,Sistemas,27,3,1,3.07,0.5,84.7,2.14
18,M18-172,Electrica,23,3,0,4.1,16.0,84.7,4.75
18,M18-173,Sistemas,28,1,1,3.86,5.3,69.4,2.88
18,M18-174,Sistemas,34,3,0,2.97,12.0,72.4,3.39
18,M18-175,Industrial,21,5,1,2.91,13.8,73.3,2.69
18,M18-176,Sistemas,31,4,1,2.68,5.4,79.5,2.38
18,M18-177,Electrica,23,5,0,4.01,14.0,96.9,3.25
18,M18-178,Sistemas,29,1,1,3.24,0.5,66.1,2.32
18,M18-179,Sistemas,22,6,1,3.29,11.4,80.4,2.68
18,M18-180,Civil,26,6,0,3.57,9.5,79.1,3.41
18,M18-181,Electrica,21,4,1,4.08,3.5,84.6,3.08
18,M18-182,Sistemas,25,4,1,3.23,1.1,91.8,2.77
18,M18-183,Sistemas,25,3,1,4.27,29.8,58.0,4.99
18,M18-184,Industrial,25,3,0,3.44,6.0,73.0,3.1
18,M18-185,Sistemas,24,3,0,3.72,4.1,84.1,3.74
18,M18-186,Civil,21,2,1,2.85,10.0,66.1,3.0
18,M18-187,Industrial,34,3,1,2.93,0.5,77.7,2.14
18,M18-188,Civil,31,3,0,3.21,12.3,84.8,3.74
18,M18-189,Industrial,25,2,1,3.39,1.4,76.4,2.46
18,M18-190,Sistemas,24,6,1,3.03,9.5,80.3,2.81
18,M18-191,Civil,26,3,0,3.42,2.4,86.3,3.0
18,M18-192,Industrial,28,3,1,2.8,5.1,72.2,2.69
18,M18-193,Industrial,26,1,1,3.06,10.2,76.2,2.65
18,M18-194,Electrica,33,1,1,3.37,6.5,81.3,3.37
18,M18-195,Sistemas,25,2,1,3.62,12.5,78.5,3.35
18,M18-196,Sistemas,34,4,1,3.12,10.3,81.0,2.79
18,M18-197,Sistemas,24,2,1,3.67,5.6,69.1,3.01
18,M18-198,Sistemas,26,3,0,2.81,15.6,87.7,3.48
18,M18-199,Civil,26,6,1,4.06,8.3,72.9,3.71
18,M18-200,Sistemas,32,4,1,2.53,13.5,75.2,2.63
18,M18-201,Industrial,38,6,1,3.67,6.3,85.1,2.92
18,M18-202,Industrial,31,2,1,4.04,0.5,87.5,3.29
18,M18-203,Sistemas,35,1,1,2.62,2.8,79.7,2.4
18,M18-204,Civil,31,2,1,3.82,7.3,53.3,2.82
18,M18-205,Electrica,29,2,1,2.5,5.5,79.8,2.49
18,M18-206,Sistemas,38,3,1,3.59,0.5,73.1,2.79
18,M18-207,Sistemas,26,4,0,2.95,5.8,95.6,3.36
18,M18-208,Sistemas,30,2,1,3.7,18.3,81.2,3.29
18,M18-209,Sistemas,21,4,0,3.45,5.1,92.0,3.02
18,M18-210,Sistemas,22,4,1,4.11,5.0,90.4,3.08
18,M18-211,Industrial,26,3,0,2.86,7.4,87.3,2.95
18,M18-212,Sistemas,28,4,0,3.9,3.6,85.4,3.45
18,M18-213,Sistemas,34,2,1,3.15,3.9,76.1,1.66
18,M18-214,Electrica,30,3,0,2.65,12.2,81.5,2.91
18,M18-215,Sistemas,32,4,1,4.04,8.2,75.2,3.08
18,M18-216,Civil,31,4,1,3.59,12.0,73.5,3.03
18,M18-217,Sistemas,27,5,1,2.81,1.8,79.1,2.22
18,M18-218,Sistemas,21,2,1,2.66,3.2,86.0,2.49
18,M18-219,Sistemas,27,3,1,3.37,4.7,86.1,2.85
18,M18-220,Industrial,21,4,0,4.11,10.9,88.1,3.93
18,M18-221,Sistemas,32,3,1,3.3,5.9,76.2,3.42
18,M18-222,Electrica,21,3,1,2.74,11.8,91.4,3.07
18,M18-223,Civil,21,2,1,2.99,8.3,82.3,2.84
18,M18-224,Civil,24,3,1,3.89,0.8,75.3,3.11
18,M18-225,Sistemas,34,3,1,3.19,5.9,87.7,3.1
18,M18-226,Industrial,28,3,1,3.53,2.9,70.5,3.04
18,M18-227,Electrica,33,4,1,3.96,10.1,76.7,3.45
18,M18-228,Sistemas,27,3,1,3.51,8.8,66.3,3.39
18,M18-229,Industrial,29,3,1,3.75,5.1,77.0,3.76
18,M18-230,Civil,21,3,1,3.4,7.9,76.3,3.6
18,M18-231,Electrica,31,2,1,3.3,5.2,98.7,2.58
18,M18-232,Civil,27,1,1,2.75,17.6,85.5,3.46
18,M18-233,Electrica,31,3,1,4.16,0.5,76.1,3.26
18,M18-234,Sistemas,30,2,0,4.34,17.1,94.2,4.1
18,M18-235,Civil,29,6,1,3.34,7.0,88.7,3.58
18,M18-236,Civil,31,2,1,3.31,4.9,72.5,2.08
18,M18-237,Sistemas,31,3,1,3.76,4.3,87.1,3.49
18,M18-238,Industrial,29,5,1,3.35,7.1,95.4,2.71
18,M18-239,Civil,29,6,0,4.09,7.3,88.5,3.98
18,M18-240,Sistemas,30,5,1,3.86,4.1,77.0,2.67
18,M18-241,Sistemas,29,3,1,3.46,20.5,72.9,3.83
18,M18-242,Industrial,30,3,1,3.87,17.9,83.4,4.02
18,M18-243,Electrica,31,2,1,3.97,13.1,95.5,3.49
18,M18-244,Sistemas,30,3,1,4.15,19.3,74.7,4.19
18,M18-245,Civil,28,4,1,3.33,7.1,58.1,2.99
18,M18-246,Electrica,32,3,1,3.61,7.2,87.4,3.19
18,M18-247,Industrial,23,4,1,3.67,7.5,67.6,3.18
18,M18-248,Sistemas,22,2,1,4.31,4.5,64.8,2.95
18,M18-249,Civil,33,2,1,3.75,0.5,90.5,3.73
18,M18-250,Industrial,27,6,1,3.55,2.4,89.0,2.36
18,M18-251,Civil,29,3,1,2.88,8.3,77.1,2.89
18,M18-252,Sistemas,30,4,0,3.34,6.0,82.3,3.16
18,M18-253,Electrica,29,5,1,3.68,12.3,67.5,3.56
18,M18-254,Civil,21,2,1,3.56,19.8,77.6,4.05
18,M18-255,Civil,22,4,1,3.76,7.8,84.8,3.34
18,M18-256,Sistemas,27,4,1,3.23,8.9,74.1,2.66
18,M18-257,Civil,24,3,1,4.0,0.5,86.8,2.93
18,M18-258,Industrial,22,1,0,3.31,8.5,84.5,3.57
18,M18-259,Sistemas,35,2,0,3.92,12.3,89.6,4.24
18,M18-260,Industrial,24,5,1,3.37,11.7,60.1,2.89
18,M18-261,Electrica,25,4,1,2.79,11.4,65.6,2.61
18,M18-262,Electrica,29,5,0,2.43,16.6,76.6,3.05
18,M18-263,Sistemas,27,1,0,3.1,7.4,93.6,3.36
18,M18-264,Electrica,31,3,0,3.8,11.5,94.6,4.08
18,M18-265,Sistemas,28,2,0,2.82,9.1,85.9,3.28
18,M18-266,Sistemas,29,4,1,3.83,6.0,92.6,3.96
18,M18-267,Civil,28,1,1,4.25,16.3,84.2,3.72
18,M18-268,Industrial,29,3,0,3.57,5.8,74.8,3.0
18,M18-269,Sistemas,28,3,1,3.42,8.2,90.2,3.32
18,M18-270,Civil,29,4,1,3.62,12.3,76.8,3.52
18,M18-271,Electrica,23,3,0,3.43,13.6,86.7,3.84
18,M18-272,Sistemas,28,2,1,2.7,7.3,74.1,2.47
18,M18-273,Sistemas,28,3,0,4.68,9.2,98.8,4.1
18,M18-274,Sistemas,25,2,1,3.94,3.2,84.6,3.09
18,M18-275,Sistemas,21,4,1,3.48,20.0,87.0,4.11
18,M18-276,Sistemas,21,2,1,3.88,13.7,70.6,3.28
18,M18-277,Sistemas,23,2,1,3.63,1.9,89.5,3.05
18,M18-278,Electrica,26,3,1,3.72,7.4,100.0,3.4
18,M18-279,Sistemas,31,3,1,3.49,6.5,71.6,3.11
18,M18-280,Industrial,29,6,0,3.38,6.6,68.9,2.84
18,M18-281,Sistemas,34,2,1,3.47,4.4,80.4,2.86
18,M18-282,Sistemas,29,4,1,3.11,9.1,77.3,2.7
18,M18-283,Sistemas,28,3,1,3.74,6.2,93.3,3.68
18,M18-284,Electrica,21,1,1,4.08,1.4,72.2,3.27
18,M18-285,Sistemas,35,3,1,3.96,0.5,87.1,3.08
18,M18-286,Industrial,38,3,0,2.6,14.8,77.6,3.36
18,M18-287,Civil,21,4,1,3.34,5.4,59.2,2.73
18,M18-288,Civil,31,1,1,3.36,0.6,58.5,1.9
18,M18-289,Industrial,24,4,0,3.21,8.7,95.1,3.34
18,M18-290,Industrial,25,4,1,3.89,7.6,72.9,2.95
18,M18-291,Sistemas,28,4,1,3.47,1.9,88.0,2.41
18,M18-292,Civil,35,5,1,3.97,11.5,69.0,3.57
18,M18-293,Civil,33,3,1,3.84,2.3,80.5,2.71
18,M18-294,Electrica,31,4,0,3.29,7.3,92.7,3.18
18,M18-295,Civil,30,5,1,3.41,5.8,93.6,2.46
18,M18-296,Sistemas,24,5,1,2.91,5.4,75.0,2.74
18,M18-297,Sistemas,25,3,1,2.58,9.7,74.4,2.38
18,M18-298,Industrial,26,4,1,3.36,5.9,81.8,2.74
18,M18-299,Industrial,34,4,0,2.52,8.5,96.7,2.85
18,M18-300,Sistemas,26,1,1,3.57,7.8,79.0,3.07
19,M19-001,Sistemas,30,4,1,3.68,1.2,70.3,3.68
19,M19-002,Electrica,30,3,1,3.27,3.1,72.9,2.88
19,M19-003,Electrica,30,2,1,4.17,2.6,87.2,3.27
19,M19-004,Electrica,21,4,0,3.84,23.5,100.0,4.23
19,M19-005,Industrial,21,3,1,3.68,7.2,91.3,3.21
19,M19-006,Civil,27,5,1,3.88,4.6,65.6,2.8
19,M19-007,Civil,27,3,1,3.52,0.5,67.4,3.0
19,M19-008,Civil,25,2,1,2.93,5.7,80.0,2.95
19,M19-009,Sistemas,26,5,0,3.06,13.1,75.5,3.7
19,M19-010,Electrica,29,6,0,3.19,6.4,85.1,3.14
19,M19-011,Electrica,26,4,1,3.77,5.3,74.2,2.73
19,M19-012,Industrial,23,5,0,3.34,8.0,81.1,3.33
19,M19-013,Industrial,28,4,1,2.99,1.8,94.7,2.62
19,M19-014,Electrica,27,3,0,3.81,10.0,71.0,4.4
19,M19-015,Sistemas,25,2,0,4.05,6.1,90.1,4.46
19,M19-016,Industrial,28,6,1,3.82,4.2,66.6,3.6
19,M19-017,Sistemas,23,2,1,4.2,9.1,81.0,4.58
19,M19-018,Electrica,28,5,0,3.6,30.0,89.3,4.17
19,M19-019,Sistemas,29,2,1,3.69,12.6,90.0,3.6
19,M19-020,Sistemas,28,2,0,3.59,3.6,100.0,3.01
19,M19-021,Civil,26,5,0,4.18,10.7,80.6,3.9
19,M19-022,Civil,27,5,0,3.8,2.1,80.0,4.08
19,M19-023,Civil,29,3,1,3.59,2.0,81.7,2.19
19,M19-024,Electrica,35,2,0,3.86,6.9,86.5,3.57
19,M19-025,Sistemas,33,2,1,3.54,2.0,84.5,3.5
19,M19-026,Civil,24,4,1,3.21,13.6,87.6,3.17
19,M19-027,Industrial,27,2,1,3.68,4.6,71.3,3.15
19,M19-028,Electrica,21,3,1,3.48,16.9,76.7,2.88
19,M19-029,Sistemas,24,2,1,3.62,1.3,71.2,2.92
19,M19-030,Sistemas,26,2,0,3.45,10.8,88.2,3.53
19,M19-031,Electrica,29,3,1,3.4,10.2,85.9,3.58
19,M19-032,Civil,28,5,0,2.71,9.1,85.2,2.95
19,M19-033,Sistemas,33,3,0,3.47,17.0,81.8,3.61
19,M19-034,Sistemas,28,5,1,4.24,6.6,77.5,3.59
19,M19-035,Sistemas,29,5,1,3.25,1.1,81.9,3.42
19,M19-036,Industrial,21,3,1,3.41,7.2,82.9,2.79
19,M19-037,Sistemas,26,3,1,3.58,3.0,85.2,2.95
19,M19-038,Sistemas,24,3,1,3.64,4.3,74.8,3.52
19,M19-039,Industrial,31,3,1,3.36,8.5,68.6,2.05
19,M19-040,Industrial,21,3,1,3.83,6.3,78.9,3.16
19,M19-041,Industrial,21,3,1,3.11,4.1,89.0,2.26
19,M19-042,Civil,22,4,0,3.75,10.2,87.4,4.26
19,M19-043,Sistemas,26,5,1,3.71,6.5,78.4,3.25
19,M19-044,Industrial,25,5,1,3.78,4.8,65.8,3.47
19,M19-045,Industrial,30,3,1,3.39,4.2,80.4,3.55
19,M19-046,Electrica,37,4,1,3.94,3.0,71.3,3.32
19,M19-047,Civil,26,3,0,3.34,16.8,88.5,3.47
19,M19-048,Industrial,21,3,0,2.59,12.0,73.2,3.31
19,M19-049,Electrica,27,5,1,3.8,0.5,83.6,3.56
19,M19-050,Industrial,30,2,1,3.38,0.5,85.8,3.18
19,M19-051,Sistemas,35,2,1,3.56,1.6,74.5,2.72
19,M19-052,Electrica,24,6,1,3.04,1.6,93.0,3.37
19,M19-053,Sistemas,37,5,1,3.35,4.0,77.7,2.74
19,M19-054,Industrial,28,5,1,3.17,11.9,79.6,3.26
19,M19-055,Sistemas,26,5,0,3.02,10.9,79.9,3.2
19,M19-056,Civil,28,2,0,3.96,3.2,74.1,4.22
19,M19-057,Civil,27,4,0,3.22,12.0,90.2,3.4
19,M19-058,Sistemas,27,5,1,3.71,1.4,78.0,3.72
19,M19-059,Civil,21,4,0,3.59,5.6,99.5,4.03
19,M19-060,Civil,24,4,1,4.1,9.1,75.8,3.2
19,M19-061,Sistemas,21,3,0,3.6,8.7,95.1,3.87
19,M19-062,Industrial,26,4,0,4.4,2.5,98.7,4.62
19,M19-063,Electrica,24,2,1,3.34,6.3,88.2,3.41
19,M19-064,Civil,30,4,1,4.04,5.2,63.7,2.82
19,M19-065,Sistemas,26,2,0,4.16,8.0,85.2,4.35
19,M19-066,Civil,22,1,0,2.86,7.1,78.8,2.38
19,M19-067,Electrica,24,4,1,3.83,5.7,63.7,3.19
19,M19-068,Sistemas,26,2,1,3.69,2.6,77.0,3.56
19,M19-069,Sistemas,24,5,1,3.4,7.9,76.4,2.92
19,M19-070,Sistemas,33,2,0,3.2,7.6,86.4,3.33
19,M19-071,Sistemas,23,2,1,3.81,18.3,69.9,3.86
19,M19-072,Sistemas,22,3,1,3.18,16.4,87.7,3.65
19,M19-073,Industrial,27,3,1,3.38,1.1,74.0,2.69
19,M19-074,Electrica,22,3,1,3.18,0.5,88.5,2.82
19,M19-075,Electrica,28,2,0,3.45,7.2,80.7,3.29
19,M19-076,Electrica,25,2,1,4.2,6.1,86.3,3.48
19,M19-077,Sistemas,27,2,1,3.68,0.8,77.3,3.02
19,M19-078,Electrica,26,3,0,2.98,4.1,88.2,3.5
19,M19-079,Electrica,29,4,1,3.81,4.1,91.5,3.52
19,M19-080,Industrial,25,5,1,3.36,4.9,85.3,2.87
19,M19-081,Sistemas,28,2,0,3.15,8.1,84.4,3.2
19,M19-082,Civil,24,3,1,3.09,12.4,78.8,3.04
19,M19-083,Electrica,22,4,1,3.52,3.8,99.0,3.25
19,M19-084,Sistemas,28,6,1,4.12,11.8,91.1,3.54
19,M19-085,Electrica,31,2,0,3.36,11.8,96.7,3.78
19,M19-086,Sistemas,24,6,1,3.25,15.4,92.7,3.08
19,M19-087,Sistemas,24,1,0,4.13,9.4,78.3,3.84
19,M19-088,Industrial,23,5,0,3.71,18.8,79.3,3.77
19,M19-089,Sistemas,27,5,1,3.93,8.4,74.3,3.89
19,M19-090,Sistemas,23,2,1,3.62,16.3,76.2,2.91
19,M19-091,Sistemas,27,2,1,3.39,0.5,92.0,3.4
19,M19-092,Electrica,25,3,1,2.77,1.2,77.4,2.37
19,M19-093,Electrica,31,2,1,4.01,12.2,87.4,3.36
19,M19-094,Sistemas,29,3,0,3.03,10.6,86.9,3.12
19,M19-095,Electrica,25,1,1,2.5,3.8,100.0,2.88
19,M19-096,Sistemas,28,3,1,4.43,0.5,72.3,3.42
19,M19-097,Civil,31,1,1,4.14,14.8,88.7,4.11
19,M19-098,Electrica,33,5,1,4.07,5.4,59.1,3.48
19,M19-099,Sistemas,34,2,0,4.09,7.9,87.3,3.73
19,M19-100,Electrica,24,2,1,3.11,4.2,72.8,2.5
19,M19-101,Electrica,29,3,1,3.2,8.1,55.4,2.82
19,M19-102,Industrial,27,4,1,2.72,9.0,85.7,2.67
19,M19-103,Sistemas,35,3,0,3.24,8.0,84.9,3.44
19,M19-104,Industrial,33,5,0,3.48,6.9,79.4,3.34
19,M19-105,Civil,24,2,0,2.59,16.2,71.0,2.75
19,M19-106,Electrica,25,4,1,3.62,6.1,85.6,3.45
19,M19-107,Electrica,25,2,0,3.22,9.1,97.7,4.1
19,M19-108,Sistemas,22,3,1,2.94,13.8,81.5,3.35
19,M19-109,Civil,27,2,1,3.6,1.6,70.5,2.98
19,M19-110,Electrica,23,4,1,3.63,14.9,70.6,3.9
19,M19-111,Sistemas,21,3,1,4.57,20.1,57.5,3.81
19,M19-112,Industrial,24,5,0,3.36,16.1,99.7,3.4
19,M19-113,Industrial,24,2,1,3.75,1.4,84.3,2.91
19,M19-114,Electrica,21,3,1,3.71,11.5,94.0,3.64
19,M19-115,Civil,21,3,0,3.2,6.0,98.1,3.72
19,M19-116,Sistemas,25,4,1,3.21,1.0,63.5,2.57
19,M19-117,Industrial,22,1,0,3.5,15.6,83.0,3.85
19,M19-118,Industrial,33,2,0,3.7,3.4,72.5,3.72
19,M19-119,Sistemas,32,4,1,3.45,10.4,75.1,3.12
19,M19-120,Sistemas,23,4,1,4.46,3.3,100.0,4.0
19,M19-121,Sistemas,30,3,1,4.26,7.4,73.1,4.06
19,M19-122,Sistemas,27,2,1,3.85,4.5,63.1,3.77
19,M19-123,Electrica,21,2,0,3.06,6.6,91.1,3.0
19,M19-124,Civil,24,3,1,3.48,3.3,62.5,3.28
19,M19-125,Sistemas,31,4,1,2.67,18.7,80.3,2.7
19,M19-126,Sistemas,26,4,1,3.28,18.0,78.1,3.76
19,M19-127,Industrial,26,1,1,3.51,1.0,76.2,3.72
19,M19-128,Sistemas,31,3,0,3.32,4.8,81.5,2.96
19,M19-129,Sistemas,30,5,1,3.43,4.2,75.9,2.98
19,M19-130,Sistemas,30,4,1,3.89,13.4,76.8,4.18
19,M19-131,Industrial,23,5,0,3.56,10.3,96.5,3.75
19,M19-132,Industrial,26,5,1,2.96,9.5,81.4,3.36
19,M19-133,Civil,25,4,0,4.09,12.0,97.4,3.9
19,M19-134,Sistemas,24,3,0,3.28,9.0,70.6,3.59
19,M19-135,Civil,21,3,1,4.45,5.1,87.7,4.54
19,M19-136,Industrial,23,5,1,3.49,3.3,82.9,3.1
19,M19-137,Sistemas,27,3,1,4.15,5.0,73.2,3.66
19,M19-138,Sistemas,21,3,0,4.46,6.8,72.9,4.24
19,M19-139,Industrial,36,1,1,3.04,11.1,84.4,3.07
19,M19-140,Sistemas,30,3,0,3.55,3.9,90.1,3.09
19,M19-141,Industrial,31,2,1,3.67,4.8,80.3,3.63
19,M19-142,Sistemas,34,6,1,3.5,3.7,99.8,3.08
19,M19-143,Civil,28,2,1,3.21,4.6,84.7,2.87
19,M19-144,Civil,23,4,1,2.75,6.2,89.7,3.37
19,M19-145,Civil,36,5,1,3.88,0.5,70.7,3.29
19,M19-146,Electrica,24,3,0,2.85,9.0,82.2,3.25
19,M19-147,Sistemas,36,4,1,4.32,4.3,82.5,3.24
19,M19-148,Sistemas,33,6,1,4.06,7.3,85.2,3.86
19,M19-149,Industrial,24,1,0,3.99,5.0,90.5,3.67
19,M19-150,Electrica,31,3,1,4.18,9.9,81.7,3.38
19,M19-151,Sistemas,24,3,1,3.29,5.2,92.7,3.06
19,M19-152,Industrial,29,2,1,3.6,2.9,79.9,3.6
19,M19-153,Sistemas,25,4,1,3.15,3.7,81.7,3.05
19,M19-154,Sistemas,29,6,1,3.32,23.5,87.5,3.42
19,M19-155,Civil,23,6,0,3.5,6.7,78.7,3.16
19,M19-156,Industrial,23,6,0,3.32,8.7,76.9,3.48
19,M19-157,Sistemas,30,4,0,4.0,5.3,60.3,3.6
19,M19-158,Industrial,21,4,1,3.12,5.2,87.9,3.1
19,M19-159,Civil,27,2,1,3.37,6.6,73.0,3.37
19,M19-160,Civil,21,4,0,4.05,4.8,70.3,3.99
19,M19-161,Sistemas,23,6,1,3.76,0.5,67.0,3.12
19,M19-162,Electrica,21,3,1,4.65,0.9,53.4,3.74
19,M19-163,Sistemas,24,2,0,3.22,6.5,95.7,3.03
19,M19-164,Industrial,28,4,1,4.15,19.4,89.1,3.85
19,M19-165,Civil,22,4,1,3.57,0.8,86.8,3.52
19,M19-166,Sistemas,27,3,0,3.4,8.1,90.6,3.9
19,M19-167,Sistemas,30,2,1,3.31,1.4,76.7,3.49
19,M19-168,Sistemas,24,5,1,4.12,0.5,75.0,3.36
19,M19-169,Sistemas,24,4,0,3.8,12.0,84.1,3.39
19,M19-170,Sistemas,25,3,0,3.4,6.9,91.2,4.18
19,M19-171,Sistemas,24,4,1,4.15,9.1,82.1,3.9
19,M19-172,Sistemas,25,3,1,4.26,6.7,83.4,3.57
19,M19-173,Industrial,23,3,1,2.87,6.5,86.4,2.55
19,M19-174,Sistemas,31,6,1,3.43,1.0,81.5,3.07
19,M19-175,Sistemas,25,4,1,3.46,5.3,88.3,2.8
19,M19-176,Sistemas,25,4,0,3.28,11.2,78.3,3.22
19,M19-177,Sistemas,25,2,0,3.51,11.6,90.9,3.74
19,M19-178,Civil,28,5,0,4.13,8.1,75.3,3.88
19,M19-179,Industrial,35,5,1,3.66,10.2,79.8,4.1
19,M19-180,Sistemas,25,4,1,2.89,6.2,67.6,2.29
19,M19-181,Sistemas,26,3,1,3.3,6.8,87.7,3.04
19,M19-182,Sistemas,24,2,1,3.85,3.6,76.0,3.45
19,M19-183,Electrica,25,4,0,2.87,9.9,88.7,4.24
19,M19-184,Sistemas,29,3,1,3.29,6.7,65.0,3.31
19,M19-185,Industrial,28,3,1,3.39,0.6,87.4,3.04
19,M19-186,Civil,25,3,0,3.11,10.1,81.0,3.68
19,M19-187,Industrial,26,4,1,2.98,0.7,82.0,2.26
19,M19-188,Sistemas,27,2,1,3.02,6.3,78.3,3.06
19,M19-189,Electrica,24,2,1,3.52,8.6,81.9,2.94
19,M19-190,Electrica,22,6,1,3.48,7.5,74.3,3.42
19,M19-191,Sistemas,26,4,1,3.69,6.4,67.0,3.08
19,M19-192,Sistemas,29,3,1,3.21,25.9,82.3,3.13
19,M19-193,Civil,21,3,0,3.16,11.5,82.7,3.55
19,M19-194,Industrial,32,4,0,4.1,19.4,86.9,4.57
19,M19-195,Sistemas,28,2,1,2.77,16.3,92.9,3.39
19,M19-196,Civil,26,6,0,2.89,8.3,88.9,3.39
19,M19-197,Sistemas,32,2,1,3.1,1.5,83.2,3.07
19,M19-198,Sistemas,28,4,0,3.63,5.3,96.9,3.91
19,M19-199,Electrica,27,5,1,3.21,0.5,67.1,2.85
19,M19-200,Industrial,26,4,0,4.26,8.5,94.6,4.54
19,M19-201,Civil,21,1,1,3.11,8.2,92.8,2.92
19,M19-202,Electrica,25,5,0,2.55,7.0,85.4,3.23
19,M19-203,Sistemas,21,5,0,4.26,9.3,73.2,3.94
19,M19-204,Sistemas,32,2,1,3.85,7.6,86.3,3.51
19,M19-205,Sistemas,31,2,0,3.21,8.1,90.9,3.28
19,M19-206,Sistemas,32,3,1,3.42,7.1,83.0,3.82
19,M19-207,Sistemas,33,3,1,3.83,0.5,75.5,3.54
19,M19-208,Industrial,29,3,1,3.09,3.9,79.0,2.7
19,M19-209,Industrial,22,3,1,3.6,14.5,78.5,3.61
19,M19-210,Industrial,32,4,0,3.32,14.2,87.0,4.45
19,M19-211,Electrica,28,2,0,3.55,4.9,88.1,2.95
19,M19-212,Sistemas,29,4,1,3.08,7.9,86.5,2.79
19,M19-213,Sistemas,34,4,1,3.63,12.4,80.6,3.95
19,M19-214,Industrial,32,2,0,3.46,12.0,100.0,3.62
19,M19-215,Electrica,27,2,1,3.09,3.8,74.8,2.85
19,M19-216,Electrica,24,2,0,3.62,3.5,98.3,3.81
19,M19-217,Electrica,26,4,1,3.75,6.3,77.0,3.37
19,M19-218,Civil,21,2,0,3.71,9.7,100.0,3.81
19,M19-219,Industrial,23,4,0,3.74,13.4,72.6,3.57
19,M19-220,Sistemas,32,6,1,3.01,0.5,74.0,3.31
19,M19-221,Industrial,21,4,1,3.59,9.1,97.1,4.06
19,M19-222,Sistemas,27,3,0,3.55,12.1,78.9,4.21
19,M19-223,Electrica,30,3,1,3.79,10.6,80.5,3.17
19,M19-224,Civil,29,3,1,4.22,10.0,85.9,4.01
19,M19-225,Sistemas,30,2,1,3.47,6.0,68.6,3.58
19,M19-226,Civil,28,4,1,3.3,21.3,90.9,3.62
19,M19-227,Sistemas,30,3,1,4.01,4.4,66.9,3.57
19,M19-228,Sistemas,31,4,0,3.87,8.2,100.0,4.49
19,M19-229,Sistemas,26,2,1,3.27,2.7,75.4,3.25
19,M19-230,Industrial,30,2,1,3.85,9.6,86.7,3.33
19,M19-231,Electrica,28,3,0,3.03,11.7,79.3,3.14
19,M19-232,Sistemas,30,4,1,2.99,6.9,76.5,2.9
19,M19-233,Industrial,28,4,1,3.05,6.7,77.1,3.23
19,M19-234,Industrial,30,2,0,3.06,7.5,79.6,3.29
19,M19-235,Industrial,27,3,1,3.44,6.6,79.1,2.97
19,M19-236,Sistemas,24,6,1,3.27,5.1,73.6,3.47
19,M19-237,Sistemas,27,3,1,3.14,11.2,73.3,2.67
19,M19-238,Industrial,26,2,0,3.2,10.4,92.6,3.91
19,M19-239,Electrica,32,2,0,4.33,24.3,70.9,4.51
19,M19-240,Industrial,27,3,0,3.04,13.2,88.5,3.32
19,M19-241,Sistemas,36,4,1,4.44,4.9,76.0,3.72
19,M19-242,Industrial,26,2,1,3.37,1.0,86.2,3.05
19,M19-243,Sistemas,33,2,0,3.45,6.2,92.7,3.33
19,M19-244,Industrial,21,3,1,3.27,4.8,72.7,3.4
19,M19-245,Sistemas,30,3,0,3.22,5.3,78.6,3.15
19,M19-246,Sistemas,28,1,1,3.74,6.7,80.5,3.08
19,M19-247,Electrica,26,3,1,2.68,3.1,70.2,2.8
19,M19-248,Sistemas,33,6,1,3.34,7.4,70.0,2.86
19,M19-249,Industrial,24,2,1,3.46,2.7,86.0,2.76
19,M19-250,Civil,35,2,1,3.42,7.3,69.8,2.82
19,M19-251,Electrica,27,6,0,4.0,6.7,93.8,3.89
19,M19-252,Sistemas,27,4,1,3.46,6.9,100.0,3.56
19,M19-253,Electrica,22,1,0,3.74,10.7,93.7,3.44
19,M19-254,Industrial,29,4,0,4.23,11.7,87.9,3.74
19,M19-255,Electrica,25,6,1,3.87,8.6,75.6,3.25
19,M19-256,Industrial,27,4,1,2.77,5.8,90.0,2.74
19,M19-257,Industrial,27,4,1,3.11,11.5,97.8,3.32
19,M19-258,Sistemas,28,5,0,3.68,13.7,78.7,3.63
19,M19-259,Electrica,22,2,1,3.0,3.3,83.5,2.51
19,M19-260,Sistemas,24,2,1,4.07,5.5,80.4,3.99
19,M19-261,Sistemas,27,4,1,4.01,8.2,77.0,3.64
19,M19-262,Electrica,28,3,1,3.84,5.0,79.2,2.85
19,M19-263,Sistemas,24,3,1,3.0,10.0,65.6,2.43
19,M19-264,Industrial,25,5,1,3.05,10.3,57.6,3.23
19,M19-265,Industrial,24,3,1,3.5,9.3,81.0,3.74
19,M19-266,Civil,23,4,0,4.74,13.5,75.8,4.75
19,M19-267,Sistemas,30,4,0,3.6,7.2,88.1,3.65
19,M19-268,Industrial,33,4,1,3.06,3.1,100.0,3.4
19,M19-269,Electrica,25,2,0,3.21,14.5,87.9,3.68
19,M19-270,Industrial,26,3,1,4.15,9.6,89.2,3.93
19,M19-271,Industrial,21,5,1,3.41,4.2,78.4,3.13
19,M19-272,Industrial,33,3,1,2.79,4.8,88.9,2.43
19,M19-273,Civil,29,2,1,4.34,8.8,76.1,3.43
19,M19-274,Sistemas,21,2,0,3.81,8.1,79.5,3.28
19,M19-275,Civil,34,4,0,3.33,13.2,92.3,2.97
19,M19-276,Electrica,28,2,0,3.47,18.3,84.4,3.31
19,M19-277,Industrial,26,3,0,3.24,20.3,90.0,3.91
19,M19-278,Sistemas,21,3,0,3.73,9.0,83.4,3.79
19,M19-279,Industrial,26,5,1,3.14,0.5,69.2,3.06
19,M19-280,Electrica,21,3,1,3.9,2.9,86.7,3.61
19,M19-281,Industrial,26,3,1,2.7,7.4,99.6,3.46
19,M19-282,Sistemas,32,3,1,2.97,5.6,80.2,2.93
19,M19-283,Electrica,25,1,1,2.6,4.8,72.9,2.5
19,M19-284,Sistemas,21,1,1,2.97,3.9,84.2,2.49
19,M19-285,Civil,31,3,1,3.88,2.5,95.1,4.42
19,M19-286,Civil,21,3,1,3.99,11.4,87.7,4.7
19,M19-287,Electrica,27,3,0,3.8,7.5,84.4,3.27
19,M19-288,Civil,27,1,1,3.72,2.5,72.9,3.72
19,M19-289,Industrial,33,4,1,2.37,4.4,76.4,2.9
19,M19-290,Civil,27,4,0,3.66,8.3,72.9,3.69
19,M19-291,Civil,29,2,1,3.73,5.3,62.7,3.57
19,M19-292,Electrica,21,5,1,3.86,10.2,87.8,3.5
19,M19-293,Industrial,26,3,1,3.54,6.1,88.0,3.51
19,M19-294,Sistemas,25,3,0,3.69,10.7,95.1,4.3
19,M19-295,Industrial,21,2,0,2.88,7.9,80.7,3.55
19,M19-296,Electrica,28,5,1,4.07,1.6,86.2,4.02
19,M19-297,Electrica,29,3,0,3.19,7.9,84.3,3.81
19,M19-298,Sistemas,21,3,0,2.36,4.0,92.8,3.52
19,M19-299,Sistemas,22,3,1,3.21,10.4,83.8,3.2
19,M19-300,Sistemas,27,3,1,3.74,7.2,90.8,3.41
20,M20-001,Industrial,28,1,1,3.52,15.5,89.2,3.39
20,M20-002,Electrica,23,2,0,2.99,10.7,100.0,3.86
20,M20-003,Electrica,25,3,1,3.72,0.5,93.0,3.58
20,M20-004,Sistemas,21,3,1,4.24,17.9,81.7,3.92
20,M20-005,Electrica,21,3,0,3.08,6.6,87.4,3.11
20,M20-006,Civil,30,3,0,2.9,5.1,76.0,2.9
20,M20-007,Industrial,26,3,1,4.21,18.7,84.4,3.61
20,M20-008,Civil,29,3,1,4.36,19.0,79.7,4.19
20,M20-009,Electrica,27,5,1,4.4,4.3,83.6,3.95
20,M20-010,Sistemas,28,5,0,3.65,7.0,97.5,3.65
20,M20-011,Electrica,21,2,0,4.04,13.3,87.0,3.72
20,M20-012,Sistemas,29,4,1,2.96,7.8,83.2,3.23
20,M20-013,Sistemas,25,2,1,4.19,8.6,73.6,3.73
20,M20-014,Sistemas,21,2,1,3.67,4.2,82.8,3.13
20,M20-015,Sistemas,25,1,1,3.03,8.3,74.0,2.96
20,M20-016,Industrial,33,3,1,3.46,4.0,55.2,2.42
20,M20-017,Industrial,27,4,1,3.76,5.8,77.4,3.67
20,M20-018,Industrial,23,3,1,4.0,8.5,64.4,3.49
20,M20-019,Electrica,33,3,1,3.89,0.5,73.3,3.88
20,M20-020,Industrial,21,4,1,3.13,1.5,79.6,2.59
20,M20-021,Civil,27,4,0,2.87,3.5,80.8,2.74
20,M20-022,Sistemas,22,1,0,3.49,5.5,100.0,3.97
20,M20-023,Industrial,30,4,0,3.85,5.8,90.4,3.36
20,M20-024,Sistemas,27,3,0,3.2,10.5,93.3,3.49
20,M20-025,Sistemas,23,4,1,3.94,11.0,96.0,4.18
20,M20-026,Industrial,31,3,1,2.97,6.8,76.9,2.61
20,M20-027,Industrial,23,3,1,3.21,10.3,79.0,3.11
20,M20-028,Industrial,27,4,0,3.79,8.8,70.9,3.92
20,M20-029,Sistemas,27,4,1,2.97,4.1,74.9,3.51
20,M20-030,Electrica,21,5,0,3.73,9.5,91.2,4.51
20,M20-031,Electrica,34,2,0,3.74,12.7,79.4,3.56
20,M20-032,Electrica,32,3,1,3.85,1.9,94.7,3.47
20,M20-033,Electrica,22,3,0,3.55,1.7,82.0,3.7
20,M20-034,Industrial,21,3,1,3.67,10.1,80.4,3.09
20,M20-035,Sistemas,26,2,1,2.74,1.4,75.7,3.14
20,M20-036,Civil,30,2,1,4.51,9.5,69.4,3.91
20,M20-037,Electrica,26,4,1,3.76,2.9,84.9,3.08
20,M20-038,Industrial,22,6,1,3.79,5.8,98.4,3.78
20,M20-039,Sistemas,31,4,1,3.52,12.4,81.2,2.81
20,M20-040,Sistemas,23,4,1,3.82,0.5,74.7,2.33
20,M20-041,Civil,31,6,1,3.15,4.1,75.9,3.4
20,M20-042,Sistemas,22,3,1,4.21,0.5,100.0,3.99
20,M20-043,Electrica,30,1,0,3.7,10.0,82.7,4.03
20,M20-044,Industrial,24,2,0,4.12,9.9,87.9,3.75
20,M20-045,Civil,24,2,0,3.37,13.4,92.2,3.93
20,M20-046,Sistemas,25,3,1,3.83,1.3,79.4,3.21
20,M20-047,Industrial,30,2,0,4.19,11.1,82.7,3.48
20,M20-048,Sistemas,28,6,1,3.39,6.1,90.6,3.22
20,M20-049,Civil,26,1,1,3.27,4.5,76.7,3.01
20,M20-050,Sistemas,21,3,0,3.69,18.0,84.8,3.45
20,M20-051,Electrica,33,1,0,3.82,3.0,82.9,3.22
20,M20-052,Industrial,29,3,1,3.7,7.2,71.8,3.31
20,M20-053,Sistemas,23,2,1,3.82,1.5,86.3,3.12
20,M20-054,Industrial,25,4,1,3.0,9.4,76.3,3.05
20,M20-055,Sistemas,23,1,1,2.94,16.7,79.3,3.82
20,M20-056,Industrial,26,2,0,3.13,11.0,80.9,3.0
20,M20-057,Sistemas,34,2,0,3.62,12.5,81.7,4.17
20,M20-058,Civil,32,2,0,3.46,9.4,88.4,3.32
20,M20-059,Sistemas,26,3,1,4.26,11.8,80.6,4.88
20,M20-060,Sistemas,22,3,1,3.0,5.1,84.5,3.48
20,M20-061,Electrica,35,2,0,3.68,11.9,84.5,3.8
20,M20-062,Electrica,21,3,1,4.29,7.8,60.8,3.7
20,M20-063,Electrica,24,3,0,4.77,3.4,92.6,4.76
20,M20-064,Industrial,30,2,1,3.15,14.7,85.7,3.75
20,M20-065,Industrial,25,3,0,3.3,8.1,96.4,4.18
20,M20-066,Electrica,27,3,1,2.66,11.5,72.1,2.7
20,M20-067,Sistemas,30,3,1,2.94,2.3,76.7,2.93
20,M20-068,Sistemas,29,2,1,3.45,10.7,90.4,3.81
20,M20-069,Electrica,30,6,1,3.69,4.9,68.6,3.42
20,M20-070,Sistemas,23,4,1,3.58,0.6,63.9,3.64
20,M20-071,Electrica,28,2,1,3.5,0.7,73.2,3.23
20,M20-072,Sistemas,32,3,1,3.91,5.4,81.1,3.74
20,M20-073,Electrica,27,5,1,3.55,16.2,62.5,3.19
20,M20-074,Sistemas,27,3,0,2.89,4.8,70.3,2.76
20,M20-075,Electrica,30,1,0,3.27,15.0,93.4,3.67
20,M20-076,Industrial,31,3,0,3.78,6.6,87.5,3.64
20,M20-077,Industrial,27,4,1,3.5,10.3,74.5,3.59
20,M20-078,Industrial,30,1,1,2.39,9.6,77.9,2.7
20,M20-079,Electrica,34,4,1,2.96,0.5,79.2,2.44
20,M20-080,Sistemas,26,2,1,3.39,4.0,79.4,3.16
20,M20-081,Sistemas,35,1,1,3.18,2.7,90.7,2.58
20,M20-082,Sistemas,29,4,1,3.58,7.6,75.2,2.92
20,M20-083,Sistemas,36,3,0,2.74,11.4,96.4,2.95
20,M20-084,Sistemas,24,4,0,4.0,4.8,100.0,3.57
20,M20-085,Electrica,35,6,1,3.13,4.6,87.9,2.73
20,M20-086,Electrica,26,6,0,3.71,14.5,83.5,3.7
20,M20-087,Electrica,32,4,0,4.12,8.8,81.7,3.93
20,M20-088,Industrial,30,4,0,3.34,2.6,83.0,3.76
20,M20-089,Sistemas,22,3,1,3.07,7.2,80.8,2.5
20,M20-090,Sistemas,34,3,1,3.88,4.0,72.9,3.15
20,M20-091,Industrial,27,4,1,4.11,3.6,70.0,3.81
20,M20-092,Civil,26,3,1,3.44,4.4,74.8,2.71
20,M20-093,Sistemas,37,5,1,2.79,6.4,68.9,2.82
20,M20-094,Electrica,28,3,0,4.29,7.3,91.1,3.92
20,M20-095,Industrial,26,6,1,4.16,3.1,83.7,3.99
20,M20-096,Civil,23,2,0,3.71,20.2,95.3,4.44
20,M20-097,Sistemas,36,2,1,4.05,14.4,92.5,3.84
20,M20-098,Industrial,24,2,0,3.5,9.1,98.5,3.9
20,M20-099,Sistemas,28,3,1,2.6,13.0,76.0,2.89
20,M20-100,Electrica,25,5,1,4.16,2.1,83.5,3.43
20,M20-101,Civil,31,2,1,3.14,8.2,70.3,3.46
20,M20-102,Civil,28,4,1,3.76,0.5,100.0,3.76
20,M20-103,Electrica,25,1,1,4.14,9.9,70.8,4.09
20,M20-104,Industrial,21,3,1,3.13,7.9,65.7,2.62
20,M20-105,Sistemas,28,3,1,3.85,2.5,76.8,3.37
20,M20-106,Sistemas,24,4,1,4.07,0.9,84.5,3.92
20,M20-107,Industrial,36,5,1,3.72,2.7,93.7,3.62
20,M20-108,Civil,30,1,0,3.62,11.8,91.4,4.33
20,M20-109,Industrial,30,3,1,3.27,0.5,75.1,2.7
20,M20-110,Electrica,31,3,0,3.49,12.4,86.9,3.33
20,M20-111,Industrial,28,3,1,3.26,4.3,91.6,3.09
20,M20-112,Electrica,29,3,1,2.83,7.2,85.9,2.4
20,M20-113,Sistemas,28,2,0,4.1,16.2,92.7,4.45
20,M20-114,Sistemas,27,5,1,3.57,1.2,83.2,2.9
20,M20-115,Electrica,31,5,0,3.02,16.5,92.1,3.77
20,M20-116,Industrial,31,2,1,3.62,4.9,70.6,3.55
20,M20-117,Sistemas,28,5,1,3.58,0.5,84.8,3.55
20,M20-118,Civil,29,4,1,3.77,6.0,87.3,3.78
20,M20-119,Industrial,21,2,1,4.0,3.3,66.6,2.98
20,M20-120,Industrial,25,4,0,3.22,15.0,89.0,3.79
20,M20-121,Civil,23,2,0,3.42,13.6,80.7,3.44
20,M20-122,Industrial,29,4,0,3.11,4.5,99.2,3.67
20,M20-123,Sistemas,27,3,1,3.18,5.0,79.5,3.43
20,M20-124,Industrial,21,6,1,4.22,9.7,88.4,3.87
20,M20-125,Civil,21,5,0,3.77,17.8,83.1,3.73
20,M20-126,Sistemas,22,2,1,3.84,8.1,82.7,3.23
20,M20-127,Sistemas,29,3,1,4.75,6.3,90.7,4.71
20,M20-128,Sistemas,28,3,1,3.88,20.0,83.5,3.51
20,M20-129,Electrica,32,3,1,3.89,7.5,78.5,3.75
20,M20-130,Sistemas,34,2,1,4.4,0.5,84.8,4.05
20,M20-131,Electrica,21,2,0,3.46,15.1,80.4,3.59
20,M20-132,Electrica,21,3,0,3.18,6.2,90.3,3.43
20,M20-133,Civil,25,3,1,3.45,5.4,72.4,3.03
20,M20-134,Industrial,31,3,0,3.13,18.1,62.0,3.93
20,M20-135,Sistemas,24,5,0,2.71,9.8,81.2,3.45
20,M20-136,Industrial,22,4,0,2.97,10.3,78.6,2.7
20,M20-137,Civil,30,3,1,2.7,0.5,81.1,2.75
20,M20-138,Electrica,25,3,0,4.27,10.6,81.4,3.34
20,M20-139,Industrial,29,2,1,3.78,4.3,78.8,3.87
20,M20-140,Civil,27,3,1,3.84,13.5,74.5,3.35
20,M20-141,Sistemas,34,5,0,3.81,15.3,96.5,4.22
20,M20-142,Industrial,25,3,1,3.03,10.5,85.0,3.2
20,M20-143,Industrial,29,4,1,3.65,1.8,72.8,2.85
20,M20-144,Sistemas,30,5,1,3.66,0.5,81.7,2.73
20,M20-145,Sistemas,33,3,1,3.96,12.2,64.8,4.04
20,M20-146,Sistemas,25,3,0,3.09,21.2,94.2,3.21
20,M20-147,Civil,21,2,1,4.06,6.4,80.4,3.54
20,M20-148,Civil,22,4,1,4.06,18.9,79.8,3.22
20,M20-149,Sistemas,27,1,1,3.36,5.2,84.7,3.29
20,M20-150,Civil,24,4,1,3.6,9.4,83.8,3.61
20,M20-151,Civil,23,3,0,3.06,3.7,83.4,3.16
20,M20-152,Civil,28,3,0,4.02,8.4,79.1,3.7
20,M20-153,Electrica,30,3,1,4.3,4.8,73.3,3.68
20,M20-154,Industrial,28,6,1,3.8,0.8,95.8,3.45
20,M20-155,Industrial,29,6,1,4.08,14.2,80.2,3.81
20,M20-156,Civil,24,3,1,2.99,14.0,82.4,3.67
20,M20-157,Sistemas,23,1,1,3.93,12.9,81.5,3.76
20,M20-158,Electrica,28,2,1,2.55,4.3,76.1,2.86
20,M20-159,Industrial,29,3,1,2.78,6.7,100.0,3.26
20,M20-160,Industrial,31,5,1,3.74,5.0,100.0,3.39
20,M20-161,Sistemas,29,4,1,3.22,3.7,70.0,2.54
20,M20-162,Electrica,26,2,1,3.2,19.4,79.2,3.01
20,M20-163,Electrica,25,2,1,2.79,14.0,84.2,3.17
20,M20-164,Industrial,21,4,1,3.67,13.9,66.6,3.79
20,M20-165,Sistemas,29,4,1,4.25,7.9,76.9,3.37
20,M20-166,Sistemas,28,3,1,2.82,2.9,69.4,2.73
20,M20-167,Industrial,38,3,1,4.01,1.7,71.7,3.16
20,M20-168,Sistemas,27,4,0,3.82,9.6,98.0,3.76
20,M20-169,Sistemas,24,3,1,2.58,0.5,88.0,3.16
20,M20-170,Electrica,33,2,0,3.41,2.3,99.0,4.36
20,M20-171,Civil,29,3,0,3.35,14.1,83.9,3.48
20,M20-172,Electrica,21,4,1,3.34,11.8,81.2,2.98
20,M20-173,Industrial,23,4,1,2.65,9.4,73.9,2.63
20,M20-174,Sistemas,24,4,1,3.8,1.9,75.1,2.95
20,M20-175,Civil,21,3,1,3.03,5.5,80.7,3.23
20,M20-176,Civil,30,2,0,3.39,6.2,69.1,2.96
20,M20-177,Industrial,25,3,1,2.92,3.7,92.3,3.19
20,M20-178,Sistemas,23,4,0,2.94,7.8,83.2,3.3
20,M20-179,Industrial,23,2,1,3.17,3.1,77.3,3.36
20,M20-180,Electrica,30,3,1,3.49,1.4,60.4,2.63
20,M20-181,Sistemas,21,2,0,3.06,16.3,92.8,3.26
20,M20-182,Sistemas,24,1,1,4.71,1.4,81.1,3.96
20,M20-183,Electrica,21,4,0,4.11,12.3,79.1,3.87
20,M20-184,Industrial,21,1,1,4.13,11.7,95.2,3.66
20,M20-185,Industrial,29,3,1,4.26,6.7,82.9,3.94
20,M20-186,Civil,24,3,1,3.59,0.7,91.2,3.49
20,M20-187,Sistemas,22,4,0,3.56,8.0,81.0,3.84
20,M20-188,Sistemas,30,2,0,2.95,11.6,89.7,3.57
20,M20-189,Civil,30,4,0,3.39,11.9,81.1,3.12
20,M20-190,Civil,22,4,1,2.97,1.8,76.7,2.39
20,M20-191,Civil,32,3,0,4.01,3.3,100.0,3.64
20,M20-192,Industrial,21,3,1,2.38,5.8,63.6,2.19
20,M20-193,Industrial,26,6,0,3.28,7.9,80.0,3.25
20,M20-194,Electrica,24,4,0,3.48,6.9,79.7,3.29
20,M20-195,Civil,33,3,1,3.49,3.0,86.2,2.96
20,M20-196,Civil,28,1,0,3.89,6.0,66.5,3.96
20,M20-197,Electrica,33,3,1,4.45,6.4,79.1,3.74
20,M20-198,Sistemas,23,3,1,3.05,6.5,90.2,3.03
20,M20-199,Industrial,28,4,1,3.3,1.9,82.9,3.06
20,M20-200,Civil,24,2,0,3.13,6.7,76.3,3.0
20,M20-201,Sistemas,22,5,0,4.03,1.1,87.0,3.57
20,M20-202,Industrial,22,5,0,2.9,4.3,88.7,3.35
20,M20-203,Sistemas,21,4,0,3.42,3.1,92.7,3.12
20,M20-204,Industrial,21,3,1,3.58,3.0,81.5,3.23
20,M20-205,Sistemas,23,3,1,3.51,11.2,75.9,3.04
20,M20-206,Electrica,21,4,1,2.8,0.5,68.7,2.51
20,M20-207,Sistemas,23,2,1,3.0,0.5,66.9,3.29
20,M20-208,Sistemas,26,3,1,2.93,7.5,87.9,2.8
20,M20-209,Electrica,21,2,0,2.83,6.0,90.1,2.63
20,M20-210,Industrial,27,3,1,3.34,2.5,80.3,3.07
20,M20-211,Industrial,34,3,0,3.13,9.2,81.5,3.23
20,M20-212,Sistemas,26,1,1,3.75,7.5,71.1,3.5
20,M20-213,Sistemas,30,3,0,3.19,4.0,72.5,3.11
20,M20-214,Electrica,27,3,1,3.52,7.7,57.3,2.89
20,M20-215,Civil,27,4,1,4.11,8.6,81.3,3.34
20,M20-216,Electrica,30,2,1,2.81,8.6,81.0,3.09
20,M20-217,Sistemas,26,3,1,3.14,3.4,74.5,3.51
20,M20-218,Civil,30,4,1,3.13,0.5,92.8,3.33
20,M20-219,Industrial,29,4,1,3.84,0.5,91.7,3.74
20,M20-220,Electrica,21,2,1,4.53,7.8,96.1,3.84
20,M20-221,Civil,28,2,0,3.77,7.1,88.2,3.89
20,M20-222,Sistemas,37,5,0,3.23,5.6,88.3,3.38
20,M20-223,Civil,26,3,0,3.48,9.4,66.8,2.73
20,M20-224,Civil,23,3,1,3.4,6.0,74.1,2.47
20,M20-225,Sistemas,29,3,1,2.51,0.5,74.0,2.1
20,M20-226,Sistemas,28,2,1,3.07,5.8,91.3,3.19
20,M20-227,Civil,26,3,1,3.52,7.1,74.5,2.9
20,M20-228,Sistemas,24,3,1,3.79,2.3,90.8,3.56
20,M20-229,Industrial,26,5,1,4.37,2.2,78.7,3.75
20,M20-230,Electrica,37,4,1,3.04,4.8,82.3,3.33
20,M20-231,Industrial,24,2,1,3.28,15.2,89.8,3.52
20,M20-232,Industrial,35,3,1,3.25,6.6,86.0,3.4
20,M20-233,Sistemas,22,6,1,3.44,7.7,93.6,3.37
20,M20-234,Electrica,23,1,1,2.92,8.3,79.5,2.46
20,M20-235,Sistemas,27,5,0,3.33,11.6,79.8,3.46
20,M20-236,Industrial,32,3,1,3.02,4.9,67.2,2.86
20,M20-237,Civil,23,3,0,3.35,4.1,79.1,3.22
20,M20-238,Sistemas,27,4,1,3.4,9.2,80.4,3.07
20,M20-239,Sistemas,24,3,1,3.3,4.1,74.3,3.42
20,M20-240,Sistemas,26,3,0,3.53,11.2,94.0,3.8
20,M20-241,Electrica,22,3,0,3.43,12.5,82.2,3.77
20,M20-242,Electrica,25,3,1,3.26,9.1,86.2,3.5
20,M20-243,Sistemas,21,2,0,2.82,6.4,98.0,3.47
20,M20-244,Electrica,29,5,1,3.32,0.5,74.5,4.07
20,M20-245,Electrica,35,4,0,3.3,7.2,85.7,3.24
20,M20-246,Sistemas,23,5,1,4.18,8.3,76.6,3.11
20,M20-247,Industrial,30,6,1,4.09,11.1,74.4,3.79
20,M20-248,Industrial,26,1,1,3.01,4.1,83.9,2.38
20,M20-249,Electrica,27,2,1,3.1,10.8,90.2,3.65
20,M20-250,Electrica,29,4,1,3.58,2.2,81.4,3.02
20,M20-251,Electrica,31,5,1,3.14,4.8,76.1,2.34
20,M20-252,Industrial,26,2,1,3.77,7.3,74.8,3.41
20,M20-253,Industrial,22,5,1,4.29,2.8,87.8,4.11
20,M20-254,Electrica,31,4,0,3.7,15.5,72.0,4.22
20,M20-255,Sistemas,32,3,1,3.06,4.5,88.0,3.38
20,M20-256,Civil,24,2,1,3.02,0.5,85.8,2.85
20,M20-257,Sistemas,27,4,0,4.66,4.3,98.6,3.97
20,M20-258,Sistemas,26,5,0,3.01,4.5,81.1,2.83
20,M20-259,Electrica,30,3,0,4.07,5.1,90.9,3.8
20,M20-260,Industrial,24,3,0,2.77,9.8,83.4,3.62
20,M20-261,Sistemas,29,3,1,3.39,5.2,92.4,3.3
20,M20-262,Industrial,26,4,1,3.68,3.9,90.6,3.42
20,M20-263,Sistemas,23,2,1,4.18,7.4,80.9,3.47
20,M20-264,Electrica,31,2,0,4.36,9.0,66.2,4.08
20,M20-265,Sistemas,32,1,1,3.28,0.5,81.7,3.24
20,M20-266,Civil,21,4,1,2.11,3.8,75.0,2.9
20,M20-267,Sistemas,33,3,0,4.0,11.3,93.7,4.05
20,M20-268,Civil,33,1,0,3.53,7.2,75.7,2.94
20,M20-269,Industrial,31,4,1,4.39,3.0,67.6,3.25
20,M20-270,Civil,24,3,1,2.62,10.5,82.2,2.6
20,M20-271,Sistemas,30,3,1,3.91,7.4,67.8,3.34
20,M20-272,Sistemas,30,3,1,3.79,11.5,68.4,3.27
20,M20-273,Civil,29,6,1,4.18,12.9,75.2,3.84
20,M20-274,Industrial,25,3,1,3.38,5.7,75.9,3.1
20,M20-275,Sistemas,28,3,1,3.76,17.4,85.9,3.55
20,M20-276,Industrial,25,5,1,3.79,9.7,70.6,2.85
20,M20-277,Industrial,29,4,1,3.31,15.7,89.1,3.21
20,M20-278,Electrica,32,6,1,4.46,5.1,80.0,3.64
20,M20-279,Sistemas,35,6,1,3.19,9.2,78.9,3.06
20,M20-280,Industrial,31,3,1,3.09,6.3,64.9,2.63
20,M20-281,Industrial,31,1,1,3.15,0.5,79.6,3.21
20,M20-282,Electrica,23,1,0,2.89,6.1,92.7,3.23
20,M20-283,Electrica,37,3,0,3.89,7.4,79.0,3.0
20,M20-284,Electrica,25,2,1,4.61,4.5,72.6,3.82
20,M20-285,Sistemas,28,3,0,3.7,7.0,89.6,3.79
20,M20-286,Sistemas,34,3,1,3.24,24.9,68.4,3.07
20,M20-287,Industrial,37,5,0,3.49,7.1,76.3,3.25
20,M20-288,Sistemas,22,5,1,3.42,7.4,65.8,2.97
20,M20-289,Industrial,24,1,1,3.23,0.5,85.9,3.11
20,M20-290,Sistemas,30,3,1,3.66,1.7,79.9,3.57
20,M20-291,Industrial,21,3,1,3.59,9.9,62.9,3.18
20,M20-292,Civil,29,4,0,3.67,6.4,83.3,3.95
20,M20-293,Sistemas,33,6,0,4.23,4.6,89.9,4.75
20,M20-294,Sistemas,23,2,1,4.0,4.3,80.9,2.83
20,M20-295,Sistemas,32,4,1,3.41,21.1,89.8,3.33
20,M20-296,Civil,22,3,1,3.27,12.5,85.5,3.19
20,M20-297,Industrial,30,2,0,3.55,18.2,92.7,3.99
20,M20-298,Sistemas,24,3,1,3.36,8.5,94.1,3.34
20,M20-299,Electrica,32,5,1,3.96,9.0,68.4,2.74
20,M20-300,Civil,26,3,0,3.37,4.7,91.4,3.62
21,M21-001,Industrial,28,3,1,3.04,2.7,80.8,2.59
21,M21-002,Civil,21,1,0,3.07,7.9,91.4,3.84
21,M21-003,Sistemas,26,3,0,3.61,4.0,85.1,3.85
21,M21-004,Industrial,31,3,1,3.02,2.3,71.1,2.9
21,M21-005,Sistemas,25,4,1,3.93,2.3,69.2,3.74
21,M21-006,Sistemas,30,4,1,3.12,1.8,87.4,2.95
21,M21-007,Sistemas,26,1,0,4.08,10.6,80.2,4.21
21,M21-008,Sistemas,23,4,1,3.45,13.6,69.5,3.11
21,M21-009,Industrial,33,1,1,3.44,1.8,69.4,3.32
21,M21-010,Civil,29,4,1,4.16,8.3,74.6,4.13
21,M21-011,Industrial,37,6,0,3.54,13.9,91.6,3.85
21,M21-012,Industrial,34,3,1,3.86,3.3,87.3,2.83
21,M21-013,Sistemas,26,4,0,3.74,6.9,90.9,3.55
21,M21-014,Sistemas,32,4,1,3.67,11.9,67.1,3.38
21,M21-015,Sistemas,26,4,1,3.25,5.9,77.3,3.54
21,M21-016,Sistemas,24,4,1,4.65,8.8,74.0,3.84
21,M21-017,Industrial,35,3,1,3.45,8.9,78.1,3.14
21,M21-018,Sistemas,23,4,0,3.09,10.6,89.7,2.98
21,M21-019,Electrica,31,3,0,2.73,16.9,100.0,3.23
21,M21-020,Sistemas,32,3,0,3.61,7.2,80.1,3.46
21,M21-021,Sistemas,25,2,0,3.18,13.6,68.7,3.28
21,M21-022,Civil,34,3,0,4.6,5.2,87.5,3.99
21,M21-023,Sistemas,23,3,1,2.92,1.9,82.7,2.76
21,M21-024,Industrial,26,1,1,3.61,2.6,82.9,3.44
21,M21-025,Sistemas,32,3,1,3.3,5.9,83.5,3.02
21,M21-026,Sistemas,24,3,1,3.22,21.1,100.0,3.81
21,M21-027,Civil,24,4,1,3.7,10.1,79.5,3.41
21,M21-028,Industrial,37,3,1,3.15,1.7,64.8,3.23
21,M21-029,Industrial,27,4,1,3.91,8.2,62.6,3.31
21,M21-030,Electrica,27,3,1,3.26,1.9,78.1,2.94
21,M21-031,Electrica,21,4,1,3.48,0.5,67.6,3.08
21,M21-032,Industrial,24,5,0,3.64,5.9,96.6,3.36
21,M21-033,Industrial,21,3,0,3.37,11.0,91.5,3.29
21,M21-034,Industrial,29,1,1,3.44,5.1,49.9,2.88
21,M21-035,Electrica,26,1,0,3.22,0.5,82.8,3.21
21,M21-036,Industrial,32,3,1,3.25,8.6,80.4,2.67
21,M21-037,Sistemas,30,2,1,3.84,7.6,53.4,3.16
21,M21-038,Civil,25,3,0,3.64,4.4,75.0,3.44
21,M21-039,Industrial,42,5,0,3.84,4.0,86.3,3.95
21,M21-040,Electrica,25,4,0,4.13,7.9,84.1,4.02
21,M21-041,Industrial,21,3,0,3.18,10.8,75.0,3.13
21,M21-042,Industrial,23,4,1,3.37,10.5,71.9,3.86
21,M21-043,Sistemas,22,4,0,3.23,12.2,96.4,3.66
21,M21-044,Civil,30,4,1,3.91,3.8,100.0,2.87
21,M21-045,Civil,41,5,1,4.72,10.7,87.2,3.7
21,M21-046,Sistemas,25,4,0,2.64,6.8,84.3,2.82
21,M21-047,Sistemas,21,3,0,3.44,6.3,82.5,3.57
21,M21-048,Industrial,30,4,1,2.99,8.4,87.3,2.27
21,M21-049,Sistemas,21,4,1,4.17,14.2,78.1,4.09
21,M21-050,Sistemas,31,4,1,3.75,5.6,73.5,3.3
21,M21-051,Sistemas,23,2,1,3.58,8.0,80.6,3.17
21,M21-052,Electrica,23,1,1,3.59,4.7,61.2,3.19
21,M21-053,Electrica,22,4,0,3.79,7.0,76.3,4.01
21,M21-054,Sistemas,31,4,1,3.29,18.9,85.6,4.08
21,M21-055,Sistemas,36,4,0,3.56,7.9,77.0,3.48
21,M21-056,Sistemas,27,3,0,3.24,7.1,84.0,3.02
21,M21-057,Electrica,23,4,0,4.3,15.0,100.0,3.98
21,M21-058,Sistemas,34,6,1,3.95,2.7,83.4,3.61
21,M21-059,Electrica,25,4,0,2.5,7.1,96.9,3.12
21,M21-060,Sistemas,22,3,1,3.27,4.9,67.7,3.05
21,M21-061,Industrial,28,2,0,3.06,5.9,82.0,3.2
21,M21-062,Sistemas,23,4,0,3.33,8.3,97.8,3.08
21,M21-063,Industrial,23,4,1,3.7,5.8,59.9,3.33
21,M21-064,Civil,29,1,1,2.92,5.5,78.4,3.57
21,M21-065,Industrial,23,2,0,2.98,9.7,84.3,4.05
21,M21-066,Industrial,24,3,1,3.57,6.7,88.8,2.89
21,M21-067,Sistemas,30,3,1,3.37,4.8,92.1,3.49
21,M21-068,Industrial,27,3,0,3.55,13.5,78.5,3.28
21,M21-069,Electrica,24,3,1,3.15,11.6,84.6,3.22
21,M21-070,Sistemas,22,3,0,2.84,11.9,93.3,3.19
21,M21-071,Civil,23,4,0,3.79,10.3,87.7,4.11
21,M21-072,Sistemas,28,3,0,3.95,3.0,99.9,3.68
21,M21-073,Electrica,31,3,0,3.33,8.0,93.6,3.74
21,M21-074,Sistemas,32,5,1,3.71,0.5,83.3,2.89
21,M21-075,Electrica,24,3,1,3.87,0.6,76.7,3.37
21,M21-076,Industrial,30,2,0,3.33,11.5,81.8,3.4
21,M21-077,Industrial,28,4,0,2.6,6.4,92.8,3.33
21,M21-078,Electrica,29,3,1,3.58,0.5,89.9,3.5
21,M21-079,Industrial,21,5,1,3.96,7.8,82.3,3.96
21,M21-080,Industrial,25,4,1,4.2,12.3,84.3,3.53
21,M21-081,Sistemas,26,1,1,3.22,9.7,78.4,3.88
21,M21-082,Electrica,25,3,1,3.31,1.6,67.5,3.23
21,M21-083,Sistemas,23,2,1,3.66,8.0,75.5,3.74
21,M21-084,Sistemas,36,4,1,4.19,14.7,90.0,3.47
21,M21-085,Industrial,30,3,1,3.65,3.3,88.7,3.75
21,M21-086,Industrial,24,3,1,3.21,7.6,74.1,3.45
21,M21-087,Civil,21,3,1,3.46,5.5,69.9,3.1
21,M21-088,Industrial,32,5,1,3.81,12.7,88.4,2.99
21,M21-089,Electrica,21,2,1,2.99,3.8,89.3,2.96
21,M21-090,Electrica,21,4,0,2.72,9.1,92.2,2.45
21,M21-091,Industrial,25,2,1,3.72,8.3,78.2,3.57
21,M21-092,Civil,31,5,1,3.42,3.2,78.5,3.24
21,M21-093,Sistemas,25,3,1,3.94,0.5,76.3,3.37
21,M21-094,Sistemas,36,2,0,3.9,7.8,68.2,3.82
21,M21-095,Civil,29,2,1,4.04,10.8,81.5,3.93
21,M21-096,Industrial,25,4,1,4.44,6.4,79.9,3.42
21,M21-097,Civil,25,3,1,3.19,5.1,88.3,3.25
21,M21-098,Civil,21,4,1,3.45,4.3,65.8,3.51
21,M21-099,Civil,31,2,1,3.96,17.7,87.5,3.75
21,M21-100,Civil,23,3,0,3.74,7.2,85.0,3.87
21,M21-101,Industrial,33,5,1,3.39,3.2,52.4,2.77
21,M21-102,Electrica,32,2,1,4.13,0.5,72.7,3.57
21,M21-103,Sistemas,29,5,1,3.02,15.3,87.3,3.21
21,M21-104,Electrica,21,2,0,3.98,5.3,74.9,3.46
21,M21-105,Sistemas,31,5,0,3.82,2.0,87.1,4.26
21,M21-106,Civil,25,2,1,3.46,15.0,79.3,3.47
21,M21-107,Civil,33,4,1,3.22,9.0,80.5,2.98
21,M21-108,Electrica,27,6,1,3.06,7.8,72.8,2.81
21,M21-109,Sistemas,31,3,1,3.93,10.6,65.9,3.29
21,M21-110,Sistemas,26,3,0,3.37,12.5,93.7,3.92
21,M21-111,Civil,28,4,0,2.84,16.0,77.6,3.06
21,M21-112,Sistemas,25,3,1,3.36,2.8,74.3,2.97
21,M21-113,Sistemas,26,4,0,3.78,16.4,95.9,4.84
21,M21-114,Civil,32,3,0,3.52,18.7,85.2,3.9
21,M21-115,Sistemas,24,1,0,3.53,8.2,82.6,3.24
21,M21-116,Civil,23,2,0,2.96,3.9,77.2,3.2
21,M21-117,Sistemas,34,3,1,2.01,17.4,80.4,2.27
21,M21-118,Sistemas,30,2,1,3.33,5.7,65.9,3.3
21,M21-119,Sistemas,26,1,1,3.57,6.7,89.9,3.08
21,M21-120,Electrica,26,3,0,3.78,5.5,92.7,3.59
21,M21-121,Industrial,30,4,1,2.8,8.3,83.2,2.56
21,M21-122,Industrial,25,4,1,3.33,10.0,72.2,3.1
21,M21-123,Electrica,31,3,0,3.29,5.8,77.7,3.13
21,M21-124,Sistemas,36,3,0,3.56,7.3,70.2,2.73
21,M21-125,Industrial,21,4,0,3.72,8.1,78.4,3.71
21,M21-126,Electrica,26,2,1,2.89,5.9,85.6,2.76
21,M21-127,Sistemas,21,6,1,4.45,7.7,74.6,4.03
21,M21-128,Electrica,36,3,0,2.72,11.7,92.2,3.7
21,M21-129,Sistemas,30,3,0,3.93,10.7,97.4,3.94
21,M21-130,Sistemas,21,4,1,3.18,7.5,77.8,2.78
21,M21-131,Sistemas,23,3,1,3.9,7.8,87.0,3.49
21,M21-132,Sistemas,24,3,1,3.64,2.4,87.5,3.27
21,M21-133,Industrial,23,4,1,3.64,5.5,78.9,3.4
21,M21-134,Sistemas,22,3,1,3.52,19.0,72.4,3.5
21,M21-135,Sistemas,21,2,1,3.62,2.8,84.5,3.26
21,M21-136,Sistemas,23,6,0,3.74,13.3,77.9,4.38
21,M21-137,Sistemas,31,1,0,2.56,6.8,96.4,2.99
21,M21-138,Industrial,21,4,0,3.71,10.7,90.6,3.76
21,M21-139,Sistemas,38,6,1,3.01,7.4,85.3,2.52
21,M21-140,Sistemas,26,2,1,3.89,10.5,79.0,3.88
21,M21-141,Civil,32,3,0,3.78,11.1,99.0,3.82
21,M21-142,Sistemas,29,1,0,2.79,10.9,81.9,3.23
21,M21-143,Sistemas,23,4,1,3.29,6.7,58.7,3.1
21,M21-144,Sistemas,22,3,0,3.73,11.7,83.5,3.47
21,M21-145,Sistemas,26,4,1,3.44,1.7,74.8,2.33
21,M21-146,Sistemas,22,2,1,3.23,0.5,87.0,3.55
21,M21-147,Sistemas,29,2,1,2.91,0.5,85.0,3.23
21,M21-148,Sistemas,33,4,1,4.2,2.4,79.9,3.25
21,M21-149,Industrial,28,2,1,3.4,3.4,90.9,3.32
21,M21-150,Civil,21,3,0,2.42,16.9,69.4,3.09
21,M21-151,Industrial,31,6,1,3.59,6.3,81.7,3.69
21,M21-152,Civil,29,5,0,3.84,6.8,91.7,4.08
21,M21-153,Sistemas,21,2,1,3.3,1.3,63.9,2.85
21,M21-154,Civil,26,3,1,4.16,2.3,79.1,3.63
21,M21-155,Sistemas,27,3,1,3.22,13.1,73.9,3.34
21,M21-156,Electrica,34,1,0,3.35,12.9,76.3,3.69
21,M21-157,Civil,25,2,1,3.81,7.0,80.7,3.88
21,M21-158,Industrial,37,4,1,3.54,0.5,88.7,3.45
21,M21-159,Sistemas,23,4,1,3.52,5.7,73.0,2.97
21,M21-160,Sistemas,36,2,1,3.86,4.6,89.7,3.82
21,M21-161,Sistemas,28,2,1,3.92,19.6,82.5,4.47
21,M21-162,Sistemas,28,3,0,3.39,7.7,80.7,3.76
21,M21-163,Sistemas,32,2,0,3.74,16.3,87.5,4.31
21,M21-164,Sistemas,24,3,0,3.28,3.6,84.1,3.1
21,M21-165,Electrica,30,4,0,2.44,7.4,72.1,2.6
21,M21-166,Industrial,26,3,1,3.94,5.8,76.7,3.3
21,M21-167,Industrial,30,4,0,3.81,7.3,76.8,3.2
21,M21-168,Sistemas,23,2,0,2.96,10.4,83.7,3.22
21,M21-169,Electrica,26,6,1,3.61,17.3,75.5,3.56
21,M21-170,Civil,34,3,1,3.84,5.7,74.7,3.53
21,M21-171,Sistemas,21,4,1,3.97,13.7,89.3,4.13
21,M21-172,Civil,31,2,0,3.66,6.9,97.4,3.42
21,M21-173,Industrial,24,2,0,4.09,3.9,96.2,3.97
21,M21-174,Sistemas,37,1,1,3.81,2.7,86.6,3.19
21,M21-175,Civil,27,1,1,3.76,2.3,86.4,4.08
21,M21-176,Sistemas,32,3,1,3.56,17.0,92.0,3.12
21,M21-177,Industrial,28,4,1,3.44,9.4,96.0,3.25
21,M21-178,Sistemas,30,1,1,3.12,12.8,64.3,3.51
21,M21-179,Sistemas,29,3,1,3.5,9.3,85.8,3.78
21,M21-180,Sistemas,21,2,1,4.11,7.7,65.6,3.45
21,M21-181,Sistemas,27,4,1,2.43,9.3,68.3,2.86
21,M21-182,Sistemas,27,6,0,4.12,4.9,97.9,4.16
21,M21-183,Sistemas,30,5,0,3.09,8.0,97.6,3.98
21,M21-184,Electrica,31,3,1,4.2,9.0,72.8,3.47
21,M21-185,Civil,31,4,0,3.09,7.9,90.0,3.52
21,M21-186,Industrial,22,4,1,3.51,3.1,71.2,3.06
21,M21-187,Electrica,22,3,1,3.28,2.2,78.5,3.22
21,M21-188,Sistemas,25,3,1,3.56,8.2,74.0,3.24
21,M21-189,Sistemas,25,5,1,3.88,1.6,73.9,3.38
21,M21-190,Electrica,27,3,0,2.77,2.7,84.8,3.34
21,M21-191,Industrial,28,4,1,3.5,0.8,85.1,3.53
21,M21-192,Industrial,25,3,1,3.66,2.6,80.5,2.96
21,M21-193,Civil,25,6,1,3.55,2.5,86.2,3.75
21,M21-194,Industrial,26,2,1,4.02,4.8,86.9,3.69
21,M21-195,Industrial,32,3,0,4.55,11.8,68.5,4.23
21,M21-196,Industrial,27,1,1,3.58,3.4,77.7,3.02
21,M21-197,Sistemas,32,2,1,3.54,6.2,96.8,3.11
21,M21-198,Sistemas,35,2,1,3.89,6.8,75.1,3.35
21,M21-199,Industrial,28,3,1,2.95,5.4,73.1,2.4
21,M21-200,Electrica,29,1,1,4.45,17.6,85.9,3.15
21,M21-201,Sistemas,21,5,1,3.55,2.9,100.0,3.08
21,M21-202,Civil,24,3,0,2.39,13.4,84.0,3.08
21,M21-203,Sistemas,24,1,1,3.17,5.4,66.5,3.15
21,M21-204,Sistemas,31,5,0,3.69,4.8,83.0,3.44
21,M21-205,Sistemas,29,4,1,4.17,6.2,83.1,3.45
21,M21-206,Civil,29,6,0,3.21,14.5,96.1,2.74
21,M21-207,Industrial,27,4,1,3.58,4.5,93.0,3.69
21,M21-208,Sistemas,28,6,0,3.79,12.1,69.9,3.88
21,M21-209,Civil,26,3,1,2.77,6.9,74.9,2.81
21,M21-210,Electrica,33,2,1,3.57,5.6,83.3,3.03
21,M21-211,Electrica,23,5,0,3.76,7.4,86.9,3.96
21,M21-212,Electrica,29,3,0,3.14,20.4,76.2,3.95
21,M21-213,Industrial,25,4,1,3.55,10.0,86.9,3.13
21,M21-214,Civil,25,2,1,3.8,9.6,74.8,3.23
21,M21-215,Sistemas,26,3,1,4.32,0.5,86.6,3.96
21,M21-216,Electrica,24,3,1,2.92,11.3,72.6,2.55
21,M21-217,Sistemas,33,3,0,2.6,6.8,94.8,3.13
21,M21-218,Sistemas,24,4,1,3.27,24.0,92.4,4.11
21,M21-219,Electrica,30,3,0,4.25,8.8,93.5,4.22
21,M21-220,Electrica,27,3,1,3.95,2.5,90.3,3.2
21,M21-221,Industrial,27,4,0,3.64,10.1,79.2,3.7
21,M21-222,Electrica,30,5,1,4.17,8.1,83.8,3.45
21,M21-223,Sistemas,25,4,0,2.35,6.1,94.9,2.73
21,M21-224,Sistemas,27,3,1,3.82,7.8,77.8,3.32
21,M21-225,Sistemas,26,2,1,3.0,12.9,91.5,3.4
21,M21-226,Industrial,21,5,1,3.77,4.4,84.0,3.69
21,M21-227,Electrica,21,1,1,4.53,11.2,70.8,4.7
21,M21-228,Industrial,22,2,0,4.34,4.7,85.4,4.13
21,M21-229,Industrial,27,3,1,3.05,1.2,80.4,2.72
21,M21-230,Electrica,33,1,1,3.44,10.3,72.0,2.99
21,M21-231,Civil,33,4,0,3.54,4.8,87.1,3.66
21,M21-232,Industrial,34,6,1,2.4,8.8,91.9,2.51
21,M21-233,Sistemas,29,2,1,3.77,9.7,75.6,3.83
21,M21-234,Industrial,26,2,0,3.62,16.2,77.0,3.39
21,M21-235,Civil,32,2,1,3.73,12.5,100.0,3.54
21,M21-236,Industrial,21,3,0,3.65,8.5,98.6,4.23
21,M21-237,Electrica,29,4,0,3.44,8.7,83.2,3.41
21,M21-238,Electrica,30,3,0,3.4,2.9,85.3,3.87
21,M21-239,Sistemas,21,5,1,3.73,3.9,77.0,2.82
21,M21-240,Sistemas,21,6,0,2.36,4.5,88.3,2.61
21,M21-241,Sistemas,31,4,0,3.22,7.8,84.7,3.35
21,M21-242,Sistemas,22,5,0,3.66,12.0,81.2,4.05
21,M21-243,Electrica,23,5,1,3.51,16.9,77.1,3.09
21,M21-244,Industrial,21,2,0,3.31,11.2,90.8,3.35
21,M21-245,Electrica,34,1,1,3.88,4.8,83.8,3.3
21,M21-246,Electrica,30,3,1,3.18,9.8,84.5,2.92
21,M21-247,Electrica,31,2,1,3.95,2.1,92.4,3.41
21,M21-248,Industrial,23,5,0,3.32,15.4,79.3,3.49
21,M21-249,Sistemas,24,2,1,3.22,5.9,87.7,3.66
21,M21-250,Sistemas,27,2,0,3.42,4.7,84.2,3.42
21,M21-251,Electrica,38,4,1,3.28,8.2,73.9,3.12
21,M21-252,Sistemas,21,3,0,3.64,8.7,91.6,4.11
21,M21-253,Electrica,27,5,1,2.44,3.3,78.7,2.6
21,M21-254,Sistemas,29,4,1,4.37,6.2,73.0,3.65
21,M21-255,Sistemas,31,4,0,3.33,6.5,90.0,3.34
21,M21-256,Civil,26,4,1,4.04,9.6,100.0,4.2
21,M21-257,Sistemas,39,4,0,3.55,6.4,90.7,3.47
21,M21-258,Electrica,32,3,1,3.31,9.4,74.5,3.69
21,M21-259,Civil,21,3,1,3.97,7.8,84.5,3.09
21,M21-260,Industrial,22,3,1,3.91,3.4,76.7,2.99
21,M21-261,Industrial,31,2,0,3.48,12.5,63.3,3.64
21,M21-262,Sistemas,21,2,1,3.48,12.0,80.5,3.07
21,M21-263,Civil,27,3,1,3.19,3.8,81.7,2.93
21,M21-264,Sistemas,22,3,0,2.85,5.3,83.3,3.49
21,M21-265,Electrica,36,2,0,3.35,6.1,92.4,3.75
21,M21-266,Industrial,21,3,0,4.06,22.8,96.7,4.12
21,M21-267,Industrial,27,2,0,2.49,4.1,79.9,3.26
21,M21-268,Civil,22,1,1,3.01,1.0,75.1,2.84
21,M21-269,Sistemas,28,5,1,3.76,5.1,83.9,3.69
21,M21-270,Sistemas,24,4,1,3.06,9.2,85.3,3.02
21,M21-271,Electrica,28,2,1,3.47,7.7,70.9,2.99
21,M21-272,Industrial,27,2,1,3.32,0.5,78.6,2.39
21,M21-273,Electrica,29,2,0,3.57,9.3,88.5,3.31
21,M21-274,Electrica,25,4,0,3.14,9.7,87.9,3.32
21,M21-275,Sistemas,24,5,1,4.04,8.6,79.3,4.05
21,M21-276,Sistemas,25,1,0,4.21,5.7,68.5,3.18
21,M21-277,Industrial,36,6,1,2.37,11.8,70.4,2.35
21,M21-278,Sistemas,33,2,1,3.32,2.9,63.3,2.32
21,M21-279,Industrial,26,3,1,3.78,5.6,91.7,3.61
21,M21-280,Industrial,21,4,1,3.26,7.2,90.7,3.63
21,M21-281,Sistemas,27,3,1,3.09,6.8,64.8,2.78
21,M21-282,Industrial,21,4,0,2.96,9.8,81.4,3.53
21,M21-283,Electrica,25,3,1,2.82,5.0,92.4,2.67
21,M21-284,Industrial,23,3,1,3.55,7.8,77.7,3.03
21,M21-285,Sistemas,29,2,1,3.09,14.8,88.5,3.1
21,M21-286,Electrica,22,3,0,3.32,7.6,74.2,3.51
21,M21-287,Industrial,25,2,0,3.59,4.1,92.5,3.97
21,M21-288,Sistemas,26,1,1,2.92,2.1,81.9,2.8
21,M21-289,Sistemas,21,4,0,3.06,4.4,73.9,3.57
21,M21-290,Sistemas,23,3,1,3.16,17.4,82.2,2.92
21,M21-291,Sistemas,31,4,1,3.69,3.2,82.3,3.68
21,M21-292,Electrica,24,4,1,2.93,0.7,91.4,2.54
21,M21-293,Industrial,27,3,1,3.28,4.7,84.9,2.87
21,M21-294,Sistemas,26,3,1,3.44,10.2,80.6,3.03
21,M21-295,Sistemas,27,3,1,3.78,5.1,72.6,3.79
21,M21-296,Industrial,34,2,1,3.18,2.6,85.0,2.41
21,M21-297,Sistemas,26,1,1,3.74,5.4,81.5,3.83
21,M21-298,Sistemas,26,5,0,3.32,2.6,96.4,3.37
21,M21-299,Industrial,30,2,1,3.6,13.1,86.9,3.78
21,M21-300,Civil,33,4,1,3.9,2.1,84.5,2.5
22,M22-001,Civil,24,2,1,3.13,8.9,92.8,3.19
22,M22-002,Industrial,23,4,0,3.85,16.8,84.8,3.74
22,M22-003,Sistemas,29,4,1,3.94,3.5,84.7,3.35
22,M22-004,Sistemas,36,2,0,3.08,5.7,76.3,3.2
22,M22-005,Civil,28,2,0,3.2,10.8,93.1,4.03
22,M22-006,Sistemas,24,3,0,2.89,11.6,99.9,2.68
22,M22-007,Civil,33,4,1,2.78,8.8,90.7,2.65
22,M22-008,Industrial,29,1,1,3.45,4.4,73.0,3.12
22,M22-009,Sistemas,21,3,1,4.2,2.2,90.4,4.08
22,M22-010,Sistemas,26,2,1,2.79,6.2,85.8,3.08
22,M22-011,Industrial,26,3,1,3.56,21.9,91.5,3.09
22,M22-012,Industrial,23,4,0,4.02,5.8,100.0,4.39
22,M22-013,Electrica,27,5,1,3.24,7.3,79.5,2.59
22,M22-014,Sistemas,27,5,1,3.59,2.3,76.5,2.98
22,M22-015,Civil,36,2,0,4.0,6.4,91.3,3.69
22,M22-016,Industrial,25,3,1,3.12,6.7,78.7,2.87
22,M22-017,Industrial,22,3,1,3.3,3.2,96.6,2.95
22,M22-018,Electrica,29,2,0,3.37,7.9,81.9,3.56
22,M22-019,Electrica,21,1,1,3.55,6.8,97.4,3.88
22,M22-020,Industrial,25,2,0,3.28,23.9,74.8,3.64
22,M22-021,Industrial,33,3,0,2.64,9.0,84.2,2.5
22,M22-022,Electrica,33,1,1,2.97,7.1,83.4,3.9
22,M22-023,Electrica,31,2,0,3.89,9.6,84.2,4.09
22,M22-024,Sistemas,33,3,1,2.72,8.2,65.2,2.81
22,M22-025,Civil,26,2,0,3.36,9.5,83.7,3.09
22,M22-026,Sistemas,31,2,0,3.49,6.9,84.4,3.53
22,M22-027,Industrial,31,3,1,2.64,15.9,61.9,3.45
22,M22-028,Sistemas,26,4,1,3.61,10.6,75.5,3.53
22,M22-029,Electrica,24,3,1,3.25,0.8,90.8,3.2
22,M22-030,Sistemas,33,2,1,4.02,14.5,82.8,3.82
22,M22-031,Civil,28,5,1,3.19,4.5,81.4,3.18
22,M22-032,Sistemas,35,6,1,3.41,11.0,74.2,3.17
22,M22-033,Industrial,27,6,1,3.71,5.8,90.1,3.49
22,M22-034,Industrial,30,4,1,3.25,14.1,72.5,3.21
22,M22-035,Civil,27,3,0,3.57,16.0,89.4,3.85
22,M22-036,Industrial,26,4,1,3.4,7.8,81.4,2.89
22,M22-037,Sistemas,21,2,0,3.31,7.7,79.8,4.09
22,M22-038,Industrial,26,4,1,3.52,6.1,66.0,3.35
22,M22-039,Electrica,26,3,1,4.35,3.8,80.9,3.86
22,M22-040,Electrica,25,3,1,3.54,5.7,82.3,3.29
22,M22-041,Sistemas,25,3,1,3.34,9.0,63.1,2.98
22,M22-042,Civil,33,3,0,3.52,3.2,93.8,3.93
22,M22-043,Sistemas,27,1,1,4.23,13.6,90.5,4.24
22,M22-044,Electrica,25,4,1,3.41,5.9,79.8,3.44
22,M22-045,Sistemas,22,3,0,4.29,7.0,85.0,4.25
22,M22-046,Sistemas,26,3,0,3.38,9.8,75.5,2.91
22,M22-047,Civil,29,3,1,3.09,3.3,73.4,3.18
22,M22-048,Sistemas,33,4,0,3.59,14.8,81.6,3.52
22,M22-049,Sistemas,31,2,1,3.97,6.1,70.0,2.6
22,M22-050,Sistemas,28,2,1,3.08,1.9,63.1,2.41
22,M22-051,Industrial,23,3,0,3.58,13.7,100.0,4.18
22,M22-052,Electrica,24,3,0,3.45,5.7,79.7,4.41
22,M22-053,Electrica,32,2,1,3.8,4.0,95.7,3.84
22,M22-054,Industrial,26,3,1,2.95,11.9,86.7,2.29
22,M22-055,Industrial,29,1,1,2.97,3.6,83.9,2.78
22,M22-056,Civil,27,3,1,2.6,4.8,99.3,2.88
22,M22-057,Sistemas,29,5,0,3.76,5.4,85.1,3.94
22,M22-058,Industrial,26,1,0,3.11,6.4,84.8,2.95
22,M22-059,Civil,30,4,1,3.23,0.5,78.0,3.1
22,M22-060,Sistemas,28,3,1,3.68,2.8,76.8,3.05
22,M22-061,Electrica,28,2,1,3.04,7.9,89.7,2.81
22,M22-062,Electrica,27,1,1,3.85,1.9,56.5,3.91
22,M22-063,Industrial,27,3,1,4.49,0.9,85.0,4.14
22,M22-064,Industrial,36,3,1,3.74,18.0,81.0,3.59
22,M22-065,Electrica,32,5,0,3.95,7.0,70.2,2.92
22,M22-066,Sistemas,22,6,0,2.6,5.1,98.1,2.85
22,M22-067,Electrica,24,2,1,3.05,5.5,81.6,2.85
22,M22-068,Civil,32,5,1,4.08,3.5,76.4,3.6
22,M22-069,Civil,24,3,0,2.87,9.4,100.0,3.21
22,M22-070,Sistemas,26,3,1,3.3,4.9,66.3,3.08
22,M22-071,Industrial,33,6,1,3.48,3.3,83.6,3.37
22,M22-072,Electrica,30,3,1,3.31,5.5,85.2,3.31
22,M22-073,Industrial,23,4,0,2.94,8.8,82.8,2.88
22,M22-074,Sistemas,27,4,1,4.71,2.9,82.6,4.2
22,M22-075,Civil,25,3,1,3.31,6.6,76.6,2.99
22,M22-076,Civil,29,4,1,2.82,1.9,58.1,3.13
22,M22-077,Industrial,22,5,1,3.47,17.7,69.9,3.76
22,M22-078,Industrial,29,5,1,2.89,6.6,82.8,2.66
22,M22-079,Electrica,22,2,1,3.36,11.6,75.2,3.31
22,M22-080,Electrica,29,2,0,3.81,23.0,89.5,4.14
22,M22-081,Civil,29,4,0,2.27,3.5,85.0,3.24
22,M22-082,Sistemas,26,4,1,3.81,5.2,79.0,3.75
22,M22-083,Industrial,31,6,1,3.9,15.5,90.5,3.43
22,M22-084,Electrica,31,4,1,2.73,11.5,71.3,3.51
22,M22-085,Civil,28,2,1,4.28,6.8,77.3,4.05
22,M22-086,Industrial,30,1,1,3.43,1.2,82.6,2.85
22,M22-087,Electrica,24,3,0,3.31,7.7,84.7,2.79
22,M22-088,Sistemas,28,3,0,3.54,9.0,91.4,4.64
22,M22-089,Civil,32,1,0,3.56,14.7,79.4,3.04
22,M22-090,Industrial,22,4,1,3.8,9.5,87.4,3.5
22,M22-091,Industrial,24,3,1,3.56,9.5,67.5,2.39
22,M22-092,Industrial,34,6,0,3.71,8.2,88.8,3.44
22,M22-093,Electrica,30,2,1,3.22,7.3,71.8,3.02
22,M22-094,Industrial,24,3,0,3.14,9.9,77.0,3.72
22,M22-095,Electrica,27,4,1,3.65,10.4,69.1,3.31
22,M22-096,Electrica,33,3,0,4.25,9.5,88.2,3.83
22,M22-097,Industrial,26,3,0,4.2,19.1,82.7,4.21
22,M22-098,Industrial,34,1,1,4.12,5.7,83.9,3.62
22,M22-099,Industrial,25,3,0,3.39,6.3,81.9,3.27
22,M22-100,Electrica,21,2,1,4.07,7.1,74.6,3.63
22,M22-101,Civil,32,5,0,4.14,12.4,90.7,3.51
22,M22-102,Sistemas,25,1,0,3.37,6.5,75.2,3.29
22,M22-103,Sistemas,30,3,1,4.44,9.7,76.7,4.29
22,M22-104,Industrial,23,3,1,2.8,10.4,99.5,3.29
22,M22-105,Industrial,26,3,1,3.11,4.6,67.4,2.91
22,M22-106,Electrica,32,1,1,3.69,4.5,75.6,3.35
22,M22-107,Civil,27,4,1,3.65,9.4,82.1,3.61
22,M22-108,Industrial,35,3,1,3.14,5.1,76.4,2.9
22,M22-109,Sistemas,21,2,0,4.53,13.4,82.5,4.7
22,M22-110,Civil,24,2,1,3.62,8.9,92.7,3.3
22,M22-111,Industrial,29,3,0,3.19,12.2,78.7,3.55
22,M22-112,Electrica,21,3,1,3.04,0.5,77.5,2.33
22,M22-113,Sistemas,25,2,0,2.37,13.6,89.6,2.94
22,M22-114,Industrial,25,2,1,3.94,15.8,82.4,3.93
22,M22-115,Electrica,23,5,0,3.11,5.7,71.9,2.79
22,M22-116,Sistemas,31,2,0,3.92,4.5,68.8,4.12
22,M22-117,Sistemas,40,2,1,3.14,16.7,83.6,3.13
22,M22-118,Civil,22,2,0,2.86,8.1,88.8,3.2
22,M22-119,Sistemas,27,3,1,3.84,9.4,76.8,4.05
22,M22-120,Sistemas,25,5,1,4.31,0.5,82.8,3.38
22,M22-121,Industrial,26,3,0,3.57,8.1,88.3,3.31
22,M22-122,Industrial,22,2,0,3.64,9.1,86.5,3.82
22,M22-123,Electrica,29,2,1,3.87,2.5,53.5,3.54
22,M22-124,Civil,30,2,1,4.12,2.8,81.7,4.04
22,M22-125,Sistemas,28,1,0,3.71,9.5,83.9,4.25
22,M22-126,Electrica,23,4,1,3.35,0.6,71.0,2.81
22,M22-127,Industrial,21,4,0,2.98,10.6,95.6,2.73
22,M22-128,Civil,26,4,1,3.78,3.2,93.3,3.47
22,M22-129,Civil,27,5,0,2.7,7.3,94.2,2.92
22,M22-130,Sistemas,26,5,1,3.46,2.2,82.7,2.89
22,M22-131,Sistemas,29,2,1,3.8,19.6,79.7,3.99
22,M22-132,Electrica,27,4,1,2.89,5.9,85.6,2.86
22,M22-133,Electrica,23,2,1,3.47,4.5,79.6,3.63
22,M22-134,Electrica,30,3,1,3.23,9.2,95.6,4.33
22,M22-135,Sistemas,30,2,0,3.19,16.9,100.0,3.28
22,M22-136,Electrica,27,3,1,2.67,12.0,69.6,3.08
22,M22-137,Sistemas,24,3,0,3.06,9.0,79.2,2.93
22,M22-138,Sistemas,21,2,1,3.46,8.9,82.8,3.35
22,M22-139,Electrica,24,4,1,3.65,15.2,91.1,3.72
22,M22-140,Sistemas,28,4,1,3.03,6.2,80.4,2.54
22,M22-141,Industrial,24,4,0,3.41,10.8,60.6,3.79
22,M22-142,Electrica,30,1,1,3.29,6.4,76.6,2.69
22,M22-143,Civil,30,4,1,2.92,0.5,72.6,2.62
22,M22-144,Sistemas,29,3,1,3.86,9.7,93.8,3.19
22,M22-145,Sistemas,26,4,1,3.05,1.7,70.6,3.59
22,M22-146,Sistemas,34,3,1,2.9,7.4,53.4,2.6
22,M22-147,Electrica,21,3,1,3.07,2.9,78.9,2.97
22,M22-148,Industrial,27,2,1,2.57,4.4,86.0,2.7
22,M22-149,Electrica,24,2,1,3.08,3.8,86.2,3.3
22,M22-150,Electrica,30,2,1,3.45,3.2,68.6,2.66
22,M22-151,Sistemas,39,3,1,3.38,10.1,76.8,3.06
22,M22-152,Sistemas,30,5,0,3.83,10.4,90.5,4.37
22,M22-153,Electrica,29,1,0,4.47,2.4,81.8,3.31
22,M22-154,Sistemas,26,6,1,3.71,11.6,76.1,3.15
22,M22-155,Sistemas,25,4,0,2.99,7.1,100.0,3.15
22,M22-156,Sistemas,30,4,1,2.98,10.1,80.9,3.29
22,M22-157,Electrica,28,3,1,2.93,6.6,77.1,3.08
22,M22-158,Electrica,30,4,1,3.82,3.5,76.2,3.35
22,M22-159,Sistemas,25,3,1,2.89,5.2,63.9,2.48
22,M22-160,Civil,26,4,0,3.03,4.4,84.3,3.46
22,M22-161,Industrial,28,4,1,3.81,2.0,70.9,3.2
22,M22-162,Sistemas,23,6,0,4.11,15.6,90.0,4.05
22,M22-163,Electrica,33,2,0,3.36,7.2,91.2,3.64
22,M22-164,Industrial,23,3,1,3.62,1.1,71.7,2.44
22,M22-165,Industrial,34,2,1,3.75,13.6,88.0,3.24
22,M22-166,Electrica,26,4,1,3.03,4.3,89.0,3.17
22,M22-167,Sistemas,28,3,1,3.51,0.5,72.4,3.23
22,M22-168,Industrial,29,1,0,3.53,5.4,83.0,3.74
22,M22-169,Electrica,33,2,1,5.0,9.3,86.3,4.61
22,M22-170,Sistemas,26,5,0,3.36,9.4,85.9,3.02
22,M22-171,Sistemas,27,4,0,3.43,9.9,91.6,3.76
22,M22-172,Industrial,27,4,1,3.94,0.5,59.0,3.05
22,M22-173,Sistemas,28,5,1,3.15,0.5,91.0,2.17
22,M22-174,Industrial,27,4,0,4.11,6.1,75.0,4.1
22,M22-175,Sistemas,30,4,1,3.43,12.6,84.7,2.96
22,M22-176,Industrial,21,5,1,3.28,5.2,75.9,3.09
22,M22-177,Industrial,24,3,1,3.09,12.0,88.9,2.93
22,M22-178,Sistemas,30,4,0,3.59,7.2,82.4,3.46
22,M22-179,Civil,26,4,1,3.74,8.7,100.0,3.43
22,M22-180,Industrial,38,2,1,3.37,7.6,57.1,3.01
22,M22-181,Industrial,31,3,1,3.59,7.0,71.3,2.9
22,M22-182,Industrial,31,4,1,3.69,13.7,73.9,3.86
22,M22-183,Civil,25,3,1,3.54,13.4,74.6,3.61
22,M22-184,Electrica,34,2,1,3.76,3.7,88.5,3.26
22,M22-185,Industrial,29,5,1,3.93,4.5,86.8,3.5
22,M22-186,Industrial,23,2,0,3.38,16.1,87.8,4.58
22,M22-187,Electrica,23,3,1,2.45,6.8,97.6,2.65
22,M22-188,Industrial,26,2,1,3.3,6.3,84.0,3.91
22,M22-189,Sistemas,26,3,1,3.7,9.2,74.8,3.44
22,M22-190,Civil,28,3,1,3.6,7.3,82.0,3.81
22,M22-191,Electrica,33,3,0,3.96,4.5,89.5,3.65
22,M22-192,Sistemas,34,4,0,3.42,16.3,99.7,3.78
22,M22-193,Industrial,27,3,1,3.71,8.0,79.9,3.22
22,M22-194,Industrial,30,5,1,4.07,0.5,74.2,3.35
22,M22-195,Sistemas,34,5,0,3.24,15.2,88.0,3.46
22,M22-196,Electrica,27,3,0,4.33,8.9,97.7,4.85
22,M22-197,Electrica,25,5,0,3.19,7.2,78.4,3.49
22,M22-198,Civil,29,4,1,4.04,0.5,78.0,2.91
22,M22-199,Civil,27,4,0,2.64,8.2,97.6,2.95
22,M22-200,Sistemas,26,3,1,2.96,6.3,89.9,2.7
22,M22-201,Industrial,30,1,1,3.87,1.1,91.5,3.43
22,M22-202,Sistemas,21,3,1,3.6,3.3,96.2,3.34
22,M22-203,Electrica,36,6,1,3.6,3.3,81.2,2.82
22,M22-204,Civil,21,1,1,4.02,10.0,80.6,3.34
22,M22-205,Electrica,24,6,0,3.57,8.9,84.8,3.82
22,M22-206,Electrica,22,4,0,3.34,17.5,88.1,3.23
22,M22-207,Industrial,24,2,0,2.82,11.1,89.6,3.45
22,M22-208,Industrial,34,4,0,4.23,4.9,88.5,4.45
22,M22-209,Electrica,25,5,1,3.28,4.3,77.2,2.58
22,M22-210,Sistemas,31,4,1,3.14,4.9,71.9,3.76
22,M22-211,Industrial,33,2,0,2.95,9.2,89.9,3.4
22,M22-212,Industrial,26,2,1,3.6,3.6,91.0,2.92
22,M22-213,Industrial,31,4,1,4.02,4.8,79.4,3.06
22,M22-214,Civil,27,1,1,3.6,5.2,74.3,3.64
22,M22-215,Sistemas,32,2,0,3.59,19.0,89.9,4.12
22,M22-216,Electrica,31,5,1,3.02,5.1,79.3,2.87
22,M22-217,Industrial,33,2,0,3.44,10.7,85.3,3.87
22,M22-218,Sistemas,28,2,1,3.86,6.1,77.2,3.68
22,M22-219,Sistemas,21,4,1,3.8,0.5,59.4,3.09
22,M22-220,Industrial,27,6,0,2.74,6.9,79.3,3.27
22,M22-221,Industrial,25,5,0,3.25,17.2,88.1,3.5
22,M22-222,Sistemas,29,5,0,4.16,15.9,85.4,4.19
22,M22-223,Sistemas,31,4,1,3.12,2.7,77.3,2.93
22,M22-224,Sistemas,21,5,1,3.15,7.1,86.2,3.55
22,M22-225,Electrica,27,1,0,3.4,11.5,87.2,4.33
22,M22-226,Sistemas,27,2,1,3.84,7.0,80.4,3.51
22,M22-227,Sistemas,33,3,1,3.48,10.4,67.1,3.24
22,M22-228,Industrial,22,5,0,3.85,2.8,83.3,3.44
22,M22-229,Industrial,29,4,1,3.33,15.6,100.0,3.7
22,M22-230,Industrial,26,3,1,3.99,7.3,72.9,3.86
22,M22-231,Electrica,21,3,1,3.57,6.7,70.9,2.73
22,M22-232,Industrial,32,3,1,3.88,3.1,81.1,2.98
22,M22-233,Industrial,25,3,1,4.03,7.1,80.2,3.24
22,M22-234,Sistemas,21,1,1,3.77,4.1,84.1,3.59
22,M22-235,Electrica,29,5,0,3.33,19.9,100.0,3.94
22,M22-236,Sistemas,22,5,1,3.24,12.9,85.0,2.93
22,M22-237,Industrial,27,1,1,3.73,4.6,61.3,2.79
22,M22-238,Sistemas,31,2,1,3.82,4.4,86.5,3.47
22,M22-239,Sistemas,27,3,0,3.54,8.6,76.6,3.29
22,M22-240,Electrica,25,4,1,2.72,2.7,71.3,3.38
22,M22-241,Sistemas,28,4,1,3.78,4.8,71.5,3.18
22,M22-242,Sistemas,25,2,1,2.98,9.1,81.6,3.21
22,M22-243,Electrica,34,2,0,3.63,13.8,90.9,4.15
22,M22-244,Sistemas,25,2,0,3.69,11.8,100.0,4.4
22,M22-245,Electrica,26,1,1,2.1,2.0,82.9,2.68
22,M22-246,Sistemas,27,3,0,3.91,9.6,82.6,3.74
22,M22-247,Sistemas,21,2,0,3.28,14.8,82.2,3.9
22,M22-248,Electrica,21,4,0,4.29,13.8,76.7,4.02
22,M22-249,Industrial,27,6,1,3.56,4.6,69.7,3.37
22,M22-250,Sistemas,28,4,1,3.68,9.1,82.0,3.96
22,M22-251,Industrial,29,3,0,3.45,6.2,77.9,3.57
22,M22-252,Industrial,37,3,0,4.45,12.8,77.6,4.51
22,M22-253,Sistemas,25,1,0,3.96,14.1,80.3,3.97
22,M22-254,Electrica,35,3,1,3.88,9.3,80.7,3.53
22,M22-255,Electrica,35,2,1,3.53,4.9,77.4,3.51
22,M22-256,Sistemas,29,3,1,3.36,5.3,82.1,2.58
22,M22-257,Sistemas,27,5,1,3.98,8.9,73.8,3.29
22,M22-258,Industrial,22,1,0,2.98,6.9,86.3,3.22
22,M22-259,Civil,35,1,0,3.84,8.3,99.7,3.61
22,M22-260,Sistemas,26,2,1,4.07,21.4,85.5,3.98
22,M22-261,Civil,29,3,1,4.05,3.9,76.7,3.96
22,M22-262,Sistemas,25,2,0,4.48,17.9,89.3,5.0
22,M22-263,Industrial,28,6,1,2.63,4.4,84.8,3.11
22,M22-264,Civil,24,3,1,2.85,7.5,93.4,3.17
22,M22-265,Electrica,25,5,1,2.79,2.2,81.0,2.89
22,M22-266,Civil,23,3,1,2.64,6.8,89.8,2.93
22,M22-267,Electrica,30,2,1,3.17,22.7,84.7,3.08
22,M22-268,Electrica,27,6,1,3.38,5.0,61.2,2.85
22,M22-269,Electrica,29,6,0,3.9,12.2,80.3,3.07
22,M22-270,Electrica,24,3,0,3.41,6.3,82.7,3.41
22,M22-271,Sistemas,21,2,1,3.23,28.2,77.4,3.8
22,M22-272,Industrial,36,4,1,3.34,7.9,84.2,3.68
22,M22-273,Industrial,21,3,0,3.86,7.8,94.7,4.53
22,M22-274,Sistemas,28,2,0,3.78,5.2,97.3,3.75
22,M22-275,Civil,27,3,1,2.8,0.5,79.0,3.05
22,M22-276,Electrica,24,3,1,3.48,1.3,73.6,3.06
22,M22-277,Sistemas,34,4,1,3.86,7.5,76.5,4.17
22,M22-278,Sistemas,27,2,1,3.54,6.9,70.1,3.09
22,M22-279,Industrial,32,3,1,4.07,6.4,73.3,3.23
22,M22-280,Industrial,26,4,1,3.12,2.0,76.5,3.29
22,M22-281,Electrica,24,3,1,3.86,0.5,67.9,3.62
22,M22-282,Sistemas,28,3,1,4.58,3.1,65.1,3.51
22,M22-283,Industrial,24,5,1,3.6,14.5,79.3,3.24
22,M22-284,Civil,28,3,1,2.79,7.4,82.9,3.05
22,M22-285,Sistemas,30,3,0,3.44,6.1,86.6,3.68
22,M22-286,Electrica,21,3,1,2.58,3.4,73.2,1.83
22,M22-287,Sistemas,33,3,1,2.98,11.1,79.6,3.28
22,M22-288,Civil,36,3,0,2.73,5.1,81.6,2.46
22,M22-289,Industrial,21,1,0,3.42,11.3,89.2,3.29
22,M22-290,Electrica,29,2,1,3.58,12.4,78.1,3.61
22,M22-291,Industrial,28,2,0,4.29,9.5,89.2,3.64
22,M22-292,Sistemas,35,4,1,4.11,3.6,82.7,3.56
22,M22-293,Sistemas,29,3,0,3.42,7.0,85.9,4.05
22,M22-294,Civil,28,2,1,3.84,0.8,69.3,3.38
22,M22-295,Civil,30,2,0,3.81,6.8,83.0,4.02
22,M22-296,Sistemas,24,3,1,3.53,2.6,93.4,3.52
22,M22-297,Civil,21,6,0,3.44,12.7,82.0,2.94
22,M22-298,Sistemas,28,3,1,3.53,13.3,80.5,3.68
22,M22-299,Electrica,28,2,1,3.24,1.1,93.7,2.61
22,M22-300,Sistemas,26,4,1,2.99,2.5,98.2,2.85
23,M23-001,Sistemas,28,3,0,3.76,6.3,93.5,3.5
23,M23-002,Industrial,32,3,1,3.74,0.5,91.8,3.45
23,M23-003,Sistemas,30,4,1,3.05,2.0,77.3,2.82
23,M23-004,Sistemas,23,5,0,2.86,4.1,72.4,2.69
23,M23-005,Civil,31,4,1,3.47,4.5,79.3,3.06
23,M23-006,Industrial,22,3,0,2.67,15.8,86.1,3.45
23,M23-007,Sistemas,25,2,0,3.86,8.5,92.7,3.76
23,M23-008,Sistemas,21,4,1,3.6,9.8,70.8,4.38
23,M23-009,Sistemas,22,4,1,3.49,4.1,68.0,3.52
23,M23-010,Sistemas,21,3,1,2.53,12.3,71.9,2.29
23,M23-011,Sistemas,22,3,1,3.37,0.5,63.3,2.77
23,M23-012,Sistemas,25,3,0,3.79,11.8,88.9,4.53
23,M23-013,Civil,30,3,0,3.07,7.8,89.9,2.78
23,M23-014,Industrial,26,1,0,3.54,12.2,88.7,3.87
23,M23-015,Sistemas,28,4,1,3.1,0.9,78.7,2.46
23,M23-016,Civil,29,6,0,3.57,10.9,86.0,3.28
23,M23-017,Industrial,28,5,1,2.54,7.7,80.9,2.99
23,M23-018,Industrial,31,2,1,3.61,12.1,82.2,3.52
23,M23-019,Civil,26,2,1,3.9,9.2,79.4,3.77
23,M23-020,Sistemas,26,3,1,2.48,7.6,77.0,3.02
23,M23-021,Industrial,21,2,1,3.45,5.5,87.4,2.84
23,M23-022,Civil,23,4,1,2.93,9.8,74.6,2.43
23,M23-023,Sistemas,23,1,0,3.56,9.4,84.0,3.59
23,M23-024,Industrial,26,2,1,4.0,2.1,88.1,4.03
23,M23-025,Industrial,26,3,1,4.99,6.3,77.5,4.14
23,M23-026,Industrial,29,3,0,3.02,2.6,78.7,3.14
23,M23-027,Electrica,31,2,1,3.97,9.9,78.8,3.04
23,M23-028,Sistemas,26,4,1,4.02,0.5,83.3,3.19
23,M23-029,Sistemas,26,2,0,2.94,16.6,83.3,2.88
23,M23-030,Civil,26,3,0,3.05,8.7,76.3,3.26
23,M23-031,Sistemas,21,3,1,3.25,16.2,75.6,3.21
23,M23-032,Civil,34,5,1,4.32,1.4,82.6,3.43
23,M23-033,Sistemas,30,4,0,2.63,8.5,95.8,3.35
23,M23-034,Electrica,33,3,0,3.59,5.0,100.0,3.89
23,M23-035,Civil,32,2,1,2.61,1.9,90.5,3.24
23,M23-036,Industrial,31,4,1,2.83,17.5,72.3,2.85
23,M23-037,Sistemas,28,3,1,3.43,9.8,77.4,3.68
23,M23-038,Sistemas,24,4,0,3.66,7.9,77.6,4.13
23,M23-039,Electrica,22,2,1,4.06,2.2,84.9,2.81
23,M23-040,Industrial,30,6,0,3.19,3.1,81.9,3.29
23,M23-041,Industrial,24,2,1,3.95,19.6,73.4,4.07
23,M23-042,Civil,23,2,1,3.23,10.4,86.8,3.43
23,M23-043,Sistemas,32,5,0,3.67,9.1,87.5,4.27
23,M23-044,Electrica,27,4,1,3.57,2.4,75.0,3.84
23,M23-045,Sistemas,21,3,0,2.9,8.1,100.0,3.24
23,M23-046,Sistemas,25,3,1,3.31,2.1,86.5,2.79
23,M23-047,Sistemas,25,4,0,4.51,3.7,89.0,4.57
23,M23-048,Industrial,30,1,1,3.34,2.6,77.0,3.23
23,M23-049,Electrica,27,2,1,3.42,12.4,82.9,3.58
23,M23-050,Sistemas,27,2,1,3.82,0.7,88.0,2.84
23,M23-051,Sistemas,24,2,0,3.16,7.3,87.9,2.57
23,M23-052,Civil,28,1,0,3.8,11.5,84.7,3.72
23,M23-053,Sistemas,30,2,1,4.21,17.3,89.4,4.35
23,M23-054,Industrial,25,4,0,2.67,6.6,96.7,3.72
23,M23-055,Sistemas,30,3,1,2.81,7.4,62.3,2.75
23,M23-056,Sistemas,28,3,1,3.11,4.1,90.3,2.81
23,M23-057,Civil,36,6,0,3.89,5.7,75.3,3.53
23,M23-058,Sistemas,28,4,0,3.11,18.1,93.8,3.77
23,M23-059,Industrial,32,3,1,3.4,6.4,73.3,3.39
23,M23-060,Civil,31,4,0,3.65,13.1,87.9,4.12
23,M23-061,Electrica,27,6,1,3.84,12.3,80.4,3.4
23,M23-062,Sistemas,26,3,1,3.73,9.0,80.5,3.6
23,M23-063,Electrica,27,3,1,3.08,5.1,74.5,2.82
23,M23-064,Civil,39,2,1,2.98,16.3,79.7,2.81
23,M23-065,Sistemas,29,3,1,3.58,2.0,74.3,3.0
23,M23-066,Electrica,37,6,1,3.68,1.1,79.7,3.86
23,M23-067,Sistemas,34,3,1,3.5,5.1,77.1,3.56
23,M23-068,Industrial,30,3,1,3.54,0.5,74.9,2.79
23,M23-069,Electrica,23,3,1,3.69,11.9,89.6,3.13
23,M23-070,Electrica,23,2,0,3.79,8.8,77.3,4.03
23,M23-071,Civil,21,3,1,3.32,9.1,81.5,3.44
23,M23-072,Industrial,34,2,0,2.85,4.7,84.7,2.91
23,M23-073,Sistemas,25,3,1,3.01,1.7,67.5,2.92
23,M23-074,Electrica,23,1,0,3.96,6.7,77.0,3.65
23,M23-075,Electrica,25,6,1,2.91,4.3,82.3,2.56
23,M23-076,Civil,26,6,1,3.5,0.5,74.8,3.02
23,M23-077,Industrial,26,3,1,4.07,14.5,72.7,3.34
23,M23-078,Sistemas,22,3,1,3.92,11.3,84.5,2.91
23,M23-079,Industrial,22,3,0,3.66,3.7,88.5,4.21
23,M23-080,Sistemas,22,4,1,3.23,10.4,80.6,2.96
23,M23-081,Sistemas,28,4,0,2.7,5.5,91.6,2.83
23,M23-082,Sistemas,30,3,1,2.89,7.7,82.2,2.4
23,M23-083,Industrial,21,5,1,3.54,0.5,88.3,2.69
23,M23-084,Industrial,34,1,1,3.19,6.6,97.7,3.74
23,M23-085,Industrial,21,6,1,4.39,5.5,71.7,4.16
23,M23-086,Industrial,32,4,1,2.41,1.8,96.3,2.62
23,M23-087,Sistemas,30,4,1,3.4,3.7,83.0,2.24
23,M23-088,Industrial,21,3,1,4.1,10.6,93.7,4.08
23,M23-089,Industrial,31,3,1,3.74,3.2,81.3,4.26
23,M23-090,Industrial,29,4,0,3.35,9.0,87.9,3.29
23,M23-091,Industrial,30,5,0,4.5,7.9,80.0,3.75
23,M23-092,Sistemas,35,6,1,3.35,7.7,79.9,3.34
23,M23-093,Sistemas,30,4,1,3.48,6.7,85.7,3.61
23,M23-094,Sistemas,25,2,0,3.91,12.6,92.5,3.43
23,M23-095,Industrial,22,3,1,3.57,5.0,80.0,3.87
23,M23-096,Electrica,27,2,1,3.56,4.6,66.7,3.37
23,M23-097,Civil,21,1,1,3.64,4.4,100.0,3.19
23,M23-098,Sistemas,21,2,1,3.01,4.3,77.2,2.45
23,M23-099,Industrial,24,4,1,3.91,6.3,68.5,3.69
23,M23-100,Industrial,34,3,1,3.6,3.7,85.4,3.93
23,M23-101,Civil,21,4,1,3.47,3.0,85.2,3.59
23,M23-102,Industrial,32,4,0,3.22,9.6,84.1,3.77
23,M23-103,Industrial,27,3,1,3.46,9.4,76.6,3.37
23,M23-104,Electrica,36,1,1,3.39,7.9,69.4,2.9
23,M23-105,Sistemas,30,2,1,4.22,5.7,71.5,2.92
23,M23-106,Sistemas,31,2,1,4.59,6.1,94.4,4.56
23,M23-107,Sistemas,21,3,1,3.75,5.4,68.7,3.68
23,M23-108,Industrial,32,2,1,3.79,7.6,71.6,2.59
23,M23-109,Industrial,29,2,1,2.74,2.1,59.6,2.14
23,M23-110,Electrica,26,3,1,3.67,0.5,57.9,3.1
23,M23-111,Civil,36,3,1,3.67,5.6,81.1,3.65
23,M23-112,Electrica,21,3,1,3.21,5.8,76.9,2.81
23,M23-113,Industrial,24,4,1,2.94,4.6,80.5,2.65
23,M23-114,Electrica,27,5,1,3.75,6.0,82.2,3.58
23,M23-115,Industrial,25,3,1,3.1,7.1,62.7,2.77
23,M23-116,Civil,26,5,0,3.12,18.8,88.0,2.94
23,M23-117,Industrial,29,2,1,3.83,11.3,77.8,3.82
23,M23-118,Electrica,34,5,1,3.55,8.5,73.5,3.62
23,M23-119,Electrica,21,3,1,3.88,2.2,78.4,3.76
23,M23-120,Sistemas,31,5,1,2.7,2.4,87.6,2.58
23,M23-121,Sistemas,23,4,0,2.99,21.8,73.6,4.16
23,M23-122,Sistemas,21,5,1,3.16,5.5,67.2,2.96
23,M23-123,Civil,29,1,1,2.63,11.1,92.7,3.54
23,M23-124,Industrial,27,4,1,3.0,1.3,83.6,2.3
23,M23-125,Electrica,30,3,1,3.59,4.3,95.7,3.57
23,M23-126,Sistemas,21,2,1,3.37,23.4,91.2,3.67
23,M23-127,Civil,23,5,1,3.19,6.4,80.2,2.49
23,M23-128,Industrial,28,3,1,3.86,5.3,68.4,3.74
23,M23-129,Sistemas,31,3,1,4.33,12.7,86.0,3.83
23,M23-130,Industrial,30,4,1,3.54,11.4,83.8,2.64
23,M23-131,Civil,35,1,1,2.96,7.3,85.4,3.35
23,M23-132,Industrial,25,6,0,3.26,10.7,83.9,3.99
23,M23-133,Industrial,22,2,0,3.63,6.9,84.3,3.35
23,M23-134,Industrial,30,1,0,3.62,5.4,90.4,3.82
23,M23-135,Sistemas,31,5,1,3.57,12.8,85.1,3.54
23,M23-136,Industrial,25,1,0,3.68,5.6,74.5,3.97
23,M23-137,Sistemas,34,2,0,3.73,10.9,95.0,4.35
23,M23-138,Electrica,23,4,1,3.37,4.6,80.0,3.14
23,M23-139,Sistemas,25,4,1,2.94,7.2,69.1,2.81
23,M23-140,Industrial,30,4,0,3.69,6.4,81.0,3.7
23,M23-141,Electrica,30,3,1,3.63,6.4,80.6,3.44
23,M23-142,Industrial,33,3,1,2.95,4.9,69.4,2.57
23,M23-143,Sistemas,30,3,1,3.63,6.3,94.8,3.26
23,M23-144,Sistemas,23,4,0,3.0,5.8,100.0,3.63
23,M23-145,Electrica,29,3,1,3.37,2.0,88.0,3.56
23,M23-146,Civil,35,2,0,3.53,6.6,99.7,3.3
23,M23-147,Sistemas,24,4,1,2.99,11.8,81.0,3.07
23,M23-148,Sistemas,26,3,1,2.95,5.6,59.9,3.0
23,M23-149,Electrica,24,5,1,4.26,13.9,81.8,4.25
23,M23-150,Industrial,24,6,0,3.38,6.0,77.9,3.12
23,M23-151,Electrica,29,6,0,3.69,4.2,68.9,3.67
23,M23-152,Sistemas,30,4,0,3.97,12.0,86.8,3.83
23,M23-153,Sistemas,29,4,1,3.93,10.3,89.2,3.67
23,M23-154,Sistemas,26,6,1,3.95,10.6,74.0,3.76
23,M23-155,Civil,30,1,1,3.8,6.3,93.2,3.48
23,M23-156,Sistemas,26,3,1,4.17,10.2,77.5,3.81
23,M23-157,Industrial,35,4,0,3.83,24.0,99.9,4.27
23,M23-158,Industrial,26,2,1,3.7,3.5,66.2,2.95
23,M23-159,Electrica,25,3,1,3.92,16.7,67.0,3.47
23,M23-160,Sistemas,23,3,0,3.69,10.1,79.2,3.95
23,M23-161,Electrica,33,2,0,4.37,4.3,59.7,3.43
23,M23-162,Industrial,28,2,1,3.84,3.9,94.5,3.82
23,M23-163,Industrial,38,3,1,4.54,6.3,72.0,3.45
23,M23-164,Sistemas,30,5,1,3.65,7.0,89.5,4.05
23,M23-165,Sistemas,27,4,0,4.25,11.3,78.0,4.4
23,M23-166,Sistemas,32,2,0,2.66,7.1,75.9,2.93
23,M23-167,Sistemas,28,3,0,3.41,9.6,84.9,3.07
23,M23-168,Sistemas,24,5,1,3.67,13.3,75.7,3.76
23,M23-169,Industrial,22,3,1,3.42,10.8,78.2,3.05
23,M23-170,Industrial,35,3,1,2.75,5.1,80.6,2.42
23,M23-171,Industrial,28,3,0,3.7,17.0,93.3,4.2
23,M23-172,Sistemas,21,2,1,2.89,3.1,68.9,3.34
23,M23-173,Sistemas,22,3,1,3.77,2.6,92.6,3.81
23,M23-174,Electrica,28,5,0,3.64,14.8,94.0,3.65
23,M23-175,Sistemas,26,2,0,5.0,16.3,79.1,4.52
23,M23-176,Sistemas,23,3,1,2.81,8.0,77.9,2.76
23,M23-177,Sistemas,23,1,1,2.99,10.1,80.2,2.24
23,M23-178,Civil,21,2,0,2.62,17.9,74.7,3.31
23,M23-179,Civil,24,2,1,3.25,4.0,72.0,3.04
23,M23-180,Electrica,24,2,1,3.74,9.3,69.8,3.33
23,M23-181,Civil,24,2,1,3.22,4.3,82.7,2.7
23,M23-182,Civil,25,4,1,3.62,9.7,77.7,3.65
23,M23-183,Industrial,21,4,1,3.13,15.2,86.6,3.78
23,M23-184,Sistemas,21,4,1,2.85,8.1,86.6,3.29
23,M23-185,Industrial,37,3,0,3.59,14.1,97.1,3.92
23,M23-186,Industrial,30,3,0,3.48,9.2,90.9,3.59
23,M23-187,Civil,24,1,0,4.25,3.8,75.6,3.72
23,M23-188,Sistemas,34,3,1,4.43,5.4,79.5,3.8
23,M23-189,Civil,33,5,0,3.52,7.1,88.7,3.73
23,M23-190,Industrial,26,3,1,3.52,1.4,86.8,3.54
23,M23-191,Industrial,29,2,0,4.32,5.7,66.2,4.28
23,M23-192,Industrial,26,4,1,2.92,4.0,90.6,2.6
23,M23-193,Sistemas,27,4,1,3.6,14.3,71.6,3.54
23,M23-194,Civil,26,3,1,3.1,2.1,68.1,2.93
23,M23-195,Industrial,30,5,1,3.26,11.1,77.2,3.16
23,M23-196,Electrica,32,3,1,3.07,6.2,90.7,2.65
23,M23-197,Sistemas,35,3,1,2.63,0.5,82.8,2.8
23,M23-198,Industrial,22,4,1,3.06,9.8,97.7,3.05
23,M23-199,Sistemas,27,1,1,4.14,11.8,83.3,3.89
23,M23-200,Sistemas,38,4,1,3.44,3.7,90.6,3.37
23,M23-201,Electrica,35,6,1,2.56,2.7,85.7,2.47
23,M23-202,Civil,27,3,1,3.4,6.4,77.8,3.49
23,M23-203,Industrial,27,3,1,3.52,0.5,85.1,3.65
23,M23-204,Sistemas,32,4,1,3.32,22.2,67.7,3.53
23,M23-205,Industrial,23,2,0,3.29,4.8,91.7,3.68
23,M23-206,Sistemas,31,3,0,3.99,8.4,82.0,3.84
23,M23-207,Industrial,21,3,1,3.47,10.3,86.6,2.81
23,M23-208,Industrial,22,2,0,4.27,1.8,73.5,3.84
23,M23-209,Civil,26,1,0,3.31,10.5,73.0,3.23
23,M23-210,Industrial,31,4,1,3.49,0.5,69.6,2.77
23,M23-211,Electrica,30,2,1,2.89,3.9,61.1,2.26
23,M23-212,Industrial,28,4,1,2.6,6.4,66.3,2.75
23,M23-213,Civil,23,5,1,3.09,3.8,82.0,2.92
23,M23-214,Sistemas,21,6,0,3.53,15.6,81.8,4.04
23,M23-215,Industrial,30,2,1,2.98,11.7,73.6,2.96
23,M23-216,Electrica,22,2,0,2.81,11.4,85.6,2.99
23,M23-217,Sistemas,27,6,0,3.89,5.8,87.8,4.54
23,M23-218,Sistemas,28,3,1,4.47,3.8,71.9,3.25
23,M23-219,Civil,27,4,1,3.86,2.8,67.8,3.88
23,M23-220,Industrial,30,3,0,2.96,9.4,64.9,2.89
23,M23-221,Industrial,25,3,1,3.63,5.9,73.3,3.22
23,M23-222,Electrica,21,2,0,4.33,16.1,100.0,4.68
23,M23-223,Industrial,24,2,1,3.01,10.3,81.9,3.04
23,M23-224,Electrica,28,2,1,3.01,7.4,100.0,2.97
23,M23-225,Civil,35,4,1,4.2,10.0,74.1,4.22
23,M23-226,Sistemas,24,2,1,3.01,12.5,84.4,3.34
23,M23-227,Sistemas,28,2,1,4.03,13.5,91.4,3.99
23,M23-228,Sistemas,28,4,1,3.38,6.0,89.1,3.56
23,M23-229,Electrica,41,6,0,3.42,7.2,73.5,3.44
23,M23-230,Electrica,21,3,1,4.1,2.2,70.1,3.93
23,M23-231,Civil,41,3,1,3.46,3.9,90.2,2.49
23,M23-232,Sistemas,28,2,0,3.59,6.9,91.5,4.09
23,M23-233,Sistemas,21,2,1,2.92,6.6,83.6,2.53
23,M23-234,Sistemas,32,3,1,2.63,7.6,63.2,2.1
23,M23-235,Electrica,28,4,1,3.45,2.1,76.1,2.98
23,M23-236,Sistemas,21,1,1,3.51,6.6,91.2,3.23
23,M23-237,Sistemas,22,1,1,3.49,0.5,79.5,3.59
23,M23-238,Sistemas,29,3,1,4.03,6.2,80.1,3.61
23,M23-239,Sistemas,27,2,0,2.39,13.9,82.9,2.69
23,M23-240,Industrial,26,1,1,3.08,1.6,73.1,3.11
23,M23-241,Sistemas,30,3,0,3.03,4.1,95.7,3.27
23,M23-242,Sistemas,28,1,1,2.88,3.8,84.2,2.69
23,M23-243,Sistemas,24,1,1,4.82,3.4,78.9,4.24
23,M23-244,Sistemas,23,3,1,4.01,12.5,96.8,3.47
23,M23-245,Sistemas,22,4,0,3.3,8.1,100.0,3.61
23,M23-246,Sistemas,31,5,0,4.0,5.4,100.0,3.47
23,M23-247,Sistemas,30,2,1,3.79,1.2,82.7,3.27
23,M23-248,Sistemas,30,3,1,2.68,7.2,85.6,2.93
23,M23-249,Electrica,29,6,1,3.59,7.0,66.0,2.92
23,M23-250,Electrica,31,2,0,3.27,6.3,91.3,3.1
23,M23-251,Sistemas,37,5,1,3.81,6.5,68.8,2.94
23,M23-252,Sistemas,31,5,1,4.15,26.4,83.3,3.74
23,M23-253,Sistemas,26,4,0,3.28,14.8,94.4,3.02
23,M23-254,Civil,33,2,0,3.34,3.6,90.6,3.66
23,M23-255,Sistemas,21,2,1,3.17,9.6,62.1,2.49
23,M23-256,Sistemas,24,3,1,3.53,1.0,92.0,3.2
23,M23-257,Electrica,22,3,1,4.18,9.5,67.8,2.96
23,M23-258,Sistemas,25,3,0,4.34,7.5,95.2,4.36
23,M23-259,Industrial,26,2,1,3.79,11.4,71.1,3.46
23,M23-260,Civil,29,6,0,4.02,8.1,83.9,3.6
23,M23-261,Civil,32,4,1,3.85,7.3,86.7,3.68
23,M23-262,Civil,27,3,0,3.21,13.1,94.0,4.07
23,M23-263,Sistemas,21,6,1,4.11,0.6,91.8,3.8
23,M23-264,Electrica,35,2,1,3.29,6.6,74.7,3.08
23,M23-265,Civil,31,4,1,3.44,2.6,84.4,3.16
23,M23-266,Sistemas,31,3,1,2.8,5.6,67.0,2.61
23,M23-267,Sistemas,29,4,0,3.15,7.4,82.2,3.88
23,M23-268,Sistemas,31,5,1,2.92,3.2,82.7,3.04
23,M23-269,Sistemas,29,1,1,4.2,7.5,78.8,3.67
23,M23-270,Electrica,29,3,1,4.27,0.5,83.8,3.76
23,M23-271,Electrica,32,2,0,3.63,5.4,100.0,4.0
23,M23-272,Civil,24,3,1,3.39,5.2,94.5,3.05
23,M23-273,Industrial,31,3,0,3.3,6.3,94.5,3.6
23,M23-274,Industrial,26,2,1,3.83,4.1,77.3,3.52
23,M23-275,Electrica,27,3,1,3.76,0.5,89.7,3.17
23,M23-276,Industrial,21,4,1,3.53,10.0,77.2,3.25
23,M23-277,Electrica,27,2,0,3.22,10.3,80.0,3.4
23,M23-278,Industrial,32,2,1,3.51,6.7,64.8,3.29
23,M23-279,Sistemas,30,4,1,4.07,3.1,88.4,3.54
23,M23-280,Sistemas,31,1,1,4.07,10.9,86.0,3.8
23,M23-281,Civil,36,2,0,3.89,6.9,95.7,3.8
23,M23-282,Electrica,29,4,1,3.77,4.3,82.8,3.9
23,M23-283,Sistemas,30,2,0,2.48,3.2,93.7,2.84
23,M23-284,Electrica,24,4,0,4.41,4.5,82.1,3.89
23,M23-285,Electrica,32,4,1,4.11,3.8,80.6,3.66
23,M23-286,Sistemas,26,3,0,3.83,10.6,78.3,3.53
23,M23-287,Industrial,21,4,1,3.84,10.9,88.4,3.57
23,M23-288,Industrial,23,1,1,3.82,12.5,97.6,3.7
23,M23-289,Industrial,23,3,1,2.54,2.5,79.1,2.11
23,M23-290,Sistemas,24,1,0,2.05,5.5,85.8,2.54
23,M23-291,Industrial,21,5,0,3.81,8.1,93.6,3.74
23,M23-292,Industrial,30,2,1,2.87,4.7,75.5,3.09
23,M23-293,Sistemas,28,6,0,2.93,8.1,87.8,3.35
23,M23-294,Sistemas,30,2,1,4.23,0.5,89.9,3.11
23,M23-295,Sistemas,33,4,1,2.57,2.2,71.3,3.12
23,M23-296,Civil,25,3,1,4.12,4.3,74.8,3.27
23,M23-297,Industrial,29,3,0,3.38,5.8,86.2,3.29
23,M23-298,Sistemas,24,5,0,3.26,12.1,73.6,3.33
23,M23-299,Electrica,33,5,1,3.2,8.7,78.3,3.34
23,M23-300,Industrial,24,5,1,3.9,1.1,65.3,3.43
24,M24-001,Civil,25,3,1,3.56,1.1,88.4,3.22
24,M24-002,Electrica,31,3,0,4.41,4.0,89.5,3.73
24,M24-003,Sistemas,27,1,1,3.15,6.2,68.1,2.84
24,M24-004,Industrial,21,3,0,3.83,10.2,90.3,3.13
24,M24-005,Industrial,30,6,0,2.87,11.3,85.7,3.51
24,M24-006,Electrica,24,4,1,3.48,9.1,75.2,3.46
24,M24-007,Sistemas,31,5,1,3.69,5.6,69.2,3.78
24,M24-008,Industrial,24,4,0,3.94,7.0,98.4,3.8
24,M24-009,Industrial,30,3,1,3.61,12.1,95.6,4.44
24,M24-010,Civil,23,5,1,3.14,8.5,78.2,2.85
24,M24-011,Electrica,31,4,1,4.08,6.1,83.0,3.6
24,M24-012,Industrial,28,5,1,2.85,7.7,76.8,3.62
24,M24-013,Sistemas,30,1,1,4.01,2.7,78.4,3.57
24,M24-014,Electrica,30,2,0,2.18,17.4,97.3,2.99
24,M24-015,Sistemas,26,5,1,3.07,2.0,72.0,2.82
24,M24-016,Sistemas,24,3,1,3.59,16.9,60.1,3.13
24,M24-017,Sistemas,24,4,1,2.79,3.4,81.4,3.3
24,M24-018,Sistemas,27,3,1,2.17,2.9,76.0,2.67
24,M24-019,Industrial,29,5,1,2.99,3.8,75.9,2.75
24,M24-020,Sistemas,27,4,1,3.18,4.3,73.6,3.05
24,M24-021,Sistemas,27,3,1,2.93,25.2,85.0,3.49
24,M24-022,Industrial,33,2,1,3.67,7.8,100.0,3.16
24,M24-023,Industrial,32,4,1,3.03,2.4,78.6,2.81
24,M24-024,Sistemas,27,2,1,3.77,4.6,81.2,2.7
24,M24-025,Electrica,28,3,1,3.36,7.5,78.6,3.67
24,M24-026,Civil,21,1,1,3.51,3.9,76.5,3.38
24,M24-027,Electrica,32,3,0,3.14,4.3,97.6,3.22
24,M24-028,Electrica,35,3,1,2.86,0.8,77.1,2.39
24,M24-029,Sistemas,22,4,1,3.71,10.4,87.0,3.81
24,M24-030,Industrial,35,5,1,3.34,7.7,80.9,3.44
24,M24-031,Electrica,27,2,1,3.96,18.1,95.6,4.23
24,M24-032,Civil,25,2,0,3.91,7.7,79.6,3.03
24,M24-033,Electrica,28,5,1,3.52,16.2,87.7,3.44
24,M24-034,Electrica,26,4,1,3.68,5.1,82.4,3.97
24,M24-035,Industrial,28,1,0,3.53,7.3,89.3,3.95
24,M24-036,Industrial,28,6,1,3.5,0.5,84.1,3.29
24,M24-037,Electrica,25,3,0,2.86,5.6,88.2,3.12
24,M24-038,Civil,29,2,1,3.74,12.2,92.1,3.61
24,M24-039,Civil,25,3,1,4.31,0.5,76.3,3.62
24,M24-040,Industrial,21,2,1,3.28,10.7,79.1,3.19
24,M24-041,Sistemas,25,5,1,2.89,8.5,72.8,2.78
24,M24-042,Sistemas,24,4,1,3.98,8.7,85.3,3.55
24,M24-043,Electrica,31,4,1,3.63,2.3,62.5,2.69
24,M24-044,Civil,26,3,0,3.82,9.5,89.0,3.5
24,M24-045,Sistemas,29,4,1,4.04,3.0,73.1,3.52
24,M24-046,Sistemas,25,4,1,3.82,2.1,80.3,3.0
24,M24-047,Electrica,33,5,1,3.13,0.6,95.6,3.55
24,M24-048,Sistemas,32,3,0,2.81,5.4,95.0,3.75
24,M24-049,Sistemas,24,3,1,3.47,1.8,69.7,2.96
24,M24-050,Sistemas,29,3,1,2.83,2.6,81.8,2.28
24,M24-051,Sistemas,32,5,0,4.21,6.1,73.3,3.61
24,M24-052,Electrica,30,1,0,3.57,20.3,84.0,3.49
24,M24-053,Industrial,34,4,1,3.4,10.5,76.8,3.35
24,M24-054,Sistemas,31,4,1,3.21,13.4,65.3,3.34
24,M24-055,Civil,26,3,1,3.93,2.7,74.2,2.59
24,M24-056,Industrial,31,1,1,3.97,10.6,72.5,3.52
24,M24-057,Sistemas,26,5,1,3.71,2.4,83.6,3.36
24,M24-058,Civil,25,3,1,3.93,7.6,66.2,3.52
24,M24-059,Electrica,26,3,0,2.35,9.2,93.1,2.75
24,M24-060,Sistemas,32,4,1,3.95,4.2,78.9,3.52
24,M24-061,Sistemas,22,6,1,3.48,4.4,66.8,3.36
24,M24-062,Sistemas,25,5,1,3.19,3.5,79.6,3.24
24,M24-063,Industrial,33,5,1,2.92,12.3,82.9,3.08
24,M24-064,Industrial,34,5,0,2.46,6.2,100.0,3.06
24,M24-065,Electrica,22,4,1,3.06,10.0,71.6,3.25
24,M24-066,Sistemas,21,1,1,3.3,8.1,77.5,3.73
24,M24-067,Electrica,28,4,1,3.32,1.6,96.9,3.12
24,M24-068,Civil,28,3,1,3.79,5.6,89.4,3.6
24,M24-069,Industrial,29,5,1,4.6,1.5,52.6,3.56
24,M24-070,Electrica,32,6,1,2.86,5.4,65.6,2.92
24,M24-071,Civil,26,1,0,4.06,6.8,99.4,4.4
24,M24-072,Industrial,23,3,1,3.02,10.1,95.5,3.06
24,M24-073,Sistemas,27,1,1,3.85,2.8,91.3,3.73
24,M24-074,Industrial,27,6,1,3.86,8.4,85.7,3.85
24,M24-075,Sistemas,30,3,0,2.66,12.6,94.5,2.76
24,M24-076,Civil,24,5,0,4.26,4.2,100.0,4.3
24,M24-077,Civil,21,3,1,3.6,7.5,81.3,3.35
24,M24-078,Electrica,22,2,1,3.62,5.0,83.0,2.78
24,M24-079,Electrica,22,5,1,3.33,15.9,70.6,3.25
24,M24-080,Industrial,21,4,1,2.48,15.1,63.6,2.57
24,M24-081,Electrica,35,3,1,3.35,10.8,82.1,3.5
24,M24-082,Sistemas,28,2,1,3.1,6.1,90.8,3.07
24,M24-083,Sistemas,23,6,1,3.96,7.1,86.2,3.22
24,M24-084,Electrica,21,3,0,2.66,6.6,91.2,2.69
24,M24-085,Industrial,24,2,0,3.99,5.8,90.5,3.22
24,M24-086,Electrica,39,4,0,3.56,11.2,86.1,3.24
24,M24-087,Civil,21,5,1,3.98,20.1,91.1,3.59
24,M24-088,Sistemas,33,4,1,3.12,8.4,78.1,3.01
24,M24-089,Electrica,21,2,0,3.05,5.4,84.1,2.91
24,M24-090,Industrial,23,2,1,3.63,9.2,81.9,2.44
24,M24-091,Sistemas,34,3,0,3.06,16.6,80.2,3.35
24,M24-092,Electrica,24,2,1,3.39,10.5,81.8,2.78
24,M24-093,Electrica,36,3,1,2.92,0.5,87.7,3.2
24,M24-094,Electrica,22,4,0,3.91,9.0,87.7,3.79
24,M24-095,Sistemas,26,2,1,4.04,3.4,77.4,3.88
24,M24-096,Electrica,25,3,1,4.02,1.5,79.2,2.53
24,M24-097,Industrial,31,2,1,3.97,10.1,82.9,3.64
24,M24-098,Electrica,33,4,1,3.71,0.5,72.1,3.63
24,M24-099,Industrial,30,3,1,3.73,11.4,73.0,3.0
24,M24-100,Sistemas,28,4,1,3.13,8.8,75.5,2.49
24,M24-101,Industrial,27,1,1,4.22,8.9,91.2,3.84
24,M24-102,Civil,42,2,1,3.49,6.4,95.9,3.99
24,M24-103,Sistemas,30,5,0,4.2,6.6,81.7,4.04
24,M24-104,Sistemas,25,4,1,2.94,8.9,83.2,2.75
24,M24-105,Sistemas,28,2,1,3.67,7.9,75.5,3.62
24,M24-106,Sistemas,21,3,1,2.67,18.9,83.6,3.09
24,M24-107,Sistemas,33,5,0,2.84,7.4,97.6,3.22
24,M24-108,Electrica,21,3,1,3.54,8.3,82.3,3.56
24,M24-109,Sistemas,25,3,0,3.24,12.4,82.5,3.6
24,M24-110,Sistemas,26,4,1,3.35,11.8,80.0,3.68
24,M24-111,Sistemas,27,3,0,3.38,6.8,86.2,3.08
24,M24-112,Industrial,29,2,0,4.19,7.8,84.0,4.07
24,M24-113,Industrial,33,5,1,3.45,7.0,84.1,3.44
24,M24-114,Industrial,29,6,1,2.7,5.1,78.4,2.93
24,M24-115,Electrica,22,4,1,3.69,10.2,80.9,3.68
24,M24-116,Industrial,23,5,1,3.58,4.8,64.3,2.6
24,M24-117,Industrial,26,2,0,3.13,5.8,93.1,3.07
24,M24-118,Civil,30,6,0,3.81,2.5,89.9,3.54
24,M24-119,Civil,28,4,0,3.2,16.6,72.9,3.37
24,M24-120,Sistemas,26,2,1,4.09,24.5,86.9,4.09
24,M24-121,Industrial,26,3,1,4.27,1.6,77.5,3.41
24,M24-122,Industrial,25,3,0,3.71,3.1,87.2,3.89
24,M24-123,Sistemas,29,2,0,3.77,28.2,99.5,4.42
24,M24-124,Sistemas,26,5,0,3.56,10.2,79.1,3.54
24,M24-125,Sistemas,28,2,1,3.21,7.1,79.6,3.41
24,M24-126,Industrial,25,2,1,3.63,4.1,82.8,2.53
24,M24-127,Industrial,33,4,1,3.18,17.7,72.3,3.15
24,M24-128,Sistemas,22,4,1,3.02,16.1,74.1,2.67
24,M24-129,Electrica,27,2,1,3.51,4.0,75.7,3.42
24,M24-130,Electrica,25,2,1,3.19,6.2,76.8,2.93
24,M24-131,Industrial,21,2,1,3.46,6.2,86.0,3.3
24,M24-132,Electrica,33,3,0,4.23,16.0,88.4,3.98
24,M24-133,Civil,36,5,1,3.09,5.1,71.4,3.5
24,M24-134,Sistemas,25,3,1,3.81,6.6,69.6,3.36
24,M24-135,Electrica,30,4,0,3.54,2.4,78.2,3.05
24,M24-136,Sistemas,23,4,1,4.42,7.3,69.0,3.54
24,M24-137,Industrial,23,3,1,3.26,11.0,82.4,2.78
24,M24-138,Sistemas,26,5,1,3.87,7.3,79.6,3.52
24,M24-139,Electrica,35,5,0,3.79,5.1,92.0,3.62
24,M24-140,Sistemas,24,3,1,3.39,8.1,77.2,3.14
24,M24-141,Sistemas,30,1,1,3.6,7.6,86.2,3.58
24,M24-142,Civil,28,2,0,2.88,9.9,75.7,2.91
24,M24-143,Electrica,30,4,0,3.34,8.4,85.8,3.63
24,M24-144,Civil,25,2,1,3.8,1.7,75.7,3.58
24,M24-145,Sistemas,24,3,1,3.55,3.3,66.1,2.62
24,M24-146,Industrial,28,2,0,3.93,6.5,78.7,3.46
24,M24-147,Sistemas,34,3,1,3.37,12.4,83.3,3.57
24,M24-148,Civil,21,5,1,3.89,6.5,87.4,3.16
24,M24-149,Sistemas,36,1,0,2.57,20.0,90.4,3.56
24,M24-150,Industrial,25,3,0,3.6,7.9,84.7,3.56
24,M24-151,Civil,29,4,1,4.36,14.3,71.3,3.58
24,M24-152,Sistemas,28,5,1,3.12,8.7,61.7,2.43
24,M24-153,Sistemas,39,5,0,3.78,5.4,81.1,3.96
24,M24-154,Industrial,21,2,1,3.6,8.1,88.7,3.61
24,M24-155,Civil,21,4,1,3.81,6.8,84.7,4.06
24,M24-156,Sistemas,24,5,0,2.96,7.5,98.9,3.3
24,M24-157,Sistemas,21,3,0,3.13,2.8,82.1,2.69
24,M24-158,Industrial,23,4,1,3.22,4.8,74.2,3.12
24,M24-159,Sistemas,35,5,1,3.55,14.5,91.7,3.36
24,M24-160,Industrial,27,4,0,3.03,16.6,86.1,3.73
24,M24-161,Sistemas,23,2,0,3.46,13.9,88.6,3.51
24,M24-162,Sistemas,23,2,0,3.86,8.4,88.3,3.67
24,M24-163,Industrial,22,3,1,3.25,1.8,90.4,3.37
24,M24-164,Electrica,26,3,0,3.43,10.5,99.9,3.31
24,M24-165,Sistemas,27,4,1,3.69,10.6,73.4,3.97
24,M24-166,Sistemas,22,3,0,4.29,5.8,78.1,3.4
24,M24-167,Electrica,25,3,1,2.91,5.4,81.1,2.89
24,M24-168,Sistemas,27,5,1,3.68,7.8,97.2,3.24
24,M24-169,Sistemas,28,6,1,3.8,10.2,89.2,3.16
24,M24-170,Electrica,28,5,1,3.97,3.5,81.5,3.34
24,M24-171,Sistemas,21,4,0,4.11,3.1,90.4,4.65
24,M24-172,Sistemas,24,1,1,4.21,6.0,90.8,3.77
24,M24-173,Sistemas,24,2,0,2.95,9.3,79.8,3.59
24,M24-174,Industrial,30,5,1,3.74,6.7,74.1,3.0
24,M24-175,Civil,28,2,1,3.97,11.7,75.8,3.15
24,M24-176,Sistemas,21,1,1,3.53,10.1,80.7,3.73
24,M24-177,Industrial,27,2,1,4.02,14.7,74.3,3.56
24,M24-178,Sistemas,33,2,0,2.96,15.7,85.7,3.52
24,M24-179,Sistemas,30,3,0,3.24,6.8,89.2,3.46
24,M24-180,Electrica,30,2,1,2.89,2.4,75.5,3.39
24,M24-181,Sistemas,38,3,1,3.88,1.8,80.2,3.82
24,M24-182,Industrial,32,3,0,3.75,6.2,88.9,4.16
24,M24-183,Industrial,28,3,0,3.05,14.3,79.4,3.39
24,M24-184,Sistemas,24,3,0,3.16,6.8,71.1,2.94
24,M24-185,Industrial,27,2,1,3.22,4.4,70.0,2.54
24,M24-186,Industrial,21,2,1,4.29,10.0,84.1,4.17
24,M24-187,Electrica,33,3,0,3.04,5.1,81.6,3.01
24,M24-188,Electrica,30,4,1,3.68,4.0,77.7,3.2
24,M24-189,Sistemas,27,2,1,3.41,6.0,80.7,2.84
24,M24-190,Sistemas,25,2,1,3.69,3.9,66.2,3.01
24,M24-191,Industrial,28,3,1,3.12,7.9,58.7,3.02
24,M24-192,Industrial,23,5,1,2.36,8.6,81.1,3.43
24,M24-193,Civil,21,2,1,3.2,4.5,68.2,2.8
24,M24-194,Electrica,22,1,1,3.28,3.6,73.8,3.09
24,M24-195,Sistemas,28,2,1,3.23,4.7,59.8,3.4
24,M24-196,Sistemas,28,1,1,2.99,20.5,88.5,3.51
24,M24-197,Civil,30,4,0,3.8,8.4,80.3,3.71
24,M24-198,Sistemas,24,2,1,2.76,2.7,64.8,2.61
24,M24-199,Civil,22,4,1,3.7,8.8,51.2,2.75
24,M24-200,Sistemas,28,2,1,4.08,9.8,67.0,3.58
24,M24-201,Electrica,21,1,1,3.78,0.7,77.9,4.1
24,M24-202,Electrica,28,4,0,3.55,13.8,73.5,3.88
24,M24-203,Electrica,25,3,1,3.29,6.8,93.2,3.32
24,M24-204,Industrial,32,4,1,3.54,10.1,82.6,3.7
24,M24-205,Industrial,21,2,1,3.13,7.7,78.7,2.95
24,M24-206,Civil,21,1,0,4.28,5.9,92.8,4.09
24,M24-207,Civil,29,4,0,3.51,23.9,81.2,4.21
24,M24-208,Sistemas,25,2,1,2.48,5.9,76.1,2.4
24,M24-209,Sistemas,28,2,1,3.34,1.6,87.7,3.07
24,M24-210,Sistemas,22,4,1,3.59,15.6,83.1,4.21
24,M24-211,Industrial,25,3,0,4.4,13.3,89.0,4.54
24,M24-212,Sistemas,27,3,1,2.69,5.2,79.2,1.91
24,M24-213,Civil,22,4,0,4.26,18.9,84.3,3.51
24,M24-214,Electrica,30,3,1,3.68,4.4,88.9,3.31
24,M24-215,Electrica,25,5,0,2.85,12.5,82.6,3.18
24,M24-216,Sistemas,36,1,1,3.71,9.9,83.1,2.7
24,M24-217,Electrica,27,1,1,4.25,4.8,79.5,3.74
24,M24-218,Industrial,29,3,1,3.65,16.9,85.6,3.25
24,M24-219,Civil,29,3,1,4.0,6.4,97.9,3.85
24,M24-220,Sistemas,26,1,1,3.49,2.3,75.3,3.21
24,M24-221,Sistemas,30,3,1,3.43,3.2,79.4,3.22
24,M24-222,Industrial,34,4,0,2.86,10.7,82.4,2.92
24,M24-223,Civil,29,3,1,3.46,6.3,68.7,3.57
24,M24-224,Civil,29,2,1,3.7,3.5,93.1,3.72
24,M24-225,Sistemas,28,5,1,4.05,5.6,92.6,3.12
24,M24-226,Electrica,32,5,1,4.06,5.6,81.0,3.9
24,M24-227,Electrica,26,2,0,3.23,5.0,98.4,3.87
24,M24-228,Civil,27,3,0,3.77,12.0,88.0,4.26
24,M24-229,Sistemas,22,2,1,2.61,4.2,85.0,2.13
24,M24-230,Industrial,29,6,1,3.39,4.4,77.8,2.54
24,M24-231,Sistemas,24,3,1,2.66,12.0,74.6,2.62
24,M24-232,Industrial,30,2,0,3.5,0.8,87.9,3.89
24,M24-233,Sistemas,26,5,1,3.14,0.9,76.2,2.51
24,M24-234,Industrial,32,5,0,3.45,8.6,83.8,3.71
24,M24-235,Sistemas,25,1,1,4.24,1.0,100.0,4.07
24,M24-236,Sistemas,33,5,1,2.84,11.4,81.6,2.98
24,M24-237,Industrial,25,3,1,2.58,2.5,72.5,2.7
24,M24-238,Industrial,31,3,1,3.39,6.1,72.0,3.2
24,M24-239,Sistemas,26,2,1,4.2,9.9,78.8,3.59
24,M24-240,Electrica,26,4,1,3.79,7.7,88.1,3.67
24,M24-241,Civil,29,4,0,3.45,5.2,72.4,3.96
24,M24-242,Electrica,30,6,1,3.69,11.3,80.7,3.91
24,M24-243,Sistemas,32,3,1,3.94,1.8,80.2,3.39
24,M24-244,Sistemas,24,4,1,3.36,2.5,77.7,2.48
24,M24-245,Electrica,30,4,0,2.78,13.7,78.9,3.54
24,M24-246,Sistemas,29,3,1,3.9,16.5,100.0,3.78
24,M24-247,Industrial,24,4,0,3.72,4.6,87.8,3.86
24,M24-248,Sistemas,21,3,0,3.58,7.9,79.5,3.83
24,M24-249,Electrica,29,1,1,4.74,1.9,80.9,3.51
24,M24-250,Electrica,25,3,1,4.19,7.8,98.0,4.15
24,M24-251,Sistemas,25,2,1,3.22,3.1,64.4,3.07
24,M24-252,Sistemas,22,5,0,3.87,11.0,85.1,4.59
24,M24-253,Sistemas,32,6,1,3.44,1.4,82.0,2.45
24,M24-254,Civil,31,2,0,3.41,6.5,89.6,3.4
24,M24-255,Electrica,33,3,0,3.02,9.3,91.5,3.12
24,M24-256,Electrica,33,5,1,2.7,0.7,82.8,2.99
24,M24-257,Electrica,31,3,1,2.98,11.9,89.3,3.21
24,M24-258,Electrica,23,3,1,3.74,0.5,74.7,3.26
24,M24-259,Industrial,34,3,0,4.31,7.5,90.9,3.88
24,M24-260,Industrial,28,2,0,3.45,5.6,76.9,2.91
24,M24-261,Sistemas,25,3,0,3.19,4.8,88.0,3.33
24,M24-262,Electrica,29,2,0,4.02,7.8,64.6,3.27
24,M24-263,Sistemas,23,3,0,4.19,17.6,86.0,3.48
24,M24-264,Sistemas,28,2,1,3.53,0.7,69.5,3.24
24,M24-265,Industrial,25,4,0,3.64,4.0,75.1,2.93
24,M24-266,Civil,27,3,0,3.19,23.0,100.0,3.39
24,M24-267,Industrial,25,1,0,3.78,14.8,79.2,3.41
24,M24-268,Civil,25,1,1,3.69,3.3,86.2,3.53
24,M24-269,Industrial,26,4,1,2.95,19.3,75.3,3.46
24,M24-270,Sistemas,21,4,1,4.23,5.7,80.0,3.26
24,M24-271,Sistemas,28,1,1,4.54,4.5,90.9,3.84
24,M24-272,Sistemas,26,3,0,3.71,8.1,79.3,3.75
24,M24-273,Sistemas,26,3,1,3.46,11.6,79.7,2.86
24,M24-274,Sistemas,30,2,0,3.41,14.4,83.9,3.79
24,M24-275,Industrial,26,4,0,3.5,7.9,100.0,3.74
24,M24-276,Electrica,28,4,0,3.93,11.6,83.1,4.31
24,M24-277,Sistemas,34,4,0,3.89,14.3,92.1,4.01
24,M24-278,Industrial,26,3,0,3.15,5.1,88.7,2.64
24,M24-279,Electrica,33,3,1,2.38,10.2,79.8,2.37
24,M24-280,Electrica,27,3,0,3.48,16.4,89.3,3.79
24,M24-281,Civil,21,4,1,3.44,9.6,80.1,3.05
24,M24-282,Electrica,33,5,0,3.71,9.6,75.2,3.44
24,M24-283,Electrica,26,2,1,3.64,6.1,85.0,3.23
24,M24-284,Industrial,26,4,0,4.19,10.9,85.6,3.76
24,M24-285,Sistemas,32,3,1,3.43,2.8,79.8,3.32
24,M24-286,Electrica,30,6,1,3.97,3.7,91.9,3.32
24,M24-287,Industrial,24,2,0,3.18,7.0,82.6,3.29
24,M24-288,Sistemas,26,5,0,3.66,9.4,93.8,4.0
24,M24-289,Sistemas,26,2,1,4.9,1.2,80.5,3.77
24,M24-290,Sistemas,24,4,1,3.35,15.4,84.8,3.89
24,M24-291,Sistemas,22,3,0,2.97,9.7,68.4,3.16
24,M24-292,Industrial,27,4,1,3.02,11.8,83.0,2.84
24,M24-293,Industrial,21,2,0,3.05,7.6,89.1,2.87
24,M24-294,Electrica,28,2,0,3.0,11.3,88.8,3.4
24,M24-295,Industrial,22,4,1,3.13,0.5,95.3,2.84
24,M24-296,Sistemas,24,3,1,3.54,0.5,86.5,3.19
24,M24-297,Sistemas,23,6,0,4.12,24.6,92.9,4.11
24,M24-298,Sistemas,29,2,1,3.12,4.8,77.4,2.76
24,M24-299,Sistemas,29,4,1,3.04,2.3,71.2,2.69
24,M24-300,Electrica,25,3,1,3.66,8.8,85.8,3.52
